ID,URL,NomFichier
0,https://www.vinatis.com/95769-fine_default/le-bal-des-papillons-2024-horgelus.png,00000.png
1,https://www.vinatis.com/80831-fine_default/lupo-meraviglia-tre-di-tre-2022-botter.png,00001.png
2,https://www.vinatis.com/94492-fine_default/colombard-sauvignon-2024-horgelus.png,00002.png
3,https://www.vinatis.com/98180-fine_default/n3-colombard-sauvignon-blanc-2024-uby.png,00003.png
4,https://www.vinatis.com/95662-fine_default/rose-2024-horgelus.png,00004.png
5,https://www.vinatis.com/96975-fine_default/dune-gris-2024.png,00005.png
6,https://www.vinatis.com/97174-fine_default/bandol-les-adrets-rose-2024-moulin-de-la-roque.png,00006.png
7,https://www.vinatis.com/95886-fine_default/les-darons-2023-jeff-carrel.png,00007.png
8,https://www.vinatis.com/97676-fine_default/les-pieds-dans-l-eau-2024-alma-cersius.png,00008.png
9,https://www.vinatis.com/95991-fine_default/miraflors-2024-domaine-lafage.png,00009.png
10,https://www.vinatis.com/95865-fine_default/sainte-croix-rose-2024.png,00010.png
11,https://www.vinatis.com/98466-fine_default/studio-by-miraval-2024.png,00011.png
12,https://www.vinatis.com/99347-fine_default/appassimento-wrap-around-2024-wrap-around.png,00012.png
13,https://www.vinatis.com/93686-fine_default/morillon-blanc-2023-jeff-carrel.png,00013.png
14,https://www.vinatis.com/95797-fine_default/gris-blanc-2024-gerard-bertrand.png,00014.png
15,https://www.vinatis.com/96412-fine_default/gourmandise-2024-les-maitres-vignerons-de-la-presqu-ile-de-saint-tropez.png,00015.png
16,https://www.vinatis.com/97593-fine_default/moment-de-plaisir-2024-jm-aujoux.png,00016.png
17,https://www.vinatis.com/91469-fine_default/passo-del-sud-negroamaro-primitivo-2023-tagaro.png,00017.png
18,https://www.vinatis.com/95198-fine_default/diables-co-rose-2024-mip-diffusion.png,00018.png
19,https://www.vinatis.com/97657-fine_default/l-ete-gascon-rose-2024-domaine-pellehaut.png,00019.png
20,https://www.vinatis.com/74609-fine_default/igp-vaucluse-rouge-xavier-vignon.png,00020.png
21,https://www.vinatis.com/94493-fine_default/gros-manseng-sauvignon-2024-horgelus.png,00021.png
22,https://www.vinatis.com/98225-fine_default/sunrose-pays-d-oc-2024.png,00022.png
23,https://www.vinatis.com/81253-fine_default/cotes-du-rhone-2020-xavier-vignon.png,00023.png
24,https://www.vinatis.com/101273-fine_default/chateau-moulin-bellegrave-2022.png,00024.png
25,https://www.vinatis.com/97432-fine_default/minuty-prestige-rose-2024.png,00025.png
26,https://www.vinatis.com/95031-fine_default/rose-2024-domaine-la-rose-des-vents.png,00026.png
27,https://www.vinatis.com/95204-fine_default/mip-classic-2024-domaine-des-diables.png,00027.png
28,https://www.vinatis.com/51238-fine_default/prosecco-doc-il-vino-dei-poeti-bottega.png,00028.png
29,https://www.vinatis.com/70275-fine_default/chateau-pierron-2019.png,00029.png
30,https://www.vinatis.com/98409-fine_default/brouilly-les-clochers-2023-vignerons-de-bel-air.png,00030.png
31,https://www.vinatis.com/97175-fine_default/chardonnay-2023-grande-reserve-maison-castel.png,00031.png
32,https://www.vinatis.com/90472-fine_default/bad-angel-cabernet-sauvignon-2023-vignobles-vellas.png,00032.png
33,https://www.vinatis.com/97683-fine_default/peyrassol-mediterranee-2024.png,00033.png
34,https://www.vinatis.com/96810-fine_default/n2-chardonnay-chenin-blanc-2024-uby.png,00034.png
35,https://www.vinatis.com/85563-fine_default/chardonnay-viognier-2023-auzias.png,00035.png
36,https://www.vinatis.com/97692-fine_default/le-pigeonnier-blanc-2024-cave-de-pazac.png,00036.png
37,https://www.vinatis.com/97658-fine_default/l-ete-gascon-blanc-2024-domaine-pellehaut.png,00037.png
38,https://www.vinatis.com/90963-fine_default/narassa-2022-domaine-lafage.png,00038.png
39,https://www.vinatis.com/85993-fine_default/petit-chablis-2023-closerie-des-alisiers.png,00039.png
40,https://www.vinatis.com/96662-fine_default/n6-rose-2024-uby.png,00040.png
41,https://www.vinatis.com/97003-fine_default/ylirum-2023-vega-demara.png,00041.png
42,https://www.vinatis.com/100766-fine_default/crozes-hermitage-nobles-rives-2022-cave-de-tain.png,00042.png
43,https://www.vinatis.com/92120-fine_default/chateau-beaumont-les-pierrieres-2022.png,00043.png
44,https://www.vinatis.com/95566-fine_default/coteaux-bourguignons-la-grande-cadole-2023-vignerons-de-bel-air.png,00044.png
45,https://www.vinatis.com/96809-fine_default/n1-sauvignon-blanc-2024-uby.png,00045.png
46,https://www.vinatis.com/96090-fine_default/reserve-blanc-2024-chateau-lamothe-vincent.png,00046.png
47,https://www.vinatis.com/80723-fine_default/triplico-multiplo-2022-botter.png,00047.png
48,https://www.vinatis.com/89444-fine_default/macon-villages-2023-domaine-des-coteaux-val-lamartinien-closerie-des-alisiers.png,00048.png
49,https://www.vinatis.com/90358-fine_default/pinataro-primitivo-2023-tagaro.png,00049.png
50,https://www.vinatis.com/96937-fine_default/chateau-de-saint-pey-2020.png,00050.png
51,https://www.vinatis.com/98223-fine_default/sunrose-ile-de-beaute-2024.png,00051.png
52,https://www.vinatis.com/95000-fine_default/chateau-sainte-croix-rose-charmeur-2024.png,00052.png
53,https://www.vinatis.com/95284-fine_default/mancinello-nero-di-troia-2022-tagaro.png,00053.png
54,https://www.vinatis.com/90069-fine_default/ventoux-bio-le-vieux-clocher-2023-maison-arnoux-fils.png,00054.png
55,https://www.vinatis.com/97435-fine_default/m-de-minuty-rose-2024.png,00055.png
56,https://www.vinatis.com/87995-fine_default/viognier-2023-grande-reserve-maison-castel.png,00056.png
57,https://www.vinatis.com/90629-fine_default/petit-pont-rouge-reserve-2023-domaines-robert-vic.png,00057.png
58,https://www.vinatis.com/90631-fine_default/grand-marrenon-2022-marrenon.png,00058.png
59,https://www.vinatis.com/97652-fine_default/harmonie-de-gascogne-rose-2024-domaine-pellehaut.png,00059.png
60,https://www.vinatis.com/67606-fine_default/igp-vaucluse-vieux-clocher-2020-maison-arnoux-fils.png,00060.png
61,https://www.vinatis.com/94694-fine_default/comte-desclos-2023.png,00061.png
62,https://www.vinatis.com/92948-fine_default/ventoux-2022-xavier-vignon.png,00062.png
63,https://www.vinatis.com/88957-fine_default/la-pompadour-2022-cave-de-castelmaure.png,00063.png
64,https://www.vinatis.com/88312-fine_default/rioja-reserva-licenciado-2019-bodegas-burgo-viejo.png,00064.png
65,https://www.vinatis.com/94247-fine_default/accord-parfait-pic-saint-loup-2023.png,00065.png
66,https://www.vinatis.com/93827-fine_default/ultime-recolte-2023-jeff-carrel.png,00066.png
67,https://www.vinatis.com/91546-fine_default/phi-ling-2022-horgelus.png,00067.png
68,https://www.vinatis.com/89356-fine_default/reserve-rouge-2022-chateau-lamothe-vincent.png,00068.png
69,https://www.vinatis.com/42213-fine_default/domaine-casanova-gris-rose.png,00069.png
70,https://www.vinatis.com/94327-fine_default/confidence-rouge-2023-domaine-fond-croze.png,00070.png
71,https://www.vinatis.com/85997-fine_default/chablis-vieilles-vignes-2023-closerie-des-alisiers.png,00071.png
72,https://www.vinatis.com/87583-fine_default/montagne-noire-2022-auzias.png,00072.png
73,https://www.vinatis.com/89078-fine_default/montepulciano-d-abruzzo-riserva-terre-della-brunda-2020-botter.png,00073.png
74,https://www.vinatis.com/93836-fine_default/villa-des-anges-gsm-2022-grenache-syrah-mourvedre-jeff-carrel.png,00074.png
75,https://www.vinatis.com/88908-fine_default/le-cirque-2022-terres-plurielles.png,00075.png
76,https://www.vinatis.com/32061-fine_default/arcane-xv-le-diable-2015-xavier-vignon.png,00076.png
77,https://www.vinatis.com/76067-fine_default/minervois-vieilles-vignes-2021-chateau-de-beaufort.png,00077.png
78,https://www.vinatis.com/97942-fine_default/rose-bonbon-2024-domaine-des-diables.png,00078.png
79,https://www.vinatis.com/70398-fine_default/moscato-spumante-dolce-petalo-il-vino-dell-amore-bottega.png,00079.png
80,https://www.vinatis.com/97298-fine_default/greg-juju-2024-domaines-robert-vic-preignes-le-vieux.png,00080.png
81,https://www.vinatis.com/98254-fine_default/viognier-la-combe-pilate-2023-m-chapoutier.png,00081.png
82,https://www.vinatis.com/93830-fine_default/vieille-mule-rouge-2023-jeff-carrel.png,00082.png
83,https://www.vinatis.com/94216-fine_default/cotes-du-rhone-richette-2020-patrick-lesec.png,00083.png
84,https://www.vinatis.com/90429-fine_default/l-appel-des-sereines-2022-francois-villard.png,00084.png
85,https://www.vinatis.com/96186-fine_default/c-est-trop-2024-les-maitres-vignerons-de-la-presqu-ile-de-saint-tropez.png,00085.png
86,https://www.vinatis.com/96553-fine_default/syrah-2023-grande-reserve-maison-castel.png,00086.png
87,https://www.vinatis.com/99862-fine_default/m-de-minuty-rose-2024-edition-limitee-elliott-routledge.png,00087.png
88,https://www.vinatis.com/84289-fine_default/savigny-les-beaune-2017-maison-patriarche.png,00088.png
89,https://www.vinatis.com/99265-fine_default/plaisir-rose-2024-maitres-vignerons-de-vidauban.png,00089.png
90,https://www.vinatis.com/91030-fine_default/orelie-rouge-2023-vignerons-ardechois.png,00090.png
91,https://www.vinatis.com/94806-fine_default/bourgogne-chardonnay-2023-carillon-des-moines.png,00091.png
92,https://www.vinatis.com/96088-fine_default/le-sens-du-vent-rose-2024-flores.png,00092.png
93,https://www.vinatis.com/96743-fine_default/terra-nostra-rose-2024.png,00093.png
94,https://www.vinatis.com/95499-fine_default/rouge-2023-domaine-de-bila-haut.png,00094.png
95,https://www.vinatis.com/91446-fine_default/maranges-1er-cru-clos-des-loyeres-2023-chateau-de-la-charriere-yves-girardin.png,00095.png
96,https://www.vinatis.com/96811-fine_default/n7-rouge-merlot-tannat-2024-uby.png,00096.png
97,https://www.vinatis.com/92682-fine_default/le-pigeonnier-2023-cave-de-pazac.png,00097.png
98,https://www.vinatis.com/86302-fine_default/macon-la-roche-vineuse-2022-chateau-de-la-greffiere.png,00098.png
99,https://www.vinatis.com/37643-fine_default/arcane-xix-le-soleil-2015-xavier-vignon.png,00099.png
100,https://www.vinatis.com/93118-fine_default/mas-de-jon-pic-saint-loup-2023.png,00100.png
101,https://www.vinatis.com/41387-fine_default/arcane-vi-les-amoureux-2016-xavier-vignon.png,00101.png
102,https://www.vinatis.com/98256-fine_default/viognier-domaine-des-granges-de-mirabel-2022-m-chapoutier.png,00102.png
103,https://www.vinatis.com/90200-fine_default/muscadet-sevre-et-maine-2022-clos-des-orfeuilles.png,00103.png
104,https://www.vinatis.com/93977-fine_default/mourvedre-2022-les-jamelles.png,00104.png
105,https://www.vinatis.com/91173-fine_default/cuvee-clemence-2023-cheval-quancard.png,00105.png
106,https://www.vinatis.com/97296-fine_default/watusi-2024-puech-haut.png,00106.png
107,https://www.vinatis.com/98316-fine_default/cheverny-blanc-2024-domaine-maison.png,00107.png
108,https://www.vinatis.com/96798-fine_default/n26-uby-bio-rose-2024-uby.png,00108.png
109,https://www.vinatis.com/92711-fine_default/pic-saint-loup-coste-d-aleyrac-2023-chateau-de-lancyre.png,00109.png
110,https://www.vinatis.com/97165-fine_default/petit-pont-blanc-reserve-2024-domaines-robert-vic-preignes-le-vieux.png,00110.png
111,https://www.vinatis.com/96176-fine_default/la-remontada-2022-jeff-carrel.png,00111.png
112,https://www.vinatis.com/98118-fine_default/miral-grillo-sicilia-2024-cantine-fina.png,00112.png
113,https://www.vinatis.com/82195-fine_default/le-perreon-2022-domaine-de-la-madone.png,00113.png
114,https://www.vinatis.com/97376-fine_default/centenaire-2024-domaine-lafage.png,00114.png
115,https://www.vinatis.com/96938-fine_default/la-vieille-ferme-rose-2024.png,00115.png
116,https://www.vinatis.com/93870-fine_default/touraine-sauvignon-blanc-2023-chateau-de-vallagon.png,00116.png
117,https://www.vinatis.com/86979-fine_default/cheval-noir-2022.png,00117.png
118,https://www.vinatis.com/75991-fine_default/balades-2022-romain-duvernay.png,00118.png
119,https://www.vinatis.com/99280-fine_default/grenache-syrah-2024-marius-by-m-chapoutier.png,00119.png
120,https://www.vinatis.com/87082-fine_default/pinot-noir-2023-sophie-schaal.png,00120.png
121,https://www.vinatis.com/95210-fine_default/made-in-provence-collection-rose-2024-domaine-des-diables.png,00121.png
122,https://www.vinatis.com/87906-fine_default/sancerre-blanc-2023-pascal-balland.png,00122.png
123,https://www.vinatis.com/78806-fine_default/constance-2019-thunevin-calvet.png,00123.png
124,https://www.vinatis.com/90052-fine_default/chateau-chauvelet-2018.png,00124.png
125,https://www.vinatis.com/99788-fine_default/cotes-du-rhone-2024-yannick-alleno-m-chapoutier.png,00125.png
126,https://www.vinatis.com/92287-fine_default/chateau-vieux-planty-2020.png,00126.png
127,https://www.vinatis.com/98230-fine_default/symphonie-rose-2024-chateau-sainte-marguerite.png,00127.png
128,https://www.vinatis.com/64300-fine_default/agneau-selection-bordeaux-rouge-2020-baron-philippe-de-rothschild.png,00128.png
129,https://www.vinatis.com/98410-fine_default/julienas-les-clochers-2023-vignerons-de-bel-air.png,00129.png
130,https://www.vinatis.com/93834-fine_default/villa-des-anges-chardonnay-2023-jeff-carrel.png,00130.png
131,https://www.vinatis.com/99557-fine_default/n4-gros-et-petit-manseng-doux-2024-uby.png,00131.png
132,https://www.vinatis.com/98494-fine_default/vouvray-sec-confidences-2024-famille-bougrier.png,00132.png
133,https://www.vinatis.com/77161-fine_default/cremant-de-bourgogne-brut-blanc-cuvee-signature-veuve-ambal.png,00133.png
134,https://www.vinatis.com/80666-fine_default/cote-de-brouilly-les-clochers-2022-vignerons-de-bel-air.png,00134.png
135,https://www.vinatis.com/91031-fine_default/gatefer-2021-domaine-de-la-clapiere.png,00135.png
136,https://www.vinatis.com/96467-fine_default/alpilles-rose-2024-domaine-de-valdition.png,00136.png
137,https://www.vinatis.com/97597-fine_default/ambiance-rose-10-2024-maison-chape.png,00137.png
138,https://www.vinatis.com/98232-fine_default/accord-parfait-la-clape-2023.png,00138.png
139,https://www.vinatis.com/95932-fine_default/bourgogne-hautes-cotes-de-beaune-la-couleuvraire-2022-parcelles-cie-nuiton-beaunoy.png,00139.png
140,https://www.vinatis.com/82146-fine_default/bouteille-a-la-mer-2020-xavier-vignon.png,00140.png
141,https://www.vinatis.com/97030-fine_default/pierres-de-moulin-2024-domaine-de-la-fouquette.png,00141.png
142,https://www.vinatis.com/97684-fine_default/lou-rose-by-peyrassol-2024.png,00142.png
143,https://www.vinatis.com/94605-fine_default/moscato-d-asti-2024-le-filere-vallebelbo.png,00143.png
144,https://www.vinatis.com/96550-fine_default/rose-d-ete-2024-auzias.png,00144.png
145,https://www.vinatis.com/96787-fine_default/seicaselle-negroamaro-2023-tagaro.png,00145.png
146,https://www.vinatis.com/97295-fine_default/jalade-rose-2024-domaine-de-la-clapiere.png,00146.png
147,https://www.vinatis.com/90196-fine_default/saumur-champigny-senonien-2023-la-seigneurie.png,00147.png
148,https://www.vinatis.com/98226-fine_default/sunrose-mediterranee-2024.png,00148.png
149,https://www.vinatis.com/54818-fine_default/cremant-de-bourgogne-rose-perle-d-aurore-louis-bouillot.png,00149.png
150,https://www.vinatis.com/95953-fine_default/diables-co-blanc-2024-mip-diffusion.png,00150.png
151,https://www.vinatis.com/97450-fine_default/whispering-angel-2024-caves-d-esclans.png,00151.png
152,https://www.vinatis.com/98077-fine_default/charmes-rose-2024-chateau-les-mesclances.png,00152.png
153,https://www.vinatis.com/78694-fine_default/chateau-d-arcins-2019-cru-bourgeois.png,00153.png
154,https://www.vinatis.com/81259-fine_default/cotes-du-rhone-vieilles-vignes-bio-2020-xavier-vignon.png,00154.png
155,https://www.vinatis.com/88441-fine_default/bourgueil-n1-2023-domaine-alexis-boucard.png,00155.png
156,https://www.vinatis.com/98445-fine_default/rose-argali-2024-puech-haut.png,00156.png
157,https://www.vinatis.com/91007-fine_default/pouilly-fume-2023-domaine-des-fines-caillottes-jean-pabiot-fils.png,00157.png
158,https://www.vinatis.com/92844-fine_default/morgon-les-clochers-2023-vignerons-de-bel-air.png,00158.png
159,https://www.vinatis.com/99638-fine_default/l-escampe-rose-artesans.png,00159.png
160,https://www.vinatis.com/87080-fine_default/riesling-2023-sophie-schaal.png,00160.png
161,https://www.vinatis.com/89948-fine_default/haut-marin-n7-venus-2023.png,00161.png
162,https://www.vinatis.com/92286-fine_default/chateau-tertre-du-boilon-2020.png,00162.png
163,https://www.vinatis.com/94012-fine_default/cotes-du-rhone-2023-domaine-de-la-janasse.png,00163.png
164,https://www.vinatis.com/95503-fine_default/anonyme-2020-xavier-vignon.png,00164.png
165,https://www.vinatis.com/97425-fine_default/le-sens-du-vent-blanc-2024-flores.png,00165.png
166,https://www.vinatis.com/99038-fine_default/cuvee-rouge-2022-chateau-salitis.png,00166.png
167,https://www.vinatis.com/91454-fine_default/prosecco-doc-extra-dry-i-fossili-2023-cantina-colli-euganei.png,00167.png
168,https://www.vinatis.com/86460-fine_default/pouilly-fume-2023-chateau-favray.png,00168.png
169,https://www.vinatis.com/101205-fine_default/bourgogne-chardonnay-cote-d-or-2017-louis-latour.png,00169.png
170,https://www.vinatis.com/97291-fine_default/le-bijou-2024-bijou-wine.png,00170.png
171,https://www.vinatis.com/96268-fine_default/roubertas-2024-maitres-vignerons-de-vidauban.png,00171.png
172,https://www.vinatis.com/98203-fine_default/soplo-2023-rafael-cambra.png,00172.png
173,https://www.vinatis.com/71115-fine_default/chateau-haut-rocher-2019.png,00173.png
174,https://www.vinatis.com/96635-fine_default/miraval-2024.png,00174.png
175,https://www.vinatis.com/85750-fine_default/mademoiselle-2022-chateau-auzias.png,00175.png
176,https://www.vinatis.com/98025-fine_default/rioja-blanco-organic-2024-burgo-viejo.png,00176.png
177,https://www.vinatis.com/98627-fine_default/sauvignon-blanc-private-bin-2024-villa-maria.png,00177.png
178,https://www.vinatis.com/99302-fine_default/belleruche-rouge-2024-m-chapoutier.png,00178.png
179,https://www.vinatis.com/94344-fine_default/chateau-larroze-2022.png,00179.png
180,https://www.vinatis.com/95705-fine_default/cuvee-domaine-blanc-2024-domaine-de-fondreche.png,00180.png
181,https://www.vinatis.com/92056-fine_default/cutio-blanco-2022-j-navascues-enologia.png,00181.png
182,https://www.vinatis.com/100115-fine_default/bourgogne-cote-chalonnaise-chardonnay-la-buxynoise-2023-vignerons-de-buxy.png,00182.png
183,https://www.vinatis.com/96646-fine_default/talma-verdejo-2024-bodegas-bastida.png,00183.png
184,https://www.vinatis.com/74029-fine_default/la-terre-du-milieu-2020-sans-sulfites-ajoutes-chateau-graulet.png,00184.png
185,https://www.vinatis.com/97682-fine_default/agneau-selection-bordeaux-rose-2024-baron-philippe-de-rothschild.png,00185.png
186,https://www.vinatis.com/96742-fine_default/terrazza-d-isula-2024.png,00186.png
187,https://www.vinatis.com/99262-fine_default/sunrose-sable-de-camargue-2024.png,00187.png
188,https://www.vinatis.com/81707-fine_default/chateau-martignac-2020.png,00188.png
189,https://www.vinatis.com/93813-fine_default/a-vue-de-nez-2023-jeff-carrel.png,00189.png
190,https://www.vinatis.com/76429-fine_default/chateau-fleur-haut-gaussens-2019.png,00190.png
191,https://www.vinatis.com/98439-fine_default/la-dame-2022-terre-des-dames.png,00191.png
192,https://www.vinatis.com/85738-fine_default/quincy-2023-domaine-jm-sorbe.png,00192.png
193,https://www.vinatis.com/85847-fine_default/prestige-arabesque-2021-romain-duvernay.png,00193.png
194,https://www.vinatis.com/90253-fine_default/montfollet-le-valentin-blanc-2023.png,00194.png
195,https://www.vinatis.com/92079-fine_default/coteaux-du-layon-2023-dumnacus-vignerons.png,00195.png
196,https://www.vinatis.com/94281-fine_default/cotes-du-rhone-2023-domaine-de-la-guintrandy.png,00196.png
197,https://www.vinatis.com/86227-fine_default/rasteau-prestige-talisman-2020-romain-duvernay.png,00197.png
198,https://www.vinatis.com/95150-fine_default/sheep-sauvignon-blanc-2023-tussock-jumper.png,00198.png
199,https://www.vinatis.com/98257-fine_default/adunatio-2023-m-chapoutier.png,00199.png
200,https://www.vinatis.com/97844-fine_default/domaine-rouge-2023-domaine-de-fondreche.png,00200.png
201,https://www.vinatis.com/97881-fine_default/syrah-rose-2024-domaine-de-miselle.png,00201.png
202,https://www.vinatis.com/65866-fine_default/prosecco-doc-extra-dry-bio-savian.png,00202.png
203,https://www.vinatis.com/93159-fine_default/prosecco-doc-rose-millesimato-extra-dry-bio-2023-savian.png,00203.png
204,https://www.vinatis.com/94155-fine_default/terra-nostra-rouge-2022.png,00204.png
205,https://www.vinatis.com/97159-fine_default/falerio-2024-saladini-pilastri.png,00205.png
206,https://www.vinatis.com/96421-fine_default/9-degres-2024-maitres-vignerons-de-la-presqu-ile-de-saint-tropez.png,00206.png
207,https://www.vinatis.com/80665-fine_default/chenas-les-clochers-2022-vignerons-de-bel-air.png,00207.png
208,https://www.vinatis.com/93141-fine_default/moulin-a-vent-2022-domaine-du-mont-verrier.png,00208.png
209,https://www.vinatis.com/99322-fine_default/classic-2024-domaine-tariquet.png,00209.png
210,https://www.vinatis.com/85397-fine_default/mise-de-la-baronnie-saint-emilion-2020-baron-philippe-de-rothschild.png,00210.png
211,https://www.vinatis.com/89908-fine_default/viognier-sans-sulfites-ajoutes-2023-cuvee-secrete-domaines-paul-mas.png,00211.png
212,https://www.vinatis.com/94505-fine_default/finca-meixeman-2022-guimaro.png,00212.png
213,https://www.vinatis.com/96333-fine_default/primitivo-2024-caleo.png,00213.png
214,https://www.vinatis.com/91207-fine_default/orca-2022-marrenon.png,00214.png
215,https://www.vinatis.com/94204-fine_default/vieille-mule-blanc-2023-jeff-carrel.png,00215.png
216,https://www.vinatis.com/96547-fine_default/chardonnay-2024-domaine-gayda.png,00216.png
217,https://www.vinatis.com/97851-fine_default/mannara-pinot-grigio-rosato-2024-botter.png,00217.png
218,https://www.vinatis.com/90146-fine_default/saint-amour-2022-chateau-de-la-greffiere.png,00218.png
219,https://www.vinatis.com/97290-fine_default/petit-pont-rose-reserve-2024-domaines-robert-vic-preignes-le-vieux.png,00219.png
220,https://www.vinatis.com/89947-fine_default/haut-marin-n1-littorine-2023.png,00220.png
221,https://www.vinatis.com/80822-fine_default/villa-des-anges-sauvignon-blanc-2022-jeff-carrel.png,00221.png
222,https://www.vinatis.com/98330-fine_default/occultum-lapidem-2020-domaine-de-bila-haut.png,00222.png
223,https://www.vinatis.com/94243-fine_default/pech-cabrio-2021-chateau-vernede.png,00223.png
224,https://www.vinatis.com/96744-fine_default/rose-2024-umanu.png,00224.png
225,https://www.vinatis.com/96801-fine_default/cotes-du-rhone-rose-2024-xavier-vignon.png,00225.png
226,https://www.vinatis.com/96807-fine_default/pinot-noir-parcelles-2024-rethore-davy.png,00226.png
227,https://www.vinatis.com/96812-fine_default/la-tire-2023-jeff-carrel.png,00227.png
228,https://www.vinatis.com/97596-fine_default/diane-2024-maison-ventenac.png,00228.png
229,https://www.vinatis.com/87098-fine_default/villeclary-2022-lauran-cabaret.png,00229.png
230,https://www.vinatis.com/88886-fine_default/pinot-noir-2023-hubert-meyer.png,00230.png
231,https://www.vinatis.com/98036-fine_default/niellucciu-rose-2024-domaine-terra-vecchia.png,00231.png
232,https://www.vinatis.com/97394-fine_default/cotes-du-rhone-2022-e-guigal.png,00232.png
233,https://www.vinatis.com/92851-fine_default/garnacha-old-vine-organic-2023-bodegas-burgo-viejo.png,00233.png
234,https://www.vinatis.com/90000-fine_default/petit-chablis-cuvee-speciale-1923-2022-la-chablisienne.png,00234.png
235,https://www.vinatis.com/86774-fine_default/chateau-jeremie-terroir-des-corbieres-2021-domaines-paul-mas.png,00235.png
236,https://www.vinatis.com/98022-fine_default/cune-ecologico-2022-cvne.png,00236.png
237,https://www.vinatis.com/90128-fine_default/tradition-rose-2023-domaine-la-suffrene.png,00237.png
238,https://www.vinatis.com/97567-fine_default/syrah-2024-cellier-des-gorges-de-l-ardeche.png,00238.png
239,https://www.vinatis.com/74561-fine_default/parcelica-chica-2021-bodegas-antonio-candela.png,00239.png
240,https://www.vinatis.com/94328-fine_default/cote-mas-rouge-2023-syrah-grenache-domaines-paul-mas.png,00240.png
241,https://www.vinatis.com/42029-fine_default/pommard-1er-cru-2016-bouchard-pere-et-fils.png,00241.png
242,https://www.vinatis.com/96408-fine_default/malbec-2023-les-jamelles.png,00242.png
243,https://www.vinatis.com/96580-fine_default/cune-blanco-fermentado-en-barrica-2023-cvne.png,00243.png
244,https://www.vinatis.com/100568-fine_default/villa-des-anges-rose-2024-jeff-carrel.png,00244.png
245,https://www.vinatis.com/96899-fine_default/otre-primitivo-2023-cantine-teanum.png,00245.png
246,https://www.vinatis.com/97725-fine_default/rose-d-anjou-champ-d-oiseaux-2024-domaine-des-trottieres.png,00246.png
247,https://www.vinatis.com/85381-fine_default/rhino-chenin-blanc-2023-tussock-jumper.png,00247.png
248,https://www.vinatis.com/97932-fine_default/valdobbiadene-prosecco-superiore-docg-extra-dry-millesimato-2024-val-d-oca.png,00248.png
249,https://www.vinatis.com/98400-fine_default/chardonnay-2023-bread-and-butter.png,00249.png
250,https://www.vinatis.com/76172-fine_default/petit-chablis-2022-maison-simonnet-febvre.png,00250.png
251,https://www.vinatis.com/70972-fine_default/macon-prisse-2020-parcelle-cie-vignerons-des-terres-secretes.png,00251.png
252,https://www.vinatis.com/97424-fine_default/viognier-2024-flores.png,00252.png
253,https://www.vinatis.com/89630-fine_default/prosecco-doc-rose-brut-millesimato-2023-ville-d-arfanta.png,00253.png
254,https://www.vinatis.com/97960-fine_default/le-pigeonnier-rose-2024-cave-de-pazac.png,00254.png
255,https://www.vinatis.com/93463-fine_default/mise-de-la-baronnie-medoc-2020-baron-philippe-de-rothschild.png,00255.png
256,https://www.vinatis.com/97182-fine_default/cotes-du-rhone-2024-sans-soufre-ajoute-cave-de-cairanne.png,00256.png
257,https://www.vinatis.com/80953-fine_default/cuvee-16-limited-edition-2021-botter.png,00257.png
258,https://www.vinatis.com/83886-fine_default/cru-la-maqueline-cremant-de-bordeaux.png,00258.png
259,https://www.vinatis.com/90563-fine_default/beaujolais-pierres-dorees-2022-domaine-du-mont-verrier.png,00259.png
260,https://www.vinatis.com/93886-fine_default/chateau-bourdieu-2022.png,00260.png
261,https://www.vinatis.com/79495-fine_default/vacqueyras-prestige-volute-2022-romain-duvernay.png,00261.png
262,https://www.vinatis.com/85564-fine_default/chardonnay-2023-auzias.png,00262.png
263,https://www.vinatis.com/98451-fine_default/accord-parfait-fronton-2024.png,00263.png
264,https://www.vinatis.com/87468-fine_default/bordeaux-rouge-dourthe-n1-2021.png,00264.png
265,https://www.vinatis.com/88014-fine_default/cow-malbec-2023-tussock-jumper.png,00265.png
266,https://www.vinatis.com/88145-fine_default/cotes-du-rhone-blanc-essentielle-2023-maison-francois-xavier-nicolas.png,00266.png
267,https://www.vinatis.com/79485-fine_default/saint-veran-grand-buissiere-2020-parcelles-cie-vignerons-des-terres-secretes.png,00267.png
268,https://www.vinatis.com/90686-fine_default/terre-ronde-2022-domaine-le-sollier.png,00268.png
269,https://www.vinatis.com/98170-fine_default/tavel-2022-domaine-liravel-dauvergne-et-ranvier.png,00269.png
270,https://www.vinatis.com/97988-fine_default/marsanne-premiere-note-2024-cave-de-tain.png,00270.png
271,https://www.vinatis.com/97997-fine_default/vina-real-rosado-2024-cvne.png,00271.png
272,https://www.vinatis.com/99311-fine_default/rozy-collection-d-ete-2025-vignobles-dom-brial.png,00272.png
273,https://www.vinatis.com/99118-fine_default/chardonnay-2024-heritiers-du-sud-alma-cersius.png,00273.png
274,https://www.vinatis.com/92743-fine_default/favugne-san-severo-rosso-2022-cantine-teanum.png,00274.png
275,https://www.vinatis.com/92911-fine_default/riesling-steillage-trocken-2023-peter-peter.png,00275.png
276,https://www.vinatis.com/93079-fine_default/grenache-2023-les-jamelles.png,00276.png
277,https://www.vinatis.com/94500-fine_default/les-schistes-de-paul-2023-clos-la-riviere.png,00277.png
278,https://www.vinatis.com/95478-fine_default/mencia-joven-2023-guimaro.png,00278.png
279,https://www.vinatis.com/96916-fine_default/viognier-2024-domaine-gayda.png,00279.png
280,https://www.vinatis.com/95896-fine_default/touraine-gamay-2023-famille-bougrier.png,00280.png
281,https://www.vinatis.com/87529-fine_default/chateau-jean-de-marceau-2022.png,00281.png
282,https://www.vinatis.com/75531-fine_default/terroir-d-altitude-lambrusques-2020-jm-aujoux.png,00282.png
283,https://www.vinatis.com/92973-fine_default/vina-real-crianza-2021-cvne.png,00283.png
284,https://www.vinatis.com/97238-fine_default/cote-mas-rose-aurore-2024-domaines-paul-mas.png,00284.png
285,https://www.vinatis.com/97389-fine_default/le-triporteur-rouge-2023.png,00285.png
286,https://www.vinatis.com/94860-fine_default/donkey-vinho-verde-2023-tussock-jumper.png,00286.png
287,https://www.vinatis.com/87365-fine_default/bourgogne-aligote-2023-domaine-colbois.png,00287.png
288,https://www.vinatis.com/93050-fine_default/pouilly-fume-kimeride-2022-jean-pabiot-fils.png,00288.png
289,https://www.vinatis.com/98725-fine_default/les-creisses-2023-domaine-des-creisses.png,00289.png
290,https://www.vinatis.com/86376-fine_default/inzolia-2023-nativo.png,00290.png
291,https://www.vinatis.com/80875-fine_default/l-esquerda-2019-domaine-de-bila-haut.png,00291.png
292,https://www.vinatis.com/88165-fine_default/otre-aglianico-2021-cantine-teanum.png,00292.png
293,https://www.vinatis.com/89392-fine_default/coteaux-du-layon-1er-cru-chaume-2021-domaine-de-la-roche-moreau.png,00293.png
294,https://www.vinatis.com/90044-fine_default/citran-bordeaux-superieur-2022.png,00294.png
295,https://www.vinatis.com/90506-fine_default/cabernet-sauvignon-2021-lapis-luna.png,00295.png
296,https://www.vinatis.com/92080-fine_default/chinon-rouge-loire-originelle-2023-dumnacus-vignerons.png,00296.png
297,https://www.vinatis.com/93863-fine_default/lune-de-miel-2023-villa-dria.png,00297.png
298,https://www.vinatis.com/93392-fine_default/vigne-lourac-merlot-prestige-2023-vignobles-alain-gayrel.png,00298.png
299,https://www.vinatis.com/96893-fine_default/couvent-des-jacobins-blanc-2023-louis-jadot.png,00299.png
300,https://www.vinatis.com/92669-fine_default/pouilly-fuisse-vieilles-vignes-2023-domaine-guerrin-et-fils.png,00300.png
301,https://www.vinatis.com/94745-fine_default/syrah-2023-domaine-gayda.png,00301.png
302,https://www.vinatis.com/78385-fine_default/secret-de-louis-2020.png,00302.png
303,https://www.vinatis.com/92116-fine_default/st-nicolas-de-bourgueil-cuvee-domaine-2023-domaine-olivier.png,00303.png
304,https://www.vinatis.com/91932-fine_default/bourgogne-aligote-2021-domaine-roux-pere-et-fils.png,00304.png
305,https://www.vinatis.com/97311-fine_default/accord-parfait-picpoul-de-pinet-2024.png,00305.png
306,https://www.vinatis.com/93862-fine_default/sauvignon-blanc-2023-domaine-de-la-garniere.png,00306.png
307,https://www.vinatis.com/91809-fine_default/san-sa-2023-sans-sulfites-ajoutes-cave-de-castelmaure.png,00307.png
308,https://www.vinatis.com/94107-fine_default/zinfandel-2022-indigo-eyes.png,00308.png
309,https://www.vinatis.com/96498-fine_default/petit-ours-2023-matthieu-barret.png,00309.png
310,https://www.vinatis.com/98009-fine_default/la-clape-2022-jeff-carrel.png,00310.png
311,https://www.vinatis.com/75429-fine_default/estate-malbec-2021-dona-paula.png,00311.png
312,https://www.vinatis.com/86244-fine_default/reverie-2023-romain-duvernay.png,00312.png
313,https://www.vinatis.com/94911-fine_default/viognier-2024-domaine-de-montine.png,00313.png
314,https://www.vinatis.com/99678-fine_default/chateau-puy-d-amour-grain-de-folie-2022.png,00314.png
315,https://www.vinatis.com/96296-fine_default/miraflors-gallica-2024-domaine-lafage.png,00315.png
316,https://www.vinatis.com/98041-fine_default/little-safranier-rose-2024-la-folie-safranier.png,00316.png
317,https://www.vinatis.com/57752-fine_default/chateau-mareil-2018-cru-bourgeois.png,00317.png
318,https://www.vinatis.com/90020-fine_default/lambrusco-reggiano-dolce-quercioli-medici-ermete.png,00318.png
319,https://www.vinatis.com/93822-fine_default/les-mamettes-2022-jeff-carrel.png,00319.png
320,https://www.vinatis.com/93556-fine_default/le-fiston-2023-jeff-carrel.png,00320.png
321,https://www.vinatis.com/34509-fine_default/le-p-tit-ramatuelle-rose-domaine-ramatuelle.png,00321.png
322,https://www.vinatis.com/93178-fine_default/alpilles-rouge-2022-domaine-de-valdition.png,00322.png
323,https://www.vinatis.com/93299-fine_default/terre-de-feu-2023-villa-dria.png,00323.png
324,https://www.vinatis.com/88986-fine_default/saumur-rouge-tandem-2023-domaine-des-benedictins.png,00324.png
325,https://www.vinatis.com/89498-fine_default/le-p-tit-ramatuelle-blanc-domaine-ramatuelle.png,00325.png
326,https://www.vinatis.com/97838-fine_default/chateau-des-gravieres-2022.png,00326.png
327,https://www.vinatis.com/98450-fine_default/accord-parfait-cahors-2023.png,00327.png
328,https://www.vinatis.com/96731-fine_default/miraflors-lafabuleuse-frizzante-2024-vignoble-lafage.png,00328.png
329,https://www.vinatis.com/95815-fine_default/hautes-cotes-de-nuits-2023-domaine-pansiot.png,00329.png
330,https://www.vinatis.com/95930-fine_default/macon-verze-rouge-2023-parcelles-cie-vignerons-des-terres-secretes.png,00330.png
331,https://www.vinatis.com/96968-fine_default/fernlands-sauvignon-blanc-2024-marisco-vineyards.png,00331.png
332,https://www.vinatis.com/97386-fine_default/rouge-ose-2024-les-jamelles.png,00332.png
333,https://www.vinatis.com/97499-fine_default/chardonnay-sans-sulfites-ajoutes-2024-cuvee-secrete-domaine-paul-mas.png,00333.png
334,https://www.vinatis.com/96837-fine_default/pinot-grigio-delle-venezie-2024-ville-d-arfanta.png,00334.png
335,https://www.vinatis.com/79700-fine_default/chateau-sainte-madeleine-reserve-2020-chateau-de-beaufort.png,00335.png
336,https://www.vinatis.com/93833-fine_default/villa-des-anges-cabernet-sauvignon-2022-jeff-carrel.png,00336.png
337,https://www.vinatis.com/78713-fine_default/chateau-clauzet-2017.png,00337.png
338,https://www.vinatis.com/92587-fine_default/zibibbo-bio-2023-gorghi-tondi.png,00338.png
339,https://www.vinatis.com/94324-fine_default/les-bories-2020-romain-duvernay.png,00339.png
340,https://www.vinatis.com/92259-fine_default/garnacha-blanca-2023-vina-zorzal.png,00340.png
341,https://www.vinatis.com/92457-fine_default/le-h-2022-chateau-de-hauterive.png,00341.png
342,https://www.vinatis.com/65901-fine_default/chateau-prieure-de-beyzac-2016-cru-bourgeois.png,00342.png
343,https://www.vinatis.com/90041-fine_default/el-chaval-2023-bodegas-nodus.png,00343.png
344,https://www.vinatis.com/60649-fine_default/chateau-la-croix-de-pez-2019.png,00344.png
345,https://www.vinatis.com/82437-fine_default/cremant-d-alsace-promesse-domaine-fernand-engel.png,00345.png
346,https://www.vinatis.com/73770-fine_default/mouton-cadet-2020-90eme-anniversaire-baron-philippe-de-rothschild.png,00346.png
347,https://www.vinatis.com/83206-fine_default/chateau-pierrail-2019.png,00347.png
348,https://www.vinatis.com/89521-fine_default/merlot-nice-angel-2023-vignobles-vellas.png,00348.png
349,https://www.vinatis.com/89526-fine_default/pinot-gris-2023-hubert-meyer.png,00349.png
350,https://www.vinatis.com/90543-fine_default/elisa-jo-blanc-2023-domaine-du-mont-verrier.png,00350.png
351,https://www.vinatis.com/90445-fine_default/chateau-puy-d-amour-sans-sulfites-ajoutes-coup-de-foudre-2022.png,00351.png
352,https://www.vinatis.com/97248-fine_default/cara-rose-2024-chateau-de-caraguilhes.png,00352.png
353,https://www.vinatis.com/94497-fine_default/riesling-2023-hubert-meyer.png,00353.png
354,https://www.vinatis.com/90021-fine_default/lambrusco-reggiano-rose-doux-quercioli-medici-ermete.png,00354.png
355,https://www.vinatis.com/86134-fine_default/viognier-marsanne-mathilda-2023-domaine-tournon-by-m-chapoutier.png,00355.png
356,https://www.vinatis.com/86633-fine_default/cote-tariquet-2023-domaine-tariquet.png,00356.png
357,https://www.vinatis.com/88685-fine_default/saute-rocher-2023-cave-de-castelbarry.png,00357.png
358,https://www.vinatis.com/88781-fine_default/different-2021-domaine-de-ferrant.png,00358.png
359,https://www.vinatis.com/90162-fine_default/merlot-2023-vivolo-di-sasso.png,00359.png
360,https://www.vinatis.com/98402-fine_default/pinataro-rosato-2024-tagaro.png,00360.png
361,https://www.vinatis.com/82393-fine_default/grey-chardonnay-2022-ventisquero.png,00361.png
362,https://www.vinatis.com/83652-fine_default/pouilly-fuisse-les-plessys-2021-dominique-cornin.png,00362.png
363,https://www.vinatis.com/94015-fine_default/gavi-2023-ricossa.png,00363.png
364,https://www.vinatis.com/94246-fine_default/gourgoules-2023-chateau-de-caraguilhes.png,00364.png
365,https://www.vinatis.com/90446-fine_default/chateau-haut-grela-2021.png,00365.png
366,https://www.vinatis.com/89826-fine_default/les-barricailleurs-rouge-2022.png,00366.png
367,https://www.vinatis.com/93783-fine_default/costieres-de-nimes-areca-2023-m-chapoutier.png,00367.png
368,https://www.vinatis.com/88845-fine_default/cune-albarino-2023-cvne.png,00368.png
369,https://www.vinatis.com/87066-fine_default/sosegada-2021-rafael-cambra.png,00369.png
370,https://www.vinatis.com/95533-fine_default/mondeuse-coeur-de-combe-2023-cave-de-cruet.png,00370.png
371,https://www.vinatis.com/85278-fine_default/marquis-des-ormes-2020.png,00371.png
372,https://www.vinatis.com/84742-fine_default/le-tigre-2021-chateau-des-adouzes.png,00372.png
373,https://www.vinatis.com/87081-fine_default/pinot-gris-2023-sophie-schaal.png,00373.png
374,https://www.vinatis.com/96400-fine_default/born-of-fire-chenin-blanc-organic-2022-julien-schaal.png,00374.png
375,https://www.vinatis.com/91925-fine_default/carmenere-2023-el-grano.png,00375.png
376,https://www.vinatis.com/91804-fine_default/bourgogne-aligote-2023-domaine-des-remparts.png,00376.png
377,https://www.vinatis.com/96865-fine_default/malbec-alta-collecion-2024-bodega-piedra-negra.png,00377.png
378,https://www.vinatis.com/96368-fine_default/augusta-rose-2024-domaine-de-leos.png,00378.png
379,https://www.vinatis.com/96817-fine_default/uby-bio-blanc-n21-2024-uby.png,00379.png
380,https://www.vinatis.com/93992-fine_default/viognier-2023-les-jamelles.png,00380.png
381,https://www.vinatis.com/41397-fine_default/cuvee-sm-2-xavier-vignon.png,00381.png
382,https://www.vinatis.com/91803-fine_default/irancy-les-cailles-2023-domaine-des-remparts.png,00382.png
383,https://www.vinatis.com/96696-fine_default/guapo-2023-chateau-de-hauterive.png,00383.png
384,https://www.vinatis.com/95078-fine_default/chardonnay-tradition-2024-domaines-robert-vic-preignes-le-vieux.png,00384.png
385,https://www.vinatis.com/95175-fine_default/beaune-1er-cru-beaune-du-chateau-2021-bouchard-pere-et-fils.png,00385.png
386,https://www.vinatis.com/96469-fine_default/alpilles-blanc-2024-domaine-de-valdition.png,00386.png
387,https://www.vinatis.com/96795-fine_default/chardonnay-2024-flores.png,00387.png
388,https://www.vinatis.com/91002-fine_default/cremant-de-bordeaux-blanc-brut-louis-vallon.png,00388.png
389,https://www.vinatis.com/98408-fine_default/saint-amour-les-clochers-2023-vignerons-de-bel-air.png,00389.png
390,https://www.vinatis.com/91611-fine_default/chenin-blanc-loire-rebelle-2023-dumnacus-vignerons.png,00390.png
391,https://www.vinatis.com/92970-fine_default/chardonnay-bio-2023-doudet-naudin.png,00391.png
392,https://www.vinatis.com/79254-fine_default/cutio-blanco-2021-j-navascues-enologia.png,00392.png
393,https://www.vinatis.com/80597-fine_default/maeve-2021-clos-aguilem.png,00393.png
394,https://www.vinatis.com/88993-fine_default/muros-antigos-escolha-2023-anselmo-mendes.png,00394.png
395,https://www.vinatis.com/91939-fine_default/esoteris-2020-pierre-vidal.png,00395.png
396,https://www.vinatis.com/90746-fine_default/cinsault-pinotage-2023-waterval.png,00396.png
397,https://www.vinatis.com/97801-fine_default/casalabor-2023-rafael-cambra.png,00397.png
398,https://www.vinatis.com/97972-fine_default/mercredi-12h30-2023-domaine-pujol.png,00398.png
399,https://www.vinatis.com/94242-fine_default/st-nicolas-de-bourgueil-les-vieilles-vignes-2022-domaine-de-la-perree.png,00399.png
400,https://www.vinatis.com/98266-fine_default/bourgogne-pinot-noir-sieur-aubry-2024-domaine-du-mont-verrier.png,00400.png
401,https://www.vinatis.com/97662-fine_default/saumur-champigny-2023-domaine-de-la-seigneurie.png,00401.png
402,https://www.vinatis.com/94968-fine_default/soave-2023-vivaldi.png,00402.png
403,https://www.vinatis.com/95084-fine_default/l-etoile-du-pic-2023-vignobles-vellas.png,00403.png
404,https://www.vinatis.com/95530-fine_default/mancuso-garnacha-2021-j-navascues-enologia.png,00404.png
405,https://www.vinatis.com/95943-fine_default/syrah-les-grains-2023-marrenon.png,00405.png
406,https://www.vinatis.com/90248-fine_default/garnacha-2023-vina-zorzal.png,00406.png
407,https://www.vinatis.com/91361-fine_default/cutio-tinto-2021-j-navascues-enologia.png,00407.png
408,https://www.vinatis.com/83470-fine_default/chateau-clos-du-roy-2019.png,00408.png
409,https://www.vinatis.com/85601-fine_default/chablis-2022-domaine-passy-le-clou-famille-descombe.png,00409.png
410,https://www.vinatis.com/90129-fine_default/gewurztraminer-2023-sophie-schaal.png,00410.png
411,https://www.vinatis.com/85401-fine_default/reserve-mouton-cadet-saint-estephe-2021-baron-philippe-de-rothschild.png,00411.png
412,https://www.vinatis.com/89929-fine_default/bourgogne-chardonnay-sieur-aubry-2023-domaine-du-mont-verrier.png,00412.png
413,https://www.vinatis.com/66802-fine_default/lambrusco-di-modena-amabile-cantina-di-sorbara.png,00413.png
414,https://www.vinatis.com/98448-fine_default/le-loup-du-pic-2021-puech-haut.png,00414.png
415,https://www.vinatis.com/87450-fine_default/trou-de-l-ermite-2022-chateau-de-caraguilhes.png,00415.png
416,https://www.vinatis.com/90341-fine_default/amplus-one-carmenere-2022-vina-santa-ema.png,00416.png
417,https://www.vinatis.com/92910-fine_default/comtesse-de-segur-2020-chateau-laulerie.png,00417.png
418,https://www.vinatis.com/82889-fine_default/chateau-haute-brande-2021.png,00418.png
419,https://www.vinatis.com/90115-fine_default/lune-de-schiste-2022-cave-de-roquebrun.png,00419.png
420,https://www.vinatis.com/98249-fine_default/accord-parfait-la-clape-blanc-2024.png,00420.png
421,https://www.vinatis.com/85030-fine_default/chateau-briot-2019.png,00421.png
422,https://www.vinatis.com/82793-fine_default/prosecco-treviso-doc-tappo-vite-extra-dry-val-d-oca.png,00422.png
423,https://www.vinatis.com/85398-fine_default/reserve-mouton-cadet-pauillac-2019-baron-philippe-de-rothschild.png,00423.png
424,https://www.vinatis.com/86099-fine_default/chablis-1er-cru-vaillons-2019-william-fevre.png,00424.png
425,https://www.vinatis.com/72178-fine_default/mouton-cadet-reserve-margaux-2021-baron-philippe-de-rothschild.png,00425.png
426,https://www.vinatis.com/91394-fine_default/vouvray-brut-premiere-idylle-famille-bougrier.png,00426.png
427,https://www.vinatis.com/97853-fine_default/rose-bio-2024-naterra.png,00427.png
428,https://www.vinatis.com/97866-fine_default/saint-veran-vieilles-vignes-bio-2022-stephane-brocard.png,00428.png
429,https://www.vinatis.com/98802-fine_default/domaine-rose-2024-domaine-de-fondreche.png,00429.png
430,https://www.vinatis.com/99637-fine_default/accord-parfait-fitou-2022.png,00430.png
431,https://www.vinatis.com/83488-fine_default/very-limoux-rouge-2021-anne-de-joyeuse.png,00431.png
432,https://www.vinatis.com/92363-fine_default/st-nicolas-de-bourgueil-gueulebee-2022-la-chevallerie.png,00432.png
433,https://www.vinatis.com/94428-fine_default/maranges-1er-cru-2023-maison-clavelier.png,00433.png
434,https://www.vinatis.com/90180-fine_default/tavel-2023-e-guigal.png,00434.png
435,https://www.vinatis.com/89605-fine_default/la-fea-rouge-2023-la-fea.png,00435.png
436,https://www.vinatis.com/91153-fine_default/chateau-recougne-blanc-2023.png,00436.png
437,https://www.vinatis.com/96794-fine_default/cotes-du-rhone-blanc-2024-xavier-vignon.png,00437.png
438,https://www.vinatis.com/91009-fine_default/chateau-gardat-2022.png,00438.png
439,https://www.vinatis.com/90270-fine_default/chateau-hyot-2020.png,00439.png
440,https://www.vinatis.com/90630-fine_default/vermentino-les-grains-2023-marrenon.png,00440.png
441,https://www.vinatis.com/73172-fine_default/chateau-la-croix-de-beaugas-2021.png,00441.png
442,https://www.vinatis.com/90236-fine_default/cuvee-l-2023-laurent-combier.png,00442.png
443,https://www.vinatis.com/100400-fine_default/coteaux-bourguignons-2023-domaine-amarine-closerie-des-alisiers.png,00443.png
444,https://www.vinatis.com/98078-fine_default/romane-rose-2024-chateau-les-mesclances.png,00444.png
445,https://www.vinatis.com/98075-fine_default/rouge-des-demoiselles-2024-cellier-des-demoiselles.png,00445.png
446,https://www.vinatis.com/96556-fine_default/bourgogne-pinot-noir-2024-vignerons-de-bel-air.png,00446.png
447,https://www.vinatis.com/96557-fine_default/pinot-noir-2023-lapis-luna.png,00447.png
448,https://www.vinatis.com/96734-fine_default/saint-joseph-2023-stephane-montez-domaine-du-monteillet.png,00448.png
449,https://www.vinatis.com/96872-fine_default/105-rose-2024-la-folie-safranier.png,00449.png
450,https://www.vinatis.com/97429-fine_default/rose-et-or-2024-chateau-minuty.png,00450.png
451,https://www.vinatis.com/90545-fine_default/morgon-les-charmes-2018-domaine-de-lathevalle.png,00451.png
452,https://www.vinatis.com/100403-fine_default/le-grand-pompee-2023-maison-paul-jaboulet-aine.png,00452.png
453,https://www.vinatis.com/47957-fine_default/cava-cygnus-sador-brut-nature-reserva-u-mes-u.png,00453.png
454,https://www.vinatis.com/90356-fine_default/cinquenoci-primitivo-2023-tagaro.png,00454.png
455,https://www.vinatis.com/92027-fine_default/chateau-la-grande-clotte-2022.png,00455.png
456,https://www.vinatis.com/93083-fine_default/chardonnay-2023-les-jamelles.png,00456.png
457,https://www.vinatis.com/93644-fine_default/le-sens-du-vent-rouge-2023-vignerons-de-florensac.png,00457.png
458,https://www.vinatis.com/93645-fine_default/sauvignon-2023-flores.png,00458.png
459,https://www.vinatis.com/93764-fine_default/minimalist-2023-sans-sulfites-ajoutes-les-jamelles.png,00459.png
460,https://www.vinatis.com/90001-fine_default/grey-carmenere-2021-ventisquero.png,00460.png
461,https://www.vinatis.com/90254-fine_default/chateau-les-tours-de-peyrat-dans-la-nature-2022.png,00461.png
462,https://www.vinatis.com/98560-fine_default/primitivo-salento-2023-notte-rossa.png,00462.png
463,https://www.vinatis.com/98695-fine_default/chardonnay-parcelles-2024-rethore-davy.png,00463.png
464,https://www.vinatis.com/93817-fine_default/grenache-under-my-skin-2021-jeff-carrel.png,00464.png
465,https://www.vinatis.com/94904-fine_default/cuvee-clemence-cheval-quancard-cremant-de-bordeaux.png,00465.png
466,https://www.vinatis.com/86037-fine_default/cheverny-rouge-2023-domaine-maison.png,00466.png
467,https://www.vinatis.com/96526-fine_default/green-social-organic-verdejo-2024-cuatro-rayas.png,00467.png
468,https://www.vinatis.com/99645-fine_default/desir-blanc-2024-la-croix-gratiot.png,00468.png
469,https://www.vinatis.com/74531-fine_default/l-instant-louis-vallon.png,00469.png
470,https://www.vinatis.com/81720-fine_default/bourgogne-aligote-2022-chateau-de-la-greffiere.png,00470.png
471,https://www.vinatis.com/85637-fine_default/cremant-de-loire-blanc-brut-cuvee-regent-diamant-de-loire.png,00471.png
472,https://www.vinatis.com/73645-fine_default/cotes-du-rhone-blanc-2021-pierre-vidal.png,00472.png
473,https://www.vinatis.com/98441-fine_default/la-diva-2024-terre-des-dames.png,00473.png
474,https://www.vinatis.com/86752-fine_default/viognier-2023-louis-latour.png,00474.png
475,https://www.vinatis.com/88093-fine_default/amoureux-de-peynet-2023-laurent-perrachon-fils.png,00475.png
476,https://www.vinatis.com/96949-fine_default/blanc-bio-2024-naterra.png,00476.png
477,https://www.vinatis.com/99332-fine_default/premieres-grives-2024-domaine-tariquet.png,00477.png
478,https://www.vinatis.com/93840-fine_default/villa-des-anges-viognier-2023-jeff-carrel.png,00478.png
479,https://www.vinatis.com/87448-fine_default/bourgogne-chardonnay-cotes-salines-2023-domaine-gueguen.png,00479.png
480,https://www.vinatis.com/87846-fine_default/signature-sommelier-rouge-2022-fabrice-sommier-meilleur-ouvrier-de-france.png,00480.png
481,https://www.vinatis.com/71594-fine_default/connetable-de-talbot-2021-second-vin-du-chateau-talbot.png,00481.png
482,https://www.vinatis.com/79493-fine_default/organza-blanc-2021-romain-duvernay.png,00482.png
483,https://www.vinatis.com/89734-fine_default/pinot-noir-tradition-2023-domaine-fernand-engel.png,00483.png
484,https://www.vinatis.com/91286-fine_default/chinon-rouge-bonnaventure-2022-chateau-de-coulaine.png,00484.png
485,https://www.vinatis.com/91407-fine_default/grenache-caladoc-2021-maison-arnoux-fils.png,00485.png
486,https://www.vinatis.com/97854-fine_default/marafiance-2024-chateau-cavalier.png,00486.png
487,https://www.vinatis.com/83938-fine_default/touraine-rouge-les-lunelus-2021-domaine-pierre-angier.png,00487.png
488,https://www.vinatis.com/92780-fine_default/pinot-noir-bio-2023-doudet-naudin.png,00488.png
489,https://www.vinatis.com/92648-fine_default/picpoul-de-pinet-2023-cuvee-anniversaire-beauvignac.png,00489.png
490,https://www.vinatis.com/92959-fine_default/pinot-noir-la-posta-glorieta-2022-catena-zapata.png,00490.png
491,https://www.vinatis.com/87757-fine_default/coteaux-bourguignons-2022-maison-albert-bichot.png,00491.png
492,https://www.vinatis.com/98076-fine_default/rioja-crianza-2021-bodegas-burgo-viejo.png,00492.png
493,https://www.vinatis.com/84520-fine_default/chateau-de-pitray-2016.png,00493.png
494,https://www.vinatis.com/85348-fine_default/amarante-2022-romain-duvernay.png,00494.png
495,https://www.vinatis.com/86660-fine_default/rully-1er-cru-blanc-la-bressande-monopole-2022-chateau-de-rully.png,00495.png
496,https://www.vinatis.com/88060-fine_default/prosecco-doc-extra-dry-brilla.png,00496.png
497,https://www.vinatis.com/94244-fine_default/accord-parfait-faugeres-2023.png,00497.png
498,https://www.vinatis.com/91689-fine_default/mouton-cadet-bio-rouge-x-pierre-2023-baron-philippe-de-rothschild.png,00498.png
499,https://www.vinatis.com/89683-fine_default/malbec-seigneur-de-grezette-2022-chateau-lagrezette.png,00499.png
500,https://www.vinatis.com/90715-fine_default/les-mariniers-du-fleuve-2023-cave-saint-desirat.png,00500.png
501,https://www.vinatis.com/69672-fine_default/cremant-d-alsace-hubert-meyer.png,00501.png
502,https://www.vinatis.com/94296-fine_default/bourgueil-poids-plume-2023-bertrand-vincent-marchesseau.png,00502.png
503,https://www.vinatis.com/96695-fine_default/st-nicolas-de-bourgueil-cuvee-vieilles-vignes-2021-domaine-olivier.png,00503.png
504,https://www.vinatis.com/96014-fine_default/mip-blanc-classic-2024-domaine-des-diables.png,00504.png
505,https://www.vinatis.com/96348-fine_default/el-goru-2023-ego-bodegas.png,00505.png
506,https://www.vinatis.com/101209-fine_default/grand-ardeche-2023-louis-latour.png,00506.png
507,https://www.vinatis.com/93470-fine_default/beaujolais-villages-2023-domaine-du-mont-verrier.png,00507.png
508,https://www.vinatis.com/83372-fine_default/prosecco-doc-treviso-brut-val-d-oca.png,00508.png
509,https://www.vinatis.com/89072-fine_default/lambrusco-reggiano-sec-quercioli-medici-ermete.png,00509.png
510,https://www.vinatis.com/88425-fine_default/sancerre-blanc-la-terre-des-anges-2023-domaine-laporte.png,00510.png
511,https://www.vinatis.com/95710-fine_default/chablis-1er-cru-montmains-2023-domaine-des-malandes.png,00511.png
512,https://www.vinatis.com/93765-fine_default/pinot-noir-2023-les-jamelles.png,00512.png
513,https://www.vinatis.com/99845-fine_default/persia-2022-domaine-de-fondreche.png,00513.png
514,https://www.vinatis.com/69995-fine_default/chateau-la-peyruche-tradition-2018.png,00514.png
515,https://www.vinatis.com/71913-fine_default/prosecco-doc-treviso-frizzante-ville-d-arfanta.png,00515.png
516,https://www.vinatis.com/89784-fine_default/lais-blanc-2023-domaine-olivier-pithon.png,00516.png
517,https://www.vinatis.com/91062-fine_default/tavel-2023-prieure-de-montezargues.png,00517.png
518,https://www.vinatis.com/94450-fine_default/hautes-cotes-de-nuits-2023-pierre-gruber.png,00518.png
519,https://www.vinatis.com/97655-fine_default/harmonie-de-gascogne-blanc-2024-domaine-pellehaut.png,00519.png
520,https://www.vinatis.com/100017-fine_default/pouilly-fume-la-charmette-2024-domaine-chauveau.png,00520.png
521,https://www.vinatis.com/94353-fine_default/syrah-2023-cave-de-tain.png,00521.png
522,https://www.vinatis.com/94519-fine_default/sauvignon-blanc-2024-cloudy-bay.png,00522.png
523,https://www.vinatis.com/93098-fine_default/jardin-de-jules-2023-domaine-de-la-clapiere.png,00523.png
524,https://www.vinatis.com/96175-fine_default/la-vieille-ferme-blanc-2024.png,00524.png
525,https://www.vinatis.com/95251-fine_default/ampelomeryx-rouge-2023-pellehaut.png,00525.png
526,https://www.vinatis.com/96351-fine_default/goru-el-blanco-2024-ego-bodegas.png,00526.png
527,https://www.vinatis.com/96549-fine_default/instinct-terrien-2022-chateau-auzias.png,00527.png
528,https://www.vinatis.com/98916-fine_default/cune-crianza-2021-cvne.png,00528.png
529,https://www.vinatis.com/97380-fine_default/reflets-secrets-2024-les-jamelles.png,00529.png
530,https://www.vinatis.com/80674-fine_default/negroamaro-2022-caleo.png,00530.png
531,https://www.vinatis.com/89255-fine_default/le-chouchou-2023-gerard-bertrand.png,00531.png
532,https://www.vinatis.com/96279-fine_default/sauvignon-blanc-2024-les-fumees-blanches-francois-lurton.png,00532.png
533,https://www.vinatis.com/76470-fine_default/cremant-d-alsace-blanc-de-blancs-anne-de-k-bestheim.png,00533.png
534,https://www.vinatis.com/84920-fine_default/pinot-noir-auzias.png,00534.png
535,https://www.vinatis.com/88592-fine_default/vacqueyras-vieilles-vignes-2022-domaine-sandilaure.png,00535.png
536,https://www.vinatis.com/92434-fine_default/la-estrecha-2023-bodegas-y-vinedos-ponce.png,00536.png
537,https://www.vinatis.com/89335-fine_default/chianti-colli-senesi-borgo-alla-terra-2023-geografico.png,00537.png
538,https://www.vinatis.com/85396-fine_default/baron-nathaniel-2019-baron-philippe-de-rothschild.png,00538.png
539,https://www.vinatis.com/91425-fine_default/heritage-an-1189-pic-saint-loup-2023-gerard-bertrand.png,00539.png
540,https://www.vinatis.com/99641-fine_default/valdobbiadene-prosecco-superiore-docg-rive-di-colbertaldo-extra-dry-val-d-oca.png,00540.png
541,https://www.vinatis.com/74304-fine_default/chardonnay-2022-el-grano.png,00541.png
542,https://www.vinatis.com/77645-fine_default/confidence-2020.png,00542.png
543,https://www.vinatis.com/89511-fine_default/riesling-2023-domaine-allimant-laugner.png,00543.png
544,https://www.vinatis.com/101210-fine_default/pinot-noir-les-pierres-dorees-2019-louis-latour.png,00544.png
545,https://www.vinatis.com/92690-fine_default/buffalo-zinfandel-2022-tussock-jumper.png,00545.png
546,https://www.vinatis.com/92758-fine_default/chinon-rouge-les-galuches-2023-domaine-jean-maurice-raffault.png,00546.png
547,https://www.vinatis.com/93469-fine_default/saint-esprit-blanc-2023-delas.png,00547.png
548,https://www.vinatis.com/94529-fine_default/camino-real-2022-guimaro.png,00548.png
549,https://www.vinatis.com/90186-fine_default/rouge-clair-2023-m-chapoutier.png,00549.png
550,https://www.vinatis.com/42277-fine_default/cremant-de-bourgogne-chardonnay-bailly-lapierre.png,00550.png
551,https://www.vinatis.com/88095-fine_default/mouton-cadet-bio-blanc-x-nathan-2023-baron-philippe-de-rothschild.png,00551.png
552,https://www.vinatis.com/80189-fine_default/prosecco-asolo-superiore-docg-bioldo-docg-extra-dry-bio-val-d-oca.png,00552.png
553,https://www.vinatis.com/89474-fine_default/sancerre-blanc-grande-reserve-2023-domaine-henri-bourgeois.png,00553.png
554,https://www.vinatis.com/88615-fine_default/figure-libre-freestyle-2022-domaine-gayda.png,00554.png
555,https://www.vinatis.com/89056-fine_default/garrigue-rouge-2022-domaine-de-lascaux.png,00555.png
556,https://www.vinatis.com/89384-fine_default/chablis-2023-domaine-colbois.png,00556.png
557,https://www.vinatis.com/95199-fine_default/cune-blanco-reserva-2020-cvne.png,00557.png
558,https://www.vinatis.com/97544-fine_default/rose-de-pressee-2024-domaine-tariquet.png,00558.png
559,https://www.vinatis.com/78106-fine_default/sangiovese-2022-nativo.png,00559.png
560,https://www.vinatis.com/95289-fine_default/muso-rosso-primitivo-di-manduria-2022-tagaro.png,00560.png
561,https://www.vinatis.com/100373-fine_default/prosecco-doc-millesimato-biologico-2023-riccadonna.png,00561.png
562,https://www.vinatis.com/85160-fine_default/saint-romain-2017-maison-roche-de-bellene.png,00562.png
563,https://www.vinatis.com/91872-fine_default/les-terrasses-du-larzac-2023-domaine-coston.png,00563.png
564,https://www.vinatis.com/92956-fine_default/chateau-la-bessane-2020.png,00564.png
565,https://www.vinatis.com/92966-fine_default/luxe-calme-et-volupte-2021-clos-des-centenaires.png,00565.png
566,https://www.vinatis.com/97666-fine_default/la-reserve-rose-2024-chateau-de-bregancon-cru-classe.png,00566.png
567,https://www.vinatis.com/98639-fine_default/malbec-le-coq-2024-vignobles-vellas.png,00567.png
568,https://www.vinatis.com/82492-fine_default/pinot-noir-pfalz-2022-peter-peter.png,00568.png
569,https://www.vinatis.com/83269-fine_default/chateau-bellevue-favereau-2020.png,00569.png
570,https://www.vinatis.com/87345-fine_default/la-vadina-2022-j-navascues-enologia.png,00570.png
571,https://www.vinatis.com/96204-fine_default/gewurztraminer-grand-cru-hatschbourg-2023-joseph-cattin.png,00571.png
572,https://www.vinatis.com/47424-fine_default/cava-brut-la-fea.png,00572.png
573,https://www.vinatis.com/90490-fine_default/viognier-2023-louis-cheze.png,00573.png
574,https://www.vinatis.com/98037-fine_default/muscat-2024-domaine-terra-vecchia.png,00574.png
575,https://www.vinatis.com/100796-fine_default/pas-vu-pas-pris-2024-jeff-carrel.png,00575.png
576,https://www.vinatis.com/93018-fine_default/chablis-vieilles-vignes-2022-domaine-de-vauroux.png,00576.png
577,https://www.vinatis.com/94531-fine_default/parallele-45-bio-2023-maison-paul-jaboulet-aine.png,00577.png
578,https://www.vinatis.com/97937-fine_default/saint-bris-2023-maison-simonnet-febvre.png,00578.png
579,https://www.vinatis.com/91594-fine_default/pinot-noir-2022-bread-and-butter.png,00579.png
580,https://www.vinatis.com/71856-fine_default/cremant-de-bourgogne-blanc-de-noirs-maison-montgermont.png,00580.png
581,https://www.vinatis.com/77855-fine_default/born-of-fire-syrah-organic-2021-julien-schaal.png,00581.png
582,https://www.vinatis.com/88150-fine_default/les-brunes-2022-domaine-des-creisses.png,00582.png
583,https://www.vinatis.com/100759-fine_default/hautes-cotes-de-beaune-2023-les-belles-roches-paul-aegerter.png,00583.png
584,https://www.vinatis.com/89481-fine_default/pommard-2017-maison-patriarche.png,00584.png
585,https://www.vinatis.com/97583-fine_default/viorica-2023-chateau-purcari.png,00585.png
586,https://www.vinatis.com/90955-fine_default/gewurztraminer-2022-hubert-meyer.png,00586.png
587,https://www.vinatis.com/96410-fine_default/pierre-de-lune-2022-domaine-nigri.png,00587.png
588,https://www.vinatis.com/95813-fine_default/le-versant-2021.png,00588.png
589,https://www.vinatis.com/100560-fine_default/villa-des-anges-reserve-2022-jeff-carrel.png,00589.png
590,https://www.vinatis.com/86377-fine_default/pinot-grigio-2023-la-di-motte.png,00590.png
591,https://www.vinatis.com/88623-fine_default/chablis-2022-william-fevre.png,00591.png
592,https://www.vinatis.com/90204-fine_default/riesling-gaisberg-1-otw-2022-allram.png,00592.png
593,https://www.vinatis.com/99653-fine_default/chablis-1er-cru-fourchaume-bio-2023-domaine-des-malandes.png,00593.png
594,https://www.vinatis.com/92944-fine_default/gran-reserva-890-2010-la-rioja-alta.png,00594.png
595,https://www.vinatis.com/83788-fine_default/nicolas-catena-zapata-2020-catena-zapata.png,00595.png
596,https://www.vinatis.com/92077-fine_default/lucile-avril-2021-domaine-durieu.png,00596.png
597,https://www.vinatis.com/92702-fine_default/costieres-de-nimes-veuve-mathilde-2023-cave-de-pazac.png,00597.png
598,https://www.vinatis.com/94785-fine_default/cotes-du-jura-chardonnay-cuvee-flor-2022-domaine-baud.png,00598.png
599,https://www.vinatis.com/93734-fine_default/barbera-d-alba-superiore-2023-carlo-revello-figli.png,00599.png
600,https://www.vinatis.com/92857-fine_default/bourgogne-cote-d-or-2021-domaine-pansiot.png,00600.png
601,https://www.vinatis.com/90111-fine_default/bellissima-2022-domaine-louis-cheze.png,00601.png
602,https://www.vinatis.com/96563-fine_default/mise-de-la-baronnie-graves-rouge-2022-baron-philippe-de-rothschild.png,00602.png
603,https://www.vinatis.com/83101-fine_default/moulin-a-vent-les-clochers-2022-vignerons-de-bel-air.png,00603.png
604,https://www.vinatis.com/85559-fine_default/chinon-rouge-le-futreau-vieilles-vignes-2019-loire-proprietes.png,00604.png
605,https://www.vinatis.com/86683-fine_default/alchimie-2021-domaine-des-3-cellier.png,00605.png
606,https://www.vinatis.com/91106-fine_default/d-de-dauzac-2022-chateau-dauzac.png,00606.png
607,https://www.vinatis.com/90336-fine_default/macon-uchizy-vieilles-vignes-2022-domaine-giroud.png,00607.png
608,https://www.vinatis.com/90954-fine_default/pinot-blanc-2023-hubert-meyer.png,00608.png
609,https://www.vinatis.com/82587-fine_default/les-hauts-de-smith-2018-second-vin-du-chateau-smith-haut-lafitte.png,00609.png
610,https://www.vinatis.com/98436-fine_default/touraine-rouge-albert-denis-2023-domaine-renaudie.png,00610.png
611,https://www.vinatis.com/91540-fine_default/chateau-d-ampuis-2019-e-guigal.png,00611.png
612,https://www.vinatis.com/93539-fine_default/heritage-an-1886-les-aspres-2020-gerard-bertrand.png,00612.png
613,https://www.vinatis.com/96914-fine_default/colombard-gros-manseng-2024-domaine-de-miselle.png,00613.png
614,https://www.vinatis.com/96199-fine_default/la-vie-en-rose-2024-chateau-roubine.png,00614.png
615,https://www.vinatis.com/99846-fine_default/n-sans-soufre-ajoute-2023-domaine-de-fondreche.png,00615.png
616,https://www.vinatis.com/96476-fine_default/lampe-de-meduse-rose-2024-cru-classe-chateau-sainte-roseline.png,00616.png
617,https://www.vinatis.com/97029-fine_default/rosee-d-aurore-2024-domaine-de-la-fouquette.png,00617.png
618,https://www.vinatis.com/97446-fine_default/eve-2024-maison-ventenac.png,00618.png
619,https://www.vinatis.com/97576-fine_default/cent-pour-cent-chardonnay-2024-domaine-du-peyra.png,00619.png
620,https://www.vinatis.com/97835-fine_default/les-commandeurs-2024-by-peyrassol.png,00620.png
621,https://www.vinatis.com/99755-fine_default/chateau-mangot-2022-cru-classe.png,00621.png
622,https://www.vinatis.com/86574-fine_default/rully-blanc-2022-louis-jadot.png,00622.png
623,https://www.vinatis.com/100768-fine_default/saint-peray-nobles-rives-2023-cave-de-tain.png,00623.png
624,https://www.vinatis.com/87908-fine_default/flying-solo-blanc-2023-domaine-gayda.png,00624.png
625,https://www.vinatis.com/88011-fine_default/antonyme-2023-domaine-canet-valette.png,00625.png
626,https://www.vinatis.com/88170-fine_default/vina-sena-2021.png,00626.png
627,https://www.vinatis.com/88583-fine_default/dalmatian-dog-babic-2021-testament-winery.png,00627.png
628,https://www.vinatis.com/92592-fine_default/gourmandises-2023-domaine-de-montine.png,00628.png
629,https://www.vinatis.com/94416-fine_default/chateau-la-hargue-2023-moelleux.png,00629.png
630,https://www.vinatis.com/93643-fine_default/vina-sena-2022.png,00630.png
631,https://www.vinatis.com/74316-fine_default/vina-sena-2020.png,00631.png
632,https://www.vinatis.com/79108-fine_default/escudo-rojo-baronesa-p-2020-baron-philippe-de-rothschild.png,00632.png
633,https://www.vinatis.com/65865-fine_default/prosecco-doc-brut-bio-savian.png,00633.png
634,https://www.vinatis.com/90382-fine_default/chenin-blanc-2023-waterval.png,00634.png
635,https://www.vinatis.com/91159-fine_default/gigondas-le-vieux-clocher-2022-maison-arnoux-fils.png,00635.png
636,https://www.vinatis.com/99100-fine_default/la-grange-blanche-2022-romain-duvernay.png,00636.png
637,https://www.vinatis.com/98416-fine_default/anna-de-codorniu-cava-brut-rose-codorniu.png,00637.png
638,https://www.vinatis.com/93841-fine_default/villa-des-anges-vin-orange-jeff-carrel.png,00638.png
639,https://www.vinatis.com/87349-fine_default/mon-petit-cheri-2023-les-bertrand.png,00639.png
640,https://www.vinatis.com/98125-fine_default/chateau-durfort-2023-cellier-des-demoiselles.png,00640.png
641,https://www.vinatis.com/97066-fine_default/grand-marrenon-blanc-2023-marrenon.png,00641.png
642,https://www.vinatis.com/100197-fine_default/muscadet-sevre-et-maine-sur-lie-2023-chateau-de-l-hyverniere.png,00642.png
643,https://www.vinatis.com/96898-fine_default/favugne-falanghina-bianco-2024-cantine-teanum.png,00643.png
644,https://www.vinatis.com/99677-fine_default/la-colline-en-flamme-blanc-2024-romain-paire-vignoble-des-pothiers.png,00644.png
645,https://www.vinatis.com/97839-fine_default/chateau-du-barrailh-2022.png,00645.png
646,https://www.vinatis.com/99556-fine_default/002-vin-blanc-petillant-sec-et-fruite-2024-uby.png,00646.png
647,https://www.vinatis.com/80526-fine_default/gran-reserva-904-seleccion-especial-2015-la-rioja-alta.png,00647.png
648,https://www.vinatis.com/67818-fine_default/chateau-vieux-verdot-cuvee-tradition-2020.png,00648.png
649,https://www.vinatis.com/73714-fine_default/l-angelot-2019-chateau-tour-bayard.png,00649.png
650,https://www.vinatis.com/92941-fine_default/vina-ardanza-reserva-2017-la-rioja-alta.png,00650.png
651,https://www.vinatis.com/93455-fine_default/tempo-d-angelus-2022.png,00651.png
652,https://www.vinatis.com/100269-fine_default/prosecco-treviso-doc-millesimato-extra-dry-2024-ville-d-arfanta.png,00652.png
653,https://www.vinatis.com/85473-fine_default/piano-di-montevergine-taurasi-riserva-2016-feudi-san-gregorio.png,00653.png
654,https://www.vinatis.com/98269-fine_default/crozes-hermitage-petite-ruche-blanc-2023-m-chapoutier.png,00654.png
655,https://www.vinatis.com/86653-fine_default/amplitude-2023-domaine-tariquet.png,00655.png
656,https://www.vinatis.com/87359-fine_default/bela-roble-2022-cvne.png,00656.png
657,https://www.vinatis.com/88161-fine_default/comte-de-senejac-2018-second-vin-du-chateau-senejac.png,00657.png
658,https://www.vinatis.com/78708-fine_default/chablis-grand-cru-vaudesir-2021-jean-marc-brocard.png,00658.png
659,https://www.vinatis.com/89872-fine_default/sauvignon-blanc-2023-greywacke.png,00659.png
660,https://www.vinatis.com/97726-fine_default/cabernet-d-anjou-champ-d-oiseaux-2024-domaine-des-trottieres.png,00660.png
661,https://www.vinatis.com/97943-fine_default/hydropathe-elite-2024-domaine-des-diables.png,00661.png
662,https://www.vinatis.com/98127-fine_default/koala-shiraz-2023-tussock-jumper.png,00662.png
663,https://www.vinatis.com/98686-fine_default/chianti-classico-vallenuova-2021-tolaini.png,00663.png
664,https://www.vinatis.com/98893-fine_default/cadireta-2024-domaine-lafage.png,00664.png
665,https://www.vinatis.com/98958-fine_default/rouge-bio-2024-naterra.png,00665.png
666,https://www.vinatis.com/82397-fine_default/white-wine-n3-2022-sauvignon-blanc-tara.png,00666.png
667,https://www.vinatis.com/100788-fine_default/pinot-bianco-2024-kaltern.png,00667.png
668,https://www.vinatis.com/100811-fine_default/sauvignon-2024-jardin-des-charmes-alma-cersius.png,00668.png
669,https://www.vinatis.com/91801-fine_default/saint-bris-2022-domaine-des-remparts.png,00669.png
670,https://www.vinatis.com/93132-fine_default/chateau-cheret-pitres-2022.png,00670.png
671,https://www.vinatis.com/94788-fine_default/bourgogne-aligote-2023-cuvee-charlotte-edgar-domaine-isabelle-doudet.png,00671.png
672,https://www.vinatis.com/89930-fine_default/sauvignon-blanc-2023-domaine-du-roc-de-l-abbaye.png,00672.png
673,https://www.vinatis.com/97397-fine_default/cotes-du-rhone-blanc-2024-e-guigal.png,00673.png
674,https://www.vinatis.com/97552-fine_default/rose-2024-grande-reserve-maison-castel.png,00674.png
675,https://www.vinatis.com/92757-fine_default/john-wine-2023-sans-sulfites-ajoutes-domaine-cazes.png,00675.png
676,https://www.vinatis.com/83950-fine_default/morey-saint-denis-2017-louis-latour.png,00676.png
677,https://www.vinatis.com/72174-fine_default/cerdon-rose-les-signols-methode-ancestrale-demi-sec-dubreuil-fils.png,00677.png
678,https://www.vinatis.com/77236-fine_default/beaune-1er-cru-aux-cras-2017-famille-gagey-louis-jadot.png,00678.png
679,https://www.vinatis.com/92178-fine_default/cava-vintage-brut-codorniu.png,00679.png
680,https://www.vinatis.com/88101-fine_default/cheval-des-andes-2019.png,00680.png
681,https://www.vinatis.com/83975-fine_default/les-tours-de-pierreux-2022-chateau-de-pierreux.png,00681.png
682,https://www.vinatis.com/86230-fine_default/beaumes-de-venise-fresia-2022-romain-duvernay.png,00682.png
683,https://www.vinatis.com/76477-fine_default/cremant-de-bourgogne-blanc-de-blancs-veuve-ambal.png,00683.png
684,https://www.vinatis.com/94820-fine_default/lou-raiol-2022-3-saints-cellier-des-gorges-de-l-ardeche.png,00684.png
685,https://www.vinatis.com/95744-fine_default/ampelomeryx-blanc-2023-pellehaut.png,00685.png
686,https://www.vinatis.com/96352-fine_default/les-terrasses-rose-2024-chateau-pesquie.png,00686.png
687,https://www.vinatis.com/96133-fine_default/les-jalets-2022-maison-paul-jaboulet-aine.png,00687.png
688,https://www.vinatis.com/96930-fine_default/chateau-brondeau-du-tertre-2020.png,00688.png
689,https://www.vinatis.com/82896-fine_default/le-cedre-2020-chateau-du-cedre.png,00689.png
690,https://www.vinatis.com/97050-fine_default/up-rose-2024-ultimate-provence.png,00690.png
691,https://www.vinatis.com/98591-fine_default/morgon-2024-marcel-lapierre.png,00691.png
692,https://www.vinatis.com/85399-fine_default/reserve-mouton-cadet-saint-emilion-2020-baron-philippe-de-rothschild.png,00692.png
693,https://www.vinatis.com/86208-fine_default/brunello-di-montalcino-2019-il-poggione.png,00693.png
694,https://www.vinatis.com/87198-fine_default/macan-2019-benjamin-de-rothschild-vega-sicilia.png,00694.png
695,https://www.vinatis.com/87687-fine_default/morellino-di-scansano-riserva-2021-fattoria-le-pupille.png,00695.png
696,https://www.vinatis.com/88004-fine_default/dry-red-n1-2017-yarra-yering.png,00696.png
697,https://www.vinatis.com/94131-fine_default/4kilos-2022-4kilos-vinicola.png,00697.png
698,https://www.vinatis.com/92187-fine_default/morellino-di-scansano-2023-fattoria-le-pupille.png,00698.png
699,https://www.vinatis.com/93350-fine_default/petit-bonheur-2022-domaine-de-fonsalade.png,00699.png
700,https://www.vinatis.com/93700-fine_default/sancerre-blanc-la-grande-chatelaine-2020-joseph-mellot.png,00700.png
701,https://www.vinatis.com/98425-fine_default/montepulciano-d-abruzzo-2023-caleo.png,00701.png
702,https://www.vinatis.com/98395-fine_default/les-sorcieres-2024-du-clos-des-fees-herve-bizeul-associes.png,00702.png
703,https://www.vinatis.com/99639-fine_default/les-secrets-rose-2024-artesans.png,00703.png
704,https://www.vinatis.com/100055-fine_default/syrah-2024-flores.png,00704.png
705,https://www.vinatis.com/100112-fine_default/pont-de-pierre-2023-domaine-durieu.png,00705.png
706,https://www.vinatis.com/82937-fine_default/donkey-red-blend-2022-tussock-jumper.png,00706.png
707,https://www.vinatis.com/83729-fine_default/chateau-rieussec-2016-1er-grand-cru-classe.png,00707.png
708,https://www.vinatis.com/94532-fine_default/le-cirque-muscat-moelleux-2024-terres-plurielles.png,00708.png
709,https://www.vinatis.com/82132-fine_default/vina-real-blanco-fermentado-en-barrica-2021-cvne.png,00709.png
710,https://www.vinatis.com/98059-fine_default/talma-tempranillo-2024-bodegas-bastida.png,00710.png
711,https://www.vinatis.com/100688-fine_default/chardonnay-2024-domaine-de-miselle.png,00711.png
712,https://www.vinatis.com/84741-fine_default/saffredi-2021-fattoria-le-pupille.png,00712.png
713,https://www.vinatis.com/94803-fine_default/beaumes-de-venise-rouge-2021-xavier-vignon.png,00713.png
714,https://www.vinatis.com/94923-fine_default/gewurztraminer-vendanges-tardives-cuvee-christine-2018-domaine-schlumberger.png,00714.png
715,https://www.vinatis.com/95122-fine_default/chignin-2024-domaine-charles-gonnet.png,00715.png
716,https://www.vinatis.com/98259-fine_default/crozes-hermitage-petite-ruche-2023-m-chapoutier.png,00716.png
717,https://www.vinatis.com/97260-fine_default/premium-rose-2024-chateau-roubine-cru-classe.png,00717.png
718,https://www.vinatis.com/96135-fine_default/sauvignon-blanc-parcelles-2024-rethore-davy.png,00718.png
719,https://www.vinatis.com/96944-fine_default/palacio-del-burgo-tinto-2023-bodegas-burgo-viejo.png,00719.png
720,https://www.vinatis.com/97234-fine_default/l-artisan-le-chardonnay-2024-domaines-paul-mas.png,00720.png
721,https://www.vinatis.com/91197-fine_default/nuits-saint-georges-reserve-personnelle-2023-paul-aegerter.png,00721.png
722,https://www.vinatis.com/86565-fine_default/pernand-vergelesses-1er-cru-clos-de-la-croix-de-pierre-2022-louis-jadot.png,00722.png
723,https://www.vinatis.com/95296-fine_default/pouilly-fume-2024-domaine-jean-pierre-bailly.png,00723.png
724,https://www.vinatis.com/100319-fine_default/agneau-selection-bordeaux-blanc-2024-baron-philippe-de-rothschild.png,00724.png
725,https://www.vinatis.com/100098-fine_default/le-temps-des-fruits-2023-jeff-carrel.png,00725.png
726,https://www.vinatis.com/86020-fine_default/grande-garrigue-2022-alain-jaume.png,00726.png
727,https://www.vinatis.com/87777-fine_default/st-nicolas-de-bourgueil-les-perruches-2022-domaine-de-la-cotelleraie-gerald-vallee.png,00727.png
728,https://www.vinatis.com/88698-fine_default/vire-clesse-cuvee-ej-thevenet-2020-domaine-de-la-bongran.png,00728.png
729,https://www.vinatis.com/92148-fine_default/riesling-des-chasseurs-de-lune-2022-bestheim.png,00729.png
730,https://www.vinatis.com/93101-fine_default/muscadet-sevre-et-maine-montys-le-parc-2023-jeremie-huchet.png,00730.png
731,https://www.vinatis.com/97855-fine_default/360-de-cavalier-2024-chateau-cavalier.png,00731.png
732,https://www.vinatis.com/79215-fine_default/chateau-lilian-ladouys-2019-cru-bourgeois-exceptionnel.png,00732.png
733,https://www.vinatis.com/87133-fine_default/vina-tondonia-reserva-rouge-2012-lopez-de-heredia.png,00733.png
734,https://www.vinatis.com/92705-fine_default/barbera-d-alba-superiore-2021-mario-giribaldi.png,00734.png
735,https://www.vinatis.com/94178-fine_default/esprit-sauvage-lambrusques-2023-jm-aujoux.png,00735.png
736,https://www.vinatis.com/85470-fine_default/taurasi-2019-feudi-san-gregorio.png,00736.png
737,https://www.vinatis.com/86794-fine_default/clos-de-lolol-rouge-2020-hacienda-araucano.png,00737.png
738,https://www.vinatis.com/87271-fine_default/chablis-saint-martin-2023-domaine-laroche.png,00738.png
739,https://www.vinatis.com/88105-fine_default/modeste-herve-bizeul-associes.png,00739.png
740,https://www.vinatis.com/88438-fine_default/renaissance-rouge-2020-domaine-rotier.png,00740.png
741,https://www.vinatis.com/76136-fine_default/gran-lurton-blanc-2021-bodega-piedra-negra.png,00741.png
742,https://www.vinatis.com/77181-fine_default/chateau-la-louviere-2017.png,00742.png
743,https://www.vinatis.com/90168-fine_default/saumur-champigny-2023-plessis-duval.png,00743.png
744,https://www.vinatis.com/90953-fine_default/rouge-clair-2023-gerard-bertrand.png,00744.png
745,https://www.vinatis.com/97775-fine_default/malbec-la-posta-fazzio-2023-catena-zapata.png,00745.png
746,https://www.vinatis.com/98130-fine_default/rouge-de-gala-2024-horgelus.png,00746.png
747,https://www.vinatis.com/99323-fine_default/garnacha-monastrell-2023-los-frailes.png,00747.png
748,https://www.vinatis.com/99266-fine_default/plaisir-rouge-2023-maitres-vignerons-de-vidauban.png,00748.png
749,https://www.vinatis.com/60637-fine_default/les-dernieres-grives-2018-domaine-tariquet.png,00749.png
750,https://www.vinatis.com/83749-fine_default/chateau-terre-blanque-2020.png,00750.png
751,https://www.vinatis.com/100172-fine_default/viognier-grenache-2024-jardin-des-charmes-alma-cersius.png,00751.png
752,https://www.vinatis.com/93337-fine_default/le-blanc-de-julie-2023-lagrezette.png,00752.png
753,https://www.vinatis.com/93387-fine_default/carmenere-2023-korta-wines.png,00753.png
754,https://www.vinatis.com/94383-fine_default/hautes-cotes-de-nuits-louis-auguste-2022-duband-david.png,00754.png
755,https://www.vinatis.com/94045-fine_default/marins-d-eau-douce-rouge-2023-domaine-pujol.png,00755.png
756,https://www.vinatis.com/86769-fine_default/bourgogne-pinot-noir-2022-louis-latour.png,00756.png
757,https://www.vinatis.com/95741-fine_default/riesling-les-princes-abbes-2022-domaine-schlumberger.png,00757.png
758,https://www.vinatis.com/96588-fine_default/magali-2024-figuiere.png,00758.png
759,https://www.vinatis.com/82859-fine_default/la-combe-de-malleval-2022-domaine-stephane-ogier.png,00759.png
760,https://www.vinatis.com/93287-fine_default/le-temps-est-venu-rouge-2023-domaine-stephane-ogier.png,00760.png
761,https://www.vinatis.com/96591-fine_default/mediterranee-rose-2024-figuiere.png,00761.png
762,https://www.vinatis.com/90976-fine_default/sainte-victoire-2023-miraval.png,00762.png
763,https://www.vinatis.com/99945-fine_default/les-contours-de-deponcins-2023-domaine-francois-villard.png,00763.png
764,https://www.vinatis.com/86775-fine_default/n24-uby-bio-blanc-doux-2023-uby.png,00764.png
765,https://www.vinatis.com/89801-fine_default/riesling-steillage-feinherb-off-dry-2023-peter-peter.png,00765.png
766,https://www.vinatis.com/101217-fine_default/ardeche-chardonnay-2023-louis-latour.png,00766.png
767,https://www.vinatis.com/62077-fine_default/confidences-de-prieure-lichine-2019-second-vin-du-chateau-prieure-lichine.png,00767.png
768,https://www.vinatis.com/64423-fine_default/gewurztraminer-vendanges-tardives-2018-hubert-meyer.png,00768.png
769,https://www.vinatis.com/80888-fine_default/white-wine-n1-2021-chardonnay-tara.png,00769.png
770,https://www.vinatis.com/82210-fine_default/pietracalda-fiano-di-avellino-riserva-2022-feudi-san-gregorio.png,00770.png
771,https://www.vinatis.com/85991-fine_default/pouilly-fuisse-trilogie-de-terroir-2023-closerie-des-alisiers.png,00771.png
772,https://www.vinatis.com/87037-fine_default/chateauneuf-du-pape-2022-l-oratoire-des-papes.png,00772.png
773,https://www.vinatis.com/87738-fine_default/etna-rosso-2021-tornatore.png,00773.png
774,https://www.vinatis.com/89039-fine_default/chateau-du-cedre-2022.png,00774.png
775,https://www.vinatis.com/90063-fine_default/lagar-de-cervera-albarino-2023-la-rioja-alta.png,00775.png
776,https://www.vinatis.com/90945-fine_default/chinon-blanc-2023-domaine-jean-maurice-raffault.png,00776.png
777,https://www.vinatis.com/93253-fine_default/rara-neagra-2023-chateau-purcari.png,00777.png
778,https://www.vinatis.com/93421-fine_default/morgon-2023-jean-foillard.png,00778.png
779,https://www.vinatis.com/84201-fine_default/cabernet-franc-2022-vignoble-claude-cogne.png,00779.png
780,https://www.vinatis.com/101218-fine_default/chassagne-montrachet-rouge-2022-louis-latour.png,00780.png
781,https://www.vinatis.com/89465-fine_default/bella-s-garden-shiraz-2020-two-hands-wines.png,00781.png
782,https://www.vinatis.com/77571-fine_default/sancerre-blanc-le-tournebride-2022-vincent-gaudry.png,00782.png
783,https://www.vinatis.com/78382-fine_default/chateau-poitevin-2016-cru-bourgeois-superieur.png,00783.png
784,https://www.vinatis.com/79327-fine_default/chateau-raymond-lafon-2014.png,00784.png
785,https://www.vinatis.com/95229-fine_default/vina-alberdi-reserva-2020-la-rioja-alta.png,00785.png
786,https://www.vinatis.com/91881-fine_default/chablis-bio-sainte-claire-2023-jean-marc-brocard.png,00786.png
787,https://www.vinatis.com/94986-fine_default/vire-clesse-quintaine-2022-domaine-emilian-gillet.png,00787.png
788,https://www.vinatis.com/95752-fine_default/cune-reserva-2020-cvne.png,00788.png
789,https://www.vinatis.com/96373-fine_default/coteaux-du-layon-saint-aubin-2022-domaine-de-la-roche-moreau.png,00789.png
790,https://www.vinatis.com/96418-fine_default/chateau-montus-2019.png,00790.png
791,https://www.vinatis.com/96558-fine_default/zinfandel-2022-lapis-luna.png,00791.png
792,https://www.vinatis.com/96569-fine_default/bandol-rouge-2021-domaine-la-bastide-blanche.png,00792.png
793,https://www.vinatis.com/97333-fine_default/villa-angeli-rose-2024.png,00793.png
794,https://www.vinatis.com/98415-fine_default/vosne-romanee-1er-cru-les-chaumes-2018-louis-latour.png,00794.png
795,https://www.vinatis.com/97834-fine_default/chateau-peyrassol-rose-2024.png,00795.png
796,https://www.vinatis.com/97233-fine_default/viognier-2024-vignobles-paul-mas.png,00796.png
797,https://www.vinatis.com/85737-fine_default/reserve-rouge-2022-famille-perrin.png,00797.png
798,https://www.vinatis.com/91150-fine_default/viognier-2023-cellier-des-gorges-de-l-ardeche.png,00798.png
799,https://www.vinatis.com/84639-fine_default/riesling-saint-remigiusberg-2022-tesch.png,00799.png
800,https://www.vinatis.com/85017-fine_default/chardonnay-2021-the-ned.png,00800.png
801,https://www.vinatis.com/85344-fine_default/meursault-du-chateau-2022-chateau-de-meursault.png,00801.png
802,https://www.vinatis.com/86001-fine_default/apremont-2023-philippe-betemps.png,00802.png
803,https://www.vinatis.com/87768-fine_default/les-grandes-chaillees-2023-stephane-montez-du-monteillet.png,00803.png
804,https://www.vinatis.com/88329-fine_default/chianti-classico-riserva-2021-villa-antinori-antinori.png,00804.png
805,https://www.vinatis.com/88931-fine_default/altus-chateau-montfollet-2020.png,00805.png
806,https://www.vinatis.com/95480-fine_default/cies-2023-rodrigo-mendez.png,00806.png
807,https://www.vinatis.com/91924-fine_default/la-vieille-ferme-2023.png,00807.png
808,https://www.vinatis.com/92866-fine_default/chianti-classico-riserva-marchese-antinori-2021-tenuta-tignanello.png,00808.png
809,https://www.vinatis.com/93004-fine_default/fleur-de-pedesclaux-2019-second-vin-du-chateau-pedesclaux.png,00809.png
810,https://www.vinatis.com/93091-fine_default/coeur-de-vendanges-2023-vignes-centenaires-domaines-chermette-vissoux.png,00810.png
811,https://www.vinatis.com/94149-fine_default/apremont-perle-des-dames-2023-domaine-jean-francois-marechal.png,00811.png
812,https://www.vinatis.com/93553-fine_default/uby-bio-rouge-n27-2023-uby.png,00812.png
813,https://www.vinatis.com/93681-fine_default/saumur-blanc-clin-d-oeil-blanc-2023-alliance-loire.png,00813.png
814,https://www.vinatis.com/75818-fine_default/alamos-torrontes-2022-famille-catena.png,00814.png
815,https://www.vinatis.com/84386-fine_default/louis-jadot-chorey-les-beaune-lieu-dit-les-beaumonts-2021.png,00815.png
816,https://www.vinatis.com/76772-fine_default/vina-arana-gran-reserva-2016-la-rioja-alta.png,00816.png
817,https://www.vinatis.com/55425-fine_default/pinot-gris-grand-cru-kitterle-2015-domaine-schlumberger.png,00817.png
818,https://www.vinatis.com/83911-fine_default/chateau-carbonnieux-rouge-2019-cru-classe-de-graves.png,00818.png
819,https://www.vinatis.com/63713-fine_default/chiroubles-les-clochers-2021-vignerons-de-bel-air.png,00819.png
820,https://www.vinatis.com/69443-fine_default/chateau-grand-ormeau-cuvee-chevalier-2018.png,00820.png
821,https://www.vinatis.com/89781-fine_default/les-calcinaires-2023-domaine-gauby.png,00821.png
822,https://www.vinatis.com/89809-fine_default/pinot-gris-parcelles-2023-rethore-davy.png,00822.png
823,https://www.vinatis.com/90207-fine_default/gruner-veltliner-ried-gaisberg-1-otw-2022-allram.png,00823.png
824,https://www.vinatis.com/91940-fine_default/la-vizcaina-la-vitoriana-2022-raul-perez-bodegas-y-vinedos.png,00824.png
825,https://www.vinatis.com/90893-fine_default/cairanne-2019-romain-duvernay.png,00825.png
826,https://www.vinatis.com/97874-fine_default/mouton-cadet-bio-rose-x-mathilde-2024-baron-philippe-de-rothschild.png,00826.png
827,https://www.vinatis.com/98558-fine_default/fiano-salento-2024-notte-rossa.png,00827.png
828,https://www.vinatis.com/98780-fine_default/le-difese-2022-tenuta-san-guido.png,00828.png
829,https://www.vinatis.com/94259-fine_default/saint-joseph-nobles-rives-2022-cave-de-tain.png,00829.png
830,https://www.vinatis.com/94352-fine_default/isatis-rouge-2023-alain-gayrel.png,00830.png
831,https://www.vinatis.com/93199-fine_default/domaine-la-bastide-blanche-bandol-blanc-2023.png,00831.png
832,https://www.vinatis.com/95906-fine_default/touraine-sauvignon-blanc-confidences-2023-famille-bougrier.png,00832.png
833,https://www.vinatis.com/96119-fine_default/la-part-des-vivants-2023-famille-garon.png,00833.png
834,https://www.vinatis.com/98520-fine_default/biancu-gentile-2024-domaine-terra-vecchia.png,00834.png
835,https://www.vinatis.com/96840-fine_default/revolution-tannat-2021-vina-progreso.png,00835.png
836,https://www.vinatis.com/76941-fine_default/bernkasteler-graben-riesling-spatlese-2021-dr-thanisch.png,00836.png
837,https://www.vinatis.com/97462-fine_default/verdejo-2024-dominio-de-la-granadilla.png,00837.png
838,https://www.vinatis.com/92571-fine_default/chateau-grand-jean-entre-deux-mers-2023.png,00838.png
839,https://www.vinatis.com/86610-fine_default/chateau-reynaud-lacoste-2021.png,00839.png
840,https://www.vinatis.com/87265-fine_default/macon-villages-vieilles-vignes-2023-cave-de-vire.png,00840.png
841,https://www.vinatis.com/96216-fine_default/reserve-blanc-2024-perrin-et-fils.png,00841.png
842,https://www.vinatis.com/96289-fine_default/parallele-45-blanc-2024-maison-paul-jaboulet-aine.png,00842.png
843,https://www.vinatis.com/94066-fine_default/cochon-volant-rouge-2023-chateau-de-caraguilhes.png,00843.png
844,https://www.vinatis.com/100343-fine_default/clos-des-mures-2023-domaine-paul-mas.png,00844.png
845,https://www.vinatis.com/75423-fine_default/chateau-dauzac-2019-5eme-cru-classe.png,00845.png
846,https://www.vinatis.com/78019-fine_default/pinot-noir-haus-klosterberg-2019-markus-molitor.png,00846.png
847,https://www.vinatis.com/79133-fine_default/cutizzi-greco-di-tufo-2022-feudi-di-san-gregorio.png,00847.png
848,https://www.vinatis.com/81966-fine_default/arcane-la-justice-2020-xavier-vignon.png,00848.png
849,https://www.vinatis.com/82395-fine_default/red-wine-n1-2021-pinot-noir-tara.png,00849.png
850,https://www.vinatis.com/84291-fine_default/la-croix-de-carbonnieux-2019-second-vin-chateau-carbonnieux.png,00850.png
851,https://www.vinatis.com/90952-fine_default/grande-cuvee-2022-cave-de-castelmaure.png,00851.png
852,https://www.vinatis.com/88354-fine_default/la-cite-des-vents-2022-chateau-auzias.png,00852.png
853,https://www.vinatis.com/89040-fine_default/cuvee-des-conti-2023-domaine-albert-de-conti.png,00853.png
854,https://www.vinatis.com/91920-fine_default/tavel-2023-chateau-d-aqueria.png,00854.png
855,https://www.vinatis.com/92160-fine_default/chateau-mayne-vieil-2019.png,00855.png
856,https://www.vinatis.com/94294-fine_default/gewurztraminer-collection-familiale-2023-henri-ehrhart.png,00856.png
857,https://www.vinatis.com/94447-fine_default/premium-organic-malbec-2023-domaine-bousquet.png,00857.png
858,https://www.vinatis.com/97088-fine_default/bergerie-de-l-hortus-2023-domaine-de-l-hortus.png,00858.png
859,https://www.vinatis.com/98449-fine_default/tete-de-belier-2022-chateau-puech-haut.png,00859.png
860,https://www.vinatis.com/100572-fine_default/les-grenadines-2024-domaine-d-ansignan.png,00860.png
861,https://www.vinatis.com/74370-fine_default/montepulciano-d-abruzzo-riserva-2020-antico-blasone.png,00861.png
862,https://www.vinatis.com/85374-fine_default/reserve-2021-roger-sabon.png,00862.png
863,https://www.vinatis.com/85751-fine_default/les-christins-2022-famille-perrin.png,00863.png
864,https://www.vinatis.com/88956-fine_default/contino-blanco-2021-cvne.png,00864.png
865,https://www.vinatis.com/88478-fine_default/petit-manseng-blanc-moelleux-2023-domaine-de-miselle.png,00865.png
866,https://www.vinatis.com/81146-fine_default/morgon-2022-jean-paul-brun-domaine-des-terres-dorees.png,00866.png
867,https://www.vinatis.com/94533-fine_default/art-de-vivre-rouge-2021-gerard-bertrand.png,00867.png
868,https://www.vinatis.com/90769-fine_default/orange-gold-vin-orange-bio-2022-gerard-bertrand.png,00868.png
869,https://www.vinatis.com/91398-fine_default/le-prieure-2022-chateau-vaugelas-vignobles-bonfils.png,00869.png
870,https://www.vinatis.com/97953-fine_default/lama-carmenere-2023-tussock-jumper.png,00870.png
871,https://www.vinatis.com/99504-fine_default/la-traversee-2021-domaine-de-la-brillane.png,00871.png
872,https://www.vinatis.com/101221-fine_default/aloxe-corton-2017-louis-latour.png,00872.png
873,https://www.vinatis.com/92647-fine_default/telegramme-2022-domaine-du-vieux-telegraphe.png,00873.png
874,https://www.vinatis.com/92671-fine_default/saint-veran-la-cote-doree-2023-domaine-guerrin-et-fils.png,00874.png
875,https://www.vinatis.com/93136-fine_default/cabernet-d-anjou-2023-domaine-de-montgilet.png,00875.png
876,https://www.vinatis.com/93561-fine_default/anjou-rouge-2023-domaine-de-pied-flond.png,00876.png
877,https://www.vinatis.com/93800-fine_default/pinot-noir-reserve-2023-barton-guestier.png,00877.png
878,https://www.vinatis.com/94157-fine_default/cotes-du-rhone-villages-plan-de-dieu-2023-ferraton-pere-fils.png,00878.png
879,https://www.vinatis.com/88677-fine_default/furmint-sec-t-2022-pajzos.png,00879.png
880,https://www.vinatis.com/69018-fine_default/les-fumees-blanches-2021-vin-orange-francois-lurton.png,00880.png
881,https://www.vinatis.com/88310-fine_default/crozes-hermitage-2021-e-guigal.png,00881.png
882,https://www.vinatis.com/90368-fine_default/sauvignon-blanc-loire-rebelle-2023-dumnacus-vignerons.png,00882.png
883,https://www.vinatis.com/91863-fine_default/vin-orange-xavier-vignon.png,00883.png
884,https://www.vinatis.com/98195-fine_default/occultum-lapidem-blanc-2020-domaine-de-bila-haut.png,00884.png
885,https://www.vinatis.com/94322-fine_default/laureole-2023-romain-duvernay.png,00885.png
886,https://www.vinatis.com/97598-fine_default/le-loup-du-pic-rose-2024-puech-haut.png,00886.png
887,https://www.vinatis.com/71983-fine_default/cremant-d-alsace-rose-domaine-allimant-laugner.png,00887.png
888,https://www.vinatis.com/91035-fine_default/chateau-mangot-2019.png,00888.png
889,https://www.vinatis.com/83305-fine_default/arbois-poulsard-2020-fruitiere-vinicole-d-arbois.png,00889.png
890,https://www.vinatis.com/81823-fine_default/veuve-du-vernay-rose.png,00890.png
891,https://www.vinatis.com/88428-fine_default/7-fuentes-2020-suertes-del-marques.png,00891.png
892,https://www.vinatis.com/83060-fine_default/quincy-2022-domaine-du-roc-de-l-abbaye.png,00892.png
893,https://www.vinatis.com/83265-fine_default/chemin-des-garennes-2019-chateau-capion.png,00893.png
894,https://www.vinatis.com/87491-fine_default/cotes-du-rhone-blanc-2023-domaine-de-la-janasse.png,00894.png
895,https://www.vinatis.com/91095-fine_default/pouilly-fuisse-vieilles-vignes-2023-famille-perrachon.png,00895.png
896,https://www.vinatis.com/92078-fine_default/muscadet-sevre-et-maine-sur-lie-2023-chateau-de-la-janniere.png,00896.png
897,https://www.vinatis.com/90709-fine_default/cabernet-sauvignon-2022-bread-and-butter.png,00897.png
898,https://www.vinatis.com/87095-fine_default/12volts-2022-4kilos-vinicola.png,00898.png
899,https://www.vinatis.com/93173-fine_default/beaujolais-blanc-vinification-bourguignonne-2023-jean-paul-brun-domaine-des-terres-dorees.png,00899.png
900,https://www.vinatis.com/88804-fine_default/syrah-2023-les-vignes-d-a-cote-yves-cuilleron.png,00900.png
901,https://www.vinatis.com/99310-fine_default/byott-2024-selections-ott.png,00901.png
902,https://www.vinatis.com/87615-fine_default/cremant-de-loire-blanc-domaine-langlois-chateau.png,00902.png
903,https://www.vinatis.com/92555-fine_default/dauphin-d-olivier-2020-second-vin-du-chateau-olivier.png,00903.png
904,https://www.vinatis.com/92119-fine_default/cardinal-2022-romain-duvernay.png,00904.png
905,https://www.vinatis.com/100344-fine_default/arrogant-frog-2022-merlot-cabernet-sauvignon-domaines-paul-mas.png,00905.png
906,https://www.vinatis.com/89032-fine_default/chateau-d-yquem-2021-1er-cru-classe-superieur.png,00906.png
907,https://www.vinatis.com/85736-fine_default/les-sinards-2022-famille-perrin.png,00907.png
908,https://www.vinatis.com/87909-fine_default/petit-chablis-2022-domaine-du-chardonnay.png,00908.png
909,https://www.vinatis.com/89163-fine_default/st-nicolas-de-bourgueil-75cl-de-terroir-2023-domaine-la-chevallerie.png,00909.png
910,https://www.vinatis.com/81443-fine_default/lagrave-martillac-2019-second-vin-du-chateau-latour-martillac.png,00910.png
911,https://www.vinatis.com/85420-fine_default/zenith-de-schiste-rouge-2022-cave-de-roquebrun.png,00911.png
912,https://www.vinatis.com/86643-fine_default/cuvee-reserve-blanc-sec-2021-domaine-pellehaut.png,00912.png
913,https://www.vinatis.com/92896-fine_default/chateau-clarke-2015-baron-edmond-de-rothschild.png,00913.png
914,https://www.vinatis.com/96092-fine_default/chateau-lamothe-vincent-rose-2024.png,00914.png
915,https://www.vinatis.com/96824-fine_default/finca-san-martin-crianza-torre-de-ona-2021-la-rioja-alta.png,00915.png
916,https://www.vinatis.com/97459-fine_default/zinfandel-diamond-collection-2022-francis-ford-coppola.png,00916.png
917,https://www.vinatis.com/97554-fine_default/figuerette-blanc-2023-domaine-de-la-clapiere.png,00917.png
918,https://www.vinatis.com/97654-fine_default/harmonie-de-gascogne-rouge-2024-domaine-pellehaut.png,00918.png
919,https://www.vinatis.com/56028-fine_default/chandon-garden-spritz.png,00919.png
920,https://www.vinatis.com/89783-fine_default/la-matiniere-2022-ferraton-pere-fils.png,00920.png
921,https://www.vinatis.com/100399-fine_default/lirac-2022-xavier-vignon.png,00921.png
922,https://www.vinatis.com/60668-fine_default/chateau-giscours-2020-3eme-cru-classe.png,00922.png
923,https://www.vinatis.com/85342-fine_default/meursault-1er-cru-les-charmes-2022-chateau-de-meursault.png,00923.png
924,https://www.vinatis.com/88172-fine_default/sking-or-queen-2021-vin-orange-la-unidad-vinas-y-bodega.png,00924.png
925,https://www.vinatis.com/86714-fine_default/albaran-2023-moulin-de-gassac.png,00925.png
926,https://www.vinatis.com/86787-fine_default/valencay-blanc-symphonie-2023-domaine-jean-francois-roy.png,00926.png
927,https://www.vinatis.com/87810-fine_default/max-s-chardonnay-2022-penfolds.png,00927.png
928,https://www.vinatis.com/87988-fine_default/las-firmas-del-valtuille-tinto-2022-bodegas-y-vinedos-cesar-marquez.png,00928.png
929,https://www.vinatis.com/88756-fine_default/chateau-laulerie-reserve-2022.png,00929.png
930,https://www.vinatis.com/93505-fine_default/arbois-pinot-noir-grande-cote-de-grillard-2022-domaine-de-la-grange-grillard.png,00930.png
931,https://www.vinatis.com/93842-fine_default/grand-classique-2022-domaine-d-aigues-belles.png,00931.png
932,https://www.vinatis.com/74318-fine_default/compartir-2020-chateau-de-l-ou.png,00932.png
933,https://www.vinatis.com/75881-fine_default/cuvee-sm-3-xavier-vignon.png,00933.png
934,https://www.vinatis.com/79754-fine_default/max-s-shiraz-cabernet-sauvignon-2019-penfolds.png,00934.png
935,https://www.vinatis.com/82103-fine_default/chablis-1er-cru-montmains-2018-william-fevre.png,00935.png
936,https://www.vinatis.com/68525-fine_default/pinot-gris-les-princes-abbes-2018-domaine-schlumberger.png,00936.png
937,https://www.vinatis.com/63534-fine_default/corton-charlemagne-grand-cru-2018-louis-latour.png,00937.png
938,https://www.vinatis.com/69856-fine_default/condrieu-breze-2020-louis-cheze.png,00938.png
939,https://www.vinatis.com/90198-fine_default/brune-et-blonde-2021-e-guigal.png,00939.png
940,https://www.vinatis.com/91033-fine_default/riesling-cuvee-frederic-emile-2018-domaine-trimbach.png,00940.png
941,https://www.vinatis.com/97777-fine_default/rosumarinu-2024-domaine-sant-armettu.png,00941.png
942,https://www.vinatis.com/99066-fine_default/rive-droite-2023-luc-baudet.png,00942.png
943,https://www.vinatis.com/101015-fine_default/rouge-2024-umanu.png,00943.png
944,https://www.vinatis.com/82359-fine_default/domaine-de-l-aurage-2022.png,00944.png
945,https://www.vinatis.com/94862-fine_default/bourgueil-igoranda-2022-domaine-des-ouches.png,00945.png
946,https://www.vinatis.com/95178-fine_default/les-pagodes-de-cos-2018-second-vin-du-chateau-cos-d-estournel.png,00946.png
947,https://www.vinatis.com/98258-fine_default/les-meysonniers-rouge-2023-m-chapoutier.png,00947.png
948,https://www.vinatis.com/95907-fine_default/first-flight-viognier-2023-domaine-graeme-julie-bott.png,00948.png
949,https://www.vinatis.com/98665-fine_default/gamay-en-coteaux-2023-jeff-carrel.png,00949.png
950,https://www.vinatis.com/97257-fine_default/gevrey-chambertin-la-justice-2022-domaine-marey.png,00950.png
951,https://www.vinatis.com/83692-fine_default/etna-rosso-2021-planeta.png,00951.png
952,https://www.vinatis.com/100313-fine_default/le-temps-est-venu-blanc-2024-domaine-stephane-ogier.png,00952.png
953,https://www.vinatis.com/96036-fine_default/brise-marine-2024-chateau-de-la-negly.png,00953.png
954,https://www.vinatis.com/96525-fine_default/verdejo-2024-cuatro-rayas.png,00954.png
955,https://www.vinatis.com/90026-fine_default/pinot-noir-sauvage-2023-joseph-cattin.png,00955.png
956,https://www.vinatis.com/96902-fine_default/chateauneuf-du-pape-2020-chateau-mont-redon.png,00956.png
957,https://www.vinatis.com/96629-fine_default/studio-by-miraval-blanc-2024.png,00957.png
958,https://www.vinatis.com/78923-fine_default/emilien-2020-le-puy.png,00958.png
959,https://www.vinatis.com/82534-fine_default/cremant-de-bourgogne-brut-perle-de-vigne-louis-bouillot.png,00959.png
960,https://www.vinatis.com/84437-fine_default/gewurztraminer-grand-cru-winzenberg-2021-hubert-meyer.png,00960.png
961,https://www.vinatis.com/85403-fine_default/gewurztraminer-grand-cru-praelatenberg-2019-domaine-allimant-laugner.png,00961.png
962,https://www.vinatis.com/89085-fine_default/les-launes-2022-delas.png,00962.png
963,https://www.vinatis.com/90964-fine_default/cotes-du-jura-savagnin-2020-domaine-de-savagny.png,00963.png
964,https://www.vinatis.com/93544-fine_default/chateau-paveil-de-luze-2019-cru-bourgeois-exceptionnel.png,00964.png
965,https://www.vinatis.com/94653-fine_default/pessac-leognan-2022-chateau-coucheroy.png,00965.png
966,https://www.vinatis.com/85783-fine_default/bourgogne-pinot-noir-couvent-des-jacobins-2022-louis-jadot.png,00966.png
967,https://www.vinatis.com/90799-fine_default/heluicum-2023-les-vins-de-vienne.png,00967.png
968,https://www.vinatis.com/42092-fine_default/moscato-spumante-dolce-scudo-raphael-dal-bo.png,00968.png
969,https://www.vinatis.com/73001-fine_default/seigneurs-d-aiguilhe-2016-second-vin-du-chateau-d-aiguilhe.png,00969.png
970,https://www.vinatis.com/88544-fine_default/pinot-grigio-delle-venezie-2023-frassinelli.png,00970.png
971,https://www.vinatis.com/93521-fine_default/saint-veran-tradition-2023-domaine-des-deux-roches.png,00971.png
972,https://www.vinatis.com/87967-fine_default/menetou-salon-blanc-les-blanchais-2022-domaine-henry-pelle.png,00972.png
973,https://www.vinatis.com/72236-fine_default/chateau-ferreyres-2020.png,00973.png
974,https://www.vinatis.com/80528-fine_default/lieu-dit-les-picheres-2021-ferraton-pere-fils.png,00974.png
975,https://www.vinatis.com/76375-fine_default/clos-vougeot-grand-cru-2014-louis-jadot.png,00975.png
976,https://www.vinatis.com/77015-fine_default/dalmatian-dog-posip-2022-merga-victa-winery.png,00976.png
977,https://www.vinatis.com/84341-fine_default/amiral-de-beychevelle-2020-second-vin-du-chateau-beychevelle.png,00977.png
978,https://www.vinatis.com/79576-fine_default/lais-2021-domaine-olivier-pithon.png,00978.png
979,https://www.vinatis.com/81385-fine_default/kolor-2019-okuda-san-miguel-raul-perez.png,00979.png
980,https://www.vinatis.com/89385-fine_default/bourgogne-chitry-2023-domaine-colbois.png,00980.png
981,https://www.vinatis.com/89425-fine_default/la-gascogne-gros-manseng-sauvignon-2023-alain-brumont.png,00981.png
982,https://www.vinatis.com/89464-fine_default/brave-faces-2022-two-hands-wines.png,00982.png
983,https://www.vinatis.com/90164-fine_default/muscadet-star-fish-2023-eric-chevalier.png,00983.png
984,https://www.vinatis.com/90845-fine_default/chateau-maucaillou-2021.png,00984.png
985,https://www.vinatis.com/98302-fine_default/nicolas-2023-domaine-lafage.png,00985.png
986,https://www.vinatis.com/97924-fine_default/nuit-grave-2022-mas-des-chimeres.png,00986.png
987,https://www.vinatis.com/99785-fine_default/clos-de-los-siete-2021.png,00987.png
988,https://www.vinatis.com/57758-fine_default/chateau-redon-2018.png,00988.png
989,https://www.vinatis.com/60228-fine_default/cotes-du-jura-blanc-la-cote-39-domaine-marcel-cabelier.png,00989.png
990,https://www.vinatis.com/83040-fine_default/chateau-carbonnieux-2021-cru-classe-de-graves.png,00990.png
991,https://www.vinatis.com/91612-fine_default/pinot-gris-collection-familiale-2023-henri-ehrhart.png,00991.png
992,https://www.vinatis.com/92853-fine_default/hautes-cotes-de-nuits-blanc-2022-doudet-naudin.png,00992.png
993,https://www.vinatis.com/92946-fine_default/furmint-2023-zavec-brothers.png,00993.png
994,https://www.vinatis.com/95811-fine_default/coteaux-du-vendomois-tradition-2022-cave-jumert.png,00994.png
995,https://www.vinatis.com/93607-fine_default/mercurey-1er-cru-en-sazenay-2022-chateau-de-chamirey.png,00995.png
996,https://www.vinatis.com/94490-fine_default/riesling-unplugged-2023-tesch.png,00996.png
997,https://www.vinatis.com/90053-fine_default/bordeaux-blanc-dourthe-n1-2023.png,00997.png
998,https://www.vinatis.com/94967-fine_default/pinot-grigio-delle-venezie-2024-vivaldi.png,00998.png
999,https://www.vinatis.com/82250-fine_default/chateauneuf-du-pape-2019-chateau-de-vaudieu.png,00999.png
1000,https://www.vinatis.com/98656-fine_default/prestige-2021-puech-haut.png,01000.png
1001,https://www.vinatis.com/90492-fine_default/la-font-blanche-2023-chateau-de-caraguilhes.png,01001.png
1002,https://www.vinatis.com/93898-fine_default/chianti-riserva-alteo-2021-donna-laura.png,01002.png
1003,https://www.vinatis.com/97625-fine_default/chateau-chasse-spleen-2019.png,01003.png
1004,https://www.vinatis.com/88581-fine_default/chablis-2023-domaine-de-vauroux.png,01004.png
1005,https://www.vinatis.com/100755-fine_default/chateauneuf-du-pape-excellence-2022-domaine-brunely.png,01005.png
1006,https://www.vinatis.com/97301-fine_default/la-minuette-2024-domaine-gayda.png,01006.png
1007,https://www.vinatis.com/99039-fine_default/cremant-de-loire-brut-rose-de-chanceny.png,01007.png
1008,https://www.vinatis.com/87104-fine_default/bourgogne-cote-chalonnaise-pinot-noir-2022-paul-delane-vignerons-de-buxy.png,01008.png
1009,https://www.vinatis.com/97022-fine_default/chateau-d-ardennes-2020.png,01009.png
1010,https://www.vinatis.com/97364-fine_default/libre-rose-2024-la-bargemone.png,01010.png
1011,https://www.vinatis.com/98669-fine_default/malbec-pertinence-2023-rethore-davy.png,01011.png
1012,https://www.vinatis.com/97714-fine_default/love-by-leoube-rose-2024.png,01012.png
1013,https://www.vinatis.com/87103-fine_default/vermell-2022-celler-del-roure.png,01013.png
1014,https://www.vinatis.com/96691-fine_default/viognier-2024-vignerons-du-mont-ventoux.png,01014.png
1015,https://www.vinatis.com/42715-fine_default/millesime-1980-mas-amiel.png,01015.png
1016,https://www.vinatis.com/84588-fine_default/riesling-tonschiefer-trocken-2022-donnhoff.png,01016.png
1017,https://www.vinatis.com/85424-fine_default/rhino-pinotage-2022-tussock-jumper.png,01017.png
1018,https://www.vinatis.com/86400-fine_default/nuits-saint-georges-les-argillats-2022-domaine-fleurot.png,01018.png
1019,https://www.vinatis.com/86801-fine_default/carillon-d-angelus-2020-second-vin-du-chateau-angelus.png,01019.png
1020,https://www.vinatis.com/87140-fine_default/chateau-suduiraut-2016-1er-cru-classe.png,01020.png
1021,https://www.vinatis.com/94092-fine_default/chateauneuf-du-pape-1998-xavier-vignon.png,01021.png
1022,https://www.vinatis.com/93889-fine_default/cava-brut-nature-reserva-2021-roger-goulart-cvne.png,01022.png
1023,https://www.vinatis.com/75129-fine_default/topography-red-2021-david-nadia.png,01023.png
1024,https://www.vinatis.com/76142-fine_default/roussette-2022-cellier-de-la-baraterie.png,01024.png
1025,https://www.vinatis.com/80183-fine_default/helan-mountain-cabernet-sauvignon-2021-chateau-changyu-moser-xv.png,01025.png
1026,https://www.vinatis.com/94611-fine_default/deschants-2022-m-chapoutier.png,01026.png
1027,https://www.vinatis.com/56611-fine_default/chateau-ducru-beaucaillou-2018-2nd-cru-classe.png,01027.png
1028,https://www.vinatis.com/73717-fine_default/vol-libre-rouge-2020-sans-sulfites-ajoutes.png,01028.png
1029,https://www.vinatis.com/89102-fine_default/mediterranee-rouge-2023-figuiere.png,01029.png
1030,https://www.vinatis.com/91165-fine_default/saint-joseph-poivre-et-sol-2022-domaine-francois-villard.png,01030.png
1031,https://www.vinatis.com/89726-fine_default/pommard-2022-domaine-bourgogne-devaux.png,01031.png
1032,https://www.vinatis.com/90995-fine_default/chateau-la-croix-romane-2022.png,01032.png
1033,https://www.vinatis.com/97850-fine_default/sancerre-rose-2024-domaine-chauveau.png,01033.png
1034,https://www.vinatis.com/98698-fine_default/cochon-volant-rose-2024-chateau-de-caraguilhes.png,01034.png
1035,https://www.vinatis.com/100753-fine_default/vacqueyras-vieilles-vignes-2023-les-secrets-de-la-licorne-domaine-brunely.png,01035.png
1036,https://www.vinatis.com/82786-fine_default/bouzeron-2022-louis-jadot.png,01036.png
1037,https://www.vinatis.com/83659-fine_default/saint-joseph-2023-domaine-courbis.png,01037.png
1038,https://www.vinatis.com/95800-fine_default/chinon-rouge-les-picasses-2019-domaine-olga-raffault.png,01038.png
1039,https://www.vinatis.com/94975-fine_default/clos-de-sixte-2021-alain-jaume.png,01039.png
1040,https://www.vinatis.com/95337-fine_default/ventoux-2023-reserve-saint-dominique.png,01040.png
1041,https://www.vinatis.com/96844-fine_default/macon-lugny-bouchet-2023-louis-jadot.png,01041.png
1042,https://www.vinatis.com/97689-fine_default/chardonnay-les-grains-2024-marrenon.png,01042.png
1043,https://www.vinatis.com/97215-fine_default/estate-sauvignon-blanc-2024-clos-henri-vineyard.png,01043.png
1044,https://www.vinatis.com/51239-fine_default/prosecco-doc-gold-bottega.png,01044.png
1045,https://www.vinatis.com/90065-fine_default/cabernet-franc-2021-el-enemigo.png,01045.png
1046,https://www.vinatis.com/88970-fine_default/pouilly-sur-loire-2023-domaine-jean-pierre-bailly.png,01046.png
1047,https://www.vinatis.com/88864-fine_default/gruner-veltliner-selection-2023-domane-wachau.png,01047.png
1048,https://www.vinatis.com/90651-fine_default/reserve-mouton-cadet-sauternes-2022-baron-philippe-de-rothschild.png,01048.png
1049,https://www.vinatis.com/94688-fine_default/crozes-hermitage-vibrato-2022-romain-duvernay.png,01049.png
1050,https://www.vinatis.com/100375-fine_default/blanc-2024-domaine-de-bila-haut.png,01050.png
1051,https://www.vinatis.com/49519-fine_default/arcane-le-fou-xavier-vignon.png,01051.png
1052,https://www.vinatis.com/84118-fine_default/muscat-sec-2022-les-jamelles.png,01052.png
1053,https://www.vinatis.com/82465-fine_default/moulin-de-la-lagune-2017-second-vin-du-chateau-la-lagune.png,01053.png
1054,https://www.vinatis.com/93164-fine_default/pinot-noir-barrique-2022-hubert-meyer.png,01054.png
1055,https://www.vinatis.com/93368-fine_default/gros-plant-lecailler-2023-chateau-guipiere.png,01055.png
1056,https://www.vinatis.com/88180-fine_default/bergerie-de-l-hortus-blanc-2023-domaine-de-l-hortus.png,01056.png
1057,https://www.vinatis.com/89276-fine_default/chablis-2023-maison-patriarche.png,01057.png
1058,https://www.vinatis.com/93782-fine_default/chinon-rouge-tradition-2023-chateau-coudray-montpensier.png,01058.png
1059,https://www.vinatis.com/50161-fine_default/chateau-maucaillou-2019.png,01059.png
1060,https://www.vinatis.com/88190-fine_default/le-jeu-des-verts-2022-marcel-deiss.png,01060.png
1061,https://www.vinatis.com/85728-fine_default/hacienda-las-canas-listan-negro-2021-suertes-del-marques.png,01061.png
1062,https://www.vinatis.com/101219-fine_default/fixin-2022-louis-latour.png,01062.png
1063,https://www.vinatis.com/86792-fine_default/chateau-la-sauvageonne-grand-vin-2021-gerard-bertrand.png,01063.png
1064,https://www.vinatis.com/87134-fine_default/vina-gravonia-crianza-blanc-2016-lopez-de-heredia.png,01064.png
1065,https://www.vinatis.com/87432-fine_default/barbera-d-alba-2022-giovanni-sordo.png,01065.png
1066,https://www.vinatis.com/88064-fine_default/fuerza-2020-ego-bodegas.png,01066.png
1067,https://www.vinatis.com/90366-fine_default/chardonnay-loire-rebelle-2023-dumnacus-vignerons.png,01067.png
1068,https://www.vinatis.com/88402-fine_default/chardonnay-2023-vignoble-claude-cogne.png,01068.png
1069,https://www.vinatis.com/89554-fine_default/marius-2022-la-dourbie.png,01069.png
1070,https://www.vinatis.com/76140-fine_default/pinot-noir-humo-blanco-2022-hacienda-araucano.png,01070.png
1071,https://www.vinatis.com/76811-fine_default/enira-2018-bessa-valley.png,01071.png
1072,https://www.vinatis.com/89713-fine_default/mondeuse-saint-jean-de-la-porte-2022-cellier-de-la-baraterie.png,01072.png
1073,https://www.vinatis.com/89979-fine_default/irancy-2022-jean-marc-brocard.png,01073.png
1074,https://www.vinatis.com/90169-fine_default/silice-blanc-2023-maison-des-ardoisieres.png,01074.png
1075,https://www.vinatis.com/90246-fine_default/st-nicolas-de-bourgueil-traditionnelle-2023-damien-bruneau.png,01075.png
1076,https://www.vinatis.com/91090-fine_default/tignanello-2021-antinori.png,01076.png
1077,https://www.vinatis.com/91282-fine_default/pinot-noir-2023-la-petite-perriere-la-perriere.png,01077.png
1078,https://www.vinatis.com/91477-fine_default/contino-reserva-2020-cvne.png,01078.png
1079,https://www.vinatis.com/91479-fine_default/brezo-2023-bodegas-y-vinedos-mengoba.png,01079.png
1080,https://www.vinatis.com/97900-fine_default/le-petit-clos-maia-2023-clos-maia.png,01080.png
1081,https://www.vinatis.com/98994-fine_default/les-enfants-terribles-2023-pinot-noir-paul-aegerter.png,01081.png
1082,https://www.vinatis.com/99281-fine_default/marius-blanc-2024-by-m-chapoutier.png,01082.png
1083,https://www.vinatis.com/99602-fine_default/les-perles-blanc-2024-vigne-lourac.png,01083.png
1084,https://www.vinatis.com/54026-fine_default/chateau-la-gaffeliere-2018-1er-grand-cru-classe-b.png,01084.png
1085,https://www.vinatis.com/89982-fine_default/chablis-1er-cru-vaulorent-2018-la-chablisienne.png,01085.png
1086,https://www.vinatis.com/83022-fine_default/chinon-rouge-le-domaine-2022-bernard-baudry.png,01086.png
1087,https://www.vinatis.com/84304-fine_default/chateau-larrivet-haut-brion-2016.png,01087.png
1088,https://www.vinatis.com/100135-fine_default/syrah-2024-laurent-combier.png,01088.png
1089,https://www.vinatis.com/94442-fine_default/ponce-2023-bodegas-y-vinedos-ponce.png,01089.png
1090,https://www.vinatis.com/92440-fine_default/remeage-rouge-2022-les-vins-de-vienne.png,01090.png
1091,https://www.vinatis.com/92532-fine_default/les-contours-de-mairlant-2023-francois-villard.png,01091.png
1092,https://www.vinatis.com/92631-fine_default/jourde-blanc-2023-la-chapelle-saint-mathieu.png,01092.png
1093,https://www.vinatis.com/96677-fine_default/menetou-salon-rouge-morogues-2023-domaine-henry-pelle.png,01093.png
1094,https://www.vinatis.com/93584-fine_default/reserve-de-famille-2020-chateau-martet.png,01094.png
1095,https://www.vinatis.com/94417-fine_default/coteaux-de-l-aubance-2022-domaine-de-montgilet.png,01095.png
1096,https://www.vinatis.com/77519-fine_default/cremant-du-jura-brut-lapiaz-domaine-tissot-maire.png,01096.png
1097,https://www.vinatis.com/86542-fine_default/chateau-bouscasse-2018.png,01097.png
1098,https://www.vinatis.com/89325-fine_default/coteaux-du-layon-les-ondines-2022-domaine-des-trottieres.png,01098.png
1099,https://www.vinatis.com/89907-fine_default/cremant-de-loire-blanc-cuvee-ciselee-monmousseau.png,01099.png
1100,https://www.vinatis.com/90185-fine_default/pinot-noir-2023-domaine-allimant-laugner.png,01100.png
1101,https://www.vinatis.com/90488-fine_default/tandem-2022-domaine-des-ouled-thaleb-alain-graillot-jacques-poulain.png,01101.png
1102,https://www.vinatis.com/92265-fine_default/les-larmes-du-pere-2022-maison-anthony-paret.png,01102.png
1103,https://www.vinatis.com/97189-fine_default/hautes-cotes-de-beaune-la-perriere-2023-domaine-bourgogne-devaux.png,01103.png
1104,https://www.vinatis.com/88817-fine_default/lieu-dit-digue-blanc-2023-yves-cuilleron.png,01104.png
1105,https://www.vinatis.com/95297-fine_default/beaune-1er-cru-clos-des-couchereaux-2018-domaine-des-heritiers-louis-jadot.png,01105.png
1106,https://www.vinatis.com/95719-fine_default/lions-de-suduiraut-2019-second-vin-du-chateau-suduiraut.png,01106.png
1107,https://www.vinatis.com/98313-fine_default/savennieres-roche-aux-moines-2022-domaine-aux-moines.png,01107.png
1108,https://www.vinatis.com/96667-fine_default/meursault-2023-joseph-drouhin.png,01108.png
1109,https://www.vinatis.com/97049-fine_default/macon-chardonnay-2023-domaine-giroud.png,01109.png
1110,https://www.vinatis.com/98666-fine_default/tourmaline-2024-edition-limitee-barton-guestier.png,01110.png
1111,https://www.vinatis.com/42708-fine_default/l-emotion-de-mauvesin-barton-2015.png,01111.png
1112,https://www.vinatis.com/85905-fine_default/arcane-le-bateleur-xavier-vignon.png,01112.png
1113,https://www.vinatis.com/86067-fine_default/clos-canarelli-rouge-2022.png,01113.png
1114,https://www.vinatis.com/86636-fine_default/reserve-2023-domaine-tariquet.png,01114.png
1115,https://www.vinatis.com/87023-fine_default/chateau-gouprie-2021.png,01115.png
1116,https://www.vinatis.com/87772-fine_default/le-petit-viognier-2023-stephane-montez-du-monteillet.png,01116.png
1117,https://www.vinatis.com/88371-fine_default/riesling-zeltinger-sonnenuhr-spatlese-goc-2021-markus-molitor.png,01117.png
1118,https://www.vinatis.com/92487-fine_default/otira-single-vineyard-sauvignon-blanc-2023-clos-henri-vineyard.png,01118.png
1119,https://www.vinatis.com/92531-fine_default/marselan-les-grains-2022-marrenon.png,01119.png
1120,https://www.vinatis.com/95817-fine_default/pouilly-fuisse-1er-cru-sur-la-roche-2023-domaine-guerrin-et-fils.png,01120.png
1121,https://www.vinatis.com/93631-fine_default/les-millemandises-2021-famille-bruno-lafon.png,01121.png
1122,https://www.vinatis.com/76354-fine_default/chateau-robin-2020.png,01122.png
1123,https://www.vinatis.com/90805-fine_default/chateau-malbec-2020.png,01123.png
1124,https://www.vinatis.com/79031-fine_default/duluc-de-branaire-ducru-2018-second-vin-du-chateau-branaire-ducru.png,01124.png
1125,https://www.vinatis.com/55578-fine_default/chateau-smith-haut-lafitte-2018-cru-classe-de-graves.png,01125.png
1126,https://www.vinatis.com/60543-fine_default/cuvee-xl-premier-2012-xavier-vignon-barbare.png,01126.png
1127,https://www.vinatis.com/62341-fine_default/grand-vin-2018-chateau-de-nalys-e-guigal.png,01127.png
1128,https://www.vinatis.com/63283-fine_default/chateau-pape-clement-2019-cru-classe-de-graves.png,01128.png
1129,https://www.vinatis.com/90038-fine_default/premium-rouge-2022-chateau-roubine-cru-classe.png,01129.png
1130,https://www.vinatis.com/90989-fine_default/vins-d-infusions-quin-yu-2023-caraguilhes.png,01130.png
1131,https://www.vinatis.com/91054-fine_default/chignin-bergeron-les-cerisiers-2023-domaine-fabien-trosset.png,01131.png
1132,https://www.vinatis.com/97856-fine_default/sauvignon-blanc-waihopai-river-2024-the-ned.png,01132.png
1133,https://www.vinatis.com/98420-fine_default/villa-garance-2022-romain-duvernay.png,01133.png
1134,https://www.vinatis.com/98427-fine_default/nero-d-avola-2023-itinera.png,01134.png
1135,https://www.vinatis.com/99534-fine_default/clos-culombu-rose-2024.png,01135.png
1136,https://www.vinatis.com/94480-fine_default/chinon-blanc-sinople-2023-chateau-de-coulaine.png,01136.png
1137,https://www.vinatis.com/93255-fine_default/chinon-rouge-les-grezeaux-2022-bernard-baudry.png,01137.png
1138,https://www.vinatis.com/96106-fine_default/art-de-vivre-blanc-2021-gerard-bertrand.png,01138.png
1139,https://www.vinatis.com/60672-fine_default/chateau-lynch-bages-2020-5eme-cru-classe.png,01139.png
1140,https://www.vinatis.com/89799-fine_default/bourgueil-le-grand-clos-2022-domaine-yannick-amirault.png,01140.png
1141,https://www.vinatis.com/95087-fine_default/cabernet-d-anjou-loire-originelle-2024-dumnacus-vignerons.png,01141.png
1142,https://www.vinatis.com/95573-fine_default/langhe-arneis-sommo-2024-fontanabianca.png,01142.png
1143,https://www.vinatis.com/96933-fine_default/chassagne-montrachet-blanc-la-caniere-2023-domaine-patrick-miolane.png,01143.png
1144,https://www.vinatis.com/98663-fine_default/bandol-domaine-les-capelaniers-2024.png,01144.png
1145,https://www.vinatis.com/96340-fine_default/cairanne-2023-domaine-marcel-richaud.png,01145.png
1146,https://www.vinatis.com/97813-fine_default/les-jolies-filles-classique-2024-by-paul-aegerter.png,01146.png
1147,https://www.vinatis.com/97193-fine_default/les-terrasses-2022-chateau-pesquie.png,01147.png
1148,https://www.vinatis.com/97872-fine_default/mouton-cadet-blanc-2024-baron-philippe-de-rothschild.png,01148.png
1149,https://www.vinatis.com/100398-fine_default/pinot-noir-collection-familiale-2024-henri-ehrhart.png,01149.png
1149,https://www.vinatis.com/100398-fine_default/pinot-noir-collection-familiale-2024-henri-ehrhart.png,01149.png
1150,https://www.vinatis.com/100398-fine_default/pinot-noir-collection-familiale-2024-henri-ehrhart.png,01150.png
1150,https://www.vinatis.com/100398-fine_default/pinot-noir-collection-familiale-2024-henri-ehrhart.png,01150.png
1151,https://www.vinatis.com/100562-fine_default/chateau-capion-2018.png,01151.png
1152,https://www.vinatis.com/88271-fine_default/muse-domaine-de-montine.png,01152.png
1153,https://www.vinatis.com/97921-fine_default/tempranillo-2023-vega-demara.png,01153.png
1154,https://www.vinatis.com/99057-fine_default/g-de-galoupet-2024-chateau-galoupet.png,01154.png
1155,https://www.vinatis.com/62062-fine_default/chateau-cantemerle-2019-5eme-cru-classe.png,01155.png
1156,https://www.vinatis.com/77595-fine_default/riesling-grand-cru-winzenberg-2021-hubert-meyer.png,01156.png
1157,https://www.vinatis.com/83786-fine_default/chateau-la-lagune-2020-3eme-cru-classe.png,01157.png
1158,https://www.vinatis.com/84798-fine_default/amarone-della-valpolicella-2020-vivaldi.png,01158.png
1159,https://www.vinatis.com/89199-fine_default/picpoul-de-pinet-2023-domaine-morin-langaran.png,01159.png
1160,https://www.vinatis.com/99365-fine_default/les-lauves-2015-domaine-la-suffrene.png,01160.png
1161,https://www.vinatis.com/85104-fine_default/shiraz-2021-shaw-smith.png,01161.png
1162,https://www.vinatis.com/85346-fine_default/pommard-clos-de-la-platiere-2022-chateau-de-meursault.png,01162.png
1163,https://www.vinatis.com/86869-fine_default/crozes-hermitage-2022-maison-les-alexandrins.png,01163.png
1164,https://www.vinatis.com/86135-fine_default/eleivera-douro-2022-dos-lusiadas-maison-m-chapoutier.png,01164.png
1165,https://www.vinatis.com/86151-fine_default/hermitage-chante-alouette-2021-m-chapoutier.png,01165.png
1166,https://www.vinatis.com/93169-fine_default/chateau-laffitte-carcasset-2018-cru-bourgeois.png,01166.png
1167,https://www.vinatis.com/89057-fine_default/savennieres-2022-chateau-de-varennes.png,01167.png
1168,https://www.vinatis.com/87919-fine_default/pinot-noir-2021-bouscasse.png,01168.png
1169,https://www.vinatis.com/88338-fine_default/st-nicolas-de-bourgueil-la-source-2023-domaine-yannick-amirault.png,01169.png
1170,https://www.vinatis.com/88525-fine_default/chateauneuf-du-pape-2022-la-bastide-saint-dominique.png,01170.png
1171,https://www.vinatis.com/88593-fine_default/myrtus-2022-domaine-sant-armettu.png,01171.png
1172,https://www.vinatis.com/88746-fine_default/menetou-salon-blanc-2023-domaine-de-l-ermitage.png,01172.png
1173,https://www.vinatis.com/87875-fine_default/reserve-vintage-blanquette-de-limoux-domaine-antech.png,01173.png
1174,https://www.vinatis.com/75132-fine_default/topography-chenin-blanc-2021-david-nadia.png,01174.png
1175,https://www.vinatis.com/75582-fine_default/fleurie-les-clochers-2022-vignerons-de-bel-air.png,01175.png
1176,https://www.vinatis.com/76098-fine_default/nuits-saint-georges-1er-cru-les-porrets-saint-georges-2016-bouchard-pere-et-fils-domaine.png,01176.png
1177,https://www.vinatis.com/79100-fine_default/chateau-latour-martillac-2020-cru-classe-de-graves.png,01177.png
1178,https://www.vinatis.com/93677-fine_default/champtoise-chenin-sur-granite-2023-domaine-serol.png,01178.png
1179,https://www.vinatis.com/89869-fine_default/mercurey-1er-cru-clos-des-barraults-2022-domaine-michel-juillot.png,01179.png
1180,https://www.vinatis.com/89991-fine_default/santenay-clos-des-gatsulards-2021-louis-jadot-famille-gagey.png,01180.png
1181,https://www.vinatis.com/90487-fine_default/filius-cabernet-sauvignon-2020-vasse-felix.png,01181.png
1182,https://www.vinatis.com/90882-fine_default/la-vizcaina-el-rapolao-2022-raul-perez-bodegas-y-vinedos.png,01182.png
1183,https://www.vinatis.com/91467-fine_default/reserve-personnelle-blanc-2023-maison-francois-xavier-nicolas.png,01183.png
1184,https://www.vinatis.com/97800-fine_default/windmill-2022-giannikos-winery.png,01184.png
1185,https://www.vinatis.com/98158-fine_default/petit-sale-2024-chateau-de-roquefort.png,01185.png
1186,https://www.vinatis.com/98187-fine_default/cosmique-2024-domaine-capmartin.png,01186.png
1187,https://www.vinatis.com/98417-fine_default/cabernet-d-anjou-premices-2024-famille-bougrier.png,01187.png
1188,https://www.vinatis.com/99036-fine_default/aop-cassis-rose-2024-cassis-bodin.png,01188.png
1189,https://www.vinatis.com/99187-fine_default/morgon-cote-du-py-james-2022-jean-marc-burgaud.png,01189.png
1190,https://www.vinatis.com/99451-fine_default/barolo-2020-ricossa.png,01190.png
1191,https://www.vinatis.com/99579-fine_default/l-aube-2022-domaine-courbis.png,01191.png
1192,https://www.vinatis.com/99626-fine_default/les-lauves-2018-domaine-la-suffrene.png,01192.png
1193,https://www.vinatis.com/84054-fine_default/montlouis-sur-loire-les-choisilles-2022-francois-chidaine.png,01193.png
1194,https://www.vinatis.com/85157-fine_default/chateau-sociando-mallet-2020.png,01194.png
1195,https://www.vinatis.com/100773-fine_default/les-gravels-2021-domaine-rotier.png,01195.png
1196,https://www.vinatis.com/92786-fine_default/marsannay-vieilles-vignes-2022-closerie-des-alisiers.png,01196.png
1197,https://www.vinatis.com/93560-fine_default/coteaux-du-layon-tradition-2023-domaine-de-pied-flond.png,01197.png
1198,https://www.vinatis.com/93957-fine_default/xx-2020-croix-de-py-domaine-bassac.png,01198.png
1199,https://www.vinatis.com/94116-fine_default/le-roc-domaine-de-rochegres-2022-albert-bichot.png,01199.png
1200,https://www.vinatis.com/94365-fine_default/gewurztraminer-2022-domaine-allimant-laugner.png,01200.png
1201,https://www.vinatis.com/90944-fine_default/coteaux-du-giennois-blanc-2023-clement-florian-berthier.png,01201.png
1202,https://www.vinatis.com/85193-fine_default/cote-rotie-les-elotins-2022-christophe-billon.png,01202.png
1203,https://www.vinatis.com/93070-fine_default/cote-rotie-drevon-2022-domaine-de-rosiers.png,01203.png
1204,https://www.vinatis.com/96825-fine_default/cote-rotie-la-sybarine-2023-famille-garon.png,01204.png
1205,https://www.vinatis.com/87682-fine_default/menetou-salon-blanc-la-charnivole-2023-domaine-du-grand-brussy.png,01205.png
1206,https://www.vinatis.com/72224-fine_default/chateau-lalande-2019.png,01206.png
1207,https://www.vinatis.com/83910-fine_default/chateau-carbonnieux-2020-cru-classe-de-graves.png,01207.png
1208,https://www.vinatis.com/86241-fine_default/magnificat-2023-romain-duvernay.png,01208.png
1209,https://www.vinatis.com/89981-fine_default/chablis-cuvee-speciale-1923-2020-la-chablisienne.png,01209.png
1210,https://www.vinatis.com/90276-fine_default/gewurztraminer-des-chasseurs-de-lune-2021-bestheim.png,01210.png
1211,https://www.vinatis.com/91273-fine_default/pinot-blanc-collection-familiale-2023-henri-ehrhart.png,01211.png
1212,https://www.vinatis.com/100347-fine_default/montagny-1er-cru-la-buxynoise-2022-vignerons-de-buxy.png,01212.png
1213,https://www.vinatis.com/42401-fine_default/chateau-de-fieuzal-2014-cru-classe-de-graves.png,01213.png
1214,https://www.vinatis.com/98033-fine_default/elegance-rose-2024-domaine-terra-vecchia.png,01214.png
1215,https://www.vinatis.com/92909-fine_default/ultreia-saint-jacques-2022-raul-perez-bodegas-y-vinedos.png,01215.png
1216,https://www.vinatis.com/74037-fine_default/secret-de-schistes-2020-domaine-de-l-ou.png,01216.png
1217,https://www.vinatis.com/91759-fine_default/le-chemin-de-novi-2019-mas-du-novi.png,01217.png
1218,https://www.vinatis.com/96814-fine_default/cadet-de-la-begude-rose-2024-domaine-de-la-begude.png,01218.png
1219,https://www.vinatis.com/94674-fine_default/gewurztraminer-grand-cru-zinnkoepfle-sinneles-2021-domaine-eric-rominger.png,01219.png
1220,https://www.vinatis.com/95172-fine_default/bourgueil-cuvee-vieilles-vignes-2021-domaine-olivier.png,01220.png
1221,https://www.vinatis.com/96072-fine_default/diables-co-rouge-2023-mip-diffusion.png,01221.png
1222,https://www.vinatis.com/95706-fine_default/brise-cailloux-2022-matthieu-barret-domaine-du-coulet.png,01222.png
1223,https://www.vinatis.com/96329-fine_default/classique-2024-rimauresq-cru-classe.png,01223.png
1224,https://www.vinatis.com/97693-fine_default/charme-des-demoiselles-rose-2024-chateau-des-demoiselles.png,01224.png
1225,https://www.vinatis.com/96575-fine_default/chorey-les-beaune-2022-domaine-maillard-pere-fils.png,01225.png
1226,https://www.vinatis.com/96769-fine_default/haut-marin-n6-les-fossiles-2024.png,01226.png
1227,https://www.vinatis.com/96819-fine_default/villa-j-augusta-rose-2024-la-roseraie-maison-francois-xavier-nicolas.png,01227.png
1228,https://www.vinatis.com/97363-fine_default/tour-de-pierres-2023-heritage-du-pic-saint-loup.png,01228.png
1229,https://www.vinatis.com/97460-fine_default/alvarinho-2023-quinta-da-lapa.png,01229.png
1230,https://www.vinatis.com/90325-fine_default/clos-culombu-rouge-2023.png,01230.png
1231,https://www.vinatis.com/63312-fine_default/clairette-de-die-tradition-la-colombe-domaine-des-muttes.png,01231.png
1232,https://www.vinatis.com/69022-fine_default/cerdon-rose-methode-ancestrale-bernard-rondeau.png,01232.png
1233,https://www.vinatis.com/21218-fine_default/vouvray-methode-traditionnelle-brut-domaine-de-vaugondy.png,01233.png
1234,https://www.vinatis.com/41384-fine_default/cremant-de-limoux-prima-perla-brut-domaines-paul-mas.png,01234.png
1235,https://www.vinatis.com/46598-fine_default/chateau-corton-grancey-grand-cru-2016-louis-latour.png,01235.png
1236,https://www.vinatis.com/86308-fine_default/chablis-1er-cru-vau-de-vey-bio-2022-jean-marc-brocard.png,01236.png
1237,https://www.vinatis.com/85890-fine_default/barbaresco-bordini-2021-fontanabianca.png,01237.png
1238,https://www.vinatis.com/86595-fine_default/chateau-merigot-2020.png,01238.png
1239,https://www.vinatis.com/88555-fine_default/tandem-rose-2023-domaine-des-ouled-thaleb-alain-graillot-jacques-poulain.png,01239.png
1240,https://www.vinatis.com/88669-fine_default/lombarde-2022-domaine-d-aigues-belles.png,01240.png
1241,https://www.vinatis.com/91660-fine_default/soll-pinot-grigio-2023-kaltern.png,01241.png
1242,https://www.vinatis.com/92810-fine_default/etoile-chardonnay-2023-domaine-baud.png,01242.png
1243,https://www.vinatis.com/92924-fine_default/banyuls-therese-reig-2023-domaine-de-la-rectorie.png,01243.png
1244,https://www.vinatis.com/70355-fine_default/coteaux-du-layon-patrimoine-2020-chateau-soucherie.png,01244.png
1245,https://www.vinatis.com/76090-fine_default/beaune-1er-cru-les-avaux-2019-bouchard-pere-et-fils-domaine.png,01245.png
1246,https://www.vinatis.com/76167-fine_default/chablis-1er-cru-vaillons-2022-maison-simonnet-febvre.png,01246.png
1247,https://www.vinatis.com/76319-fine_default/pommard-vieilles-vignes-2022-closerie-des-alisiers.png,01247.png
1248,https://www.vinatis.com/78183-fine_default/solera-maison-francois-xavier-nicolas.png,01248.png
1249,https://www.vinatis.com/86380-fine_default/dernier-souffle-bio-2022-domaine-richard-rottiers.png,01249.png
1250,https://www.vinatis.com/79479-fine_default/aloxe-corton-2022-domaine-du-pavillon-albert-bichot.png,01250.png
1251,https://www.vinatis.com/80577-fine_default/santa-barbara-chardonnay-2022-au-bon-climat.png,01251.png
1252,https://www.vinatis.com/64233-fine_default/arqueta-2020-domaine-lafage.png,01252.png
1253,https://www.vinatis.com/89613-fine_default/pinot-noir-2023-jardin-des-charmes-alma-cersius.png,01253.png
1254,https://www.vinatis.com/89778-fine_default/les-traverses-2022-domaine-courbissac.png,01254.png
1255,https://www.vinatis.com/89792-fine_default/l-arbouse-2022-mas-bruguiere.png,01255.png
1256,https://www.vinatis.com/90110-fine_default/ro-ree-2023-domaine-louis-cheze.png,01256.png
1257,https://www.vinatis.com/90878-fine_default/tannat-merlot-2022-alain-brumont.png,01257.png
1258,https://www.vinatis.com/91126-fine_default/le-triporteur-blanc-2023.png,01258.png
1259,https://www.vinatis.com/91169-fine_default/les-granilites-blanc-2021-m-chapoutier.png,01259.png
1260,https://www.vinatis.com/98424-fine_default/cremant-du-jura-blanc-de-blancs-domaine-tissot-maire.png,01260.png
1261,https://www.vinatis.com/82687-fine_default/hermitage-2020-e-guigal.png,01261.png
1262,https://www.vinatis.com/84080-fine_default/vin-orange-2022-les-jamelles.png,01262.png
1263,https://www.vinatis.com/94111-fine_default/lo-sang-del-pais-2023-domaine-du-cros.png,01263.png
1264,https://www.vinatis.com/94302-fine_default/vintage-2022-mas-amiel.png,01264.png
1265,https://www.vinatis.com/94516-fine_default/chateauneuf-du-pape-blanc-2022-e-guigal.png,01265.png
1266,https://www.vinatis.com/81970-fine_default/arcane-la-fortune-2020-xavier-vignon.png,01266.png
1267,https://www.vinatis.com/88747-fine_default/cabardes-terroirs-d-altitude-2020-chateau-de-pennautier-famille-de-lorgeril.png,01267.png
1268,https://www.vinatis.com/95001-fine_default/blanc-acacia-2024-chateau-sainte-croix.png,01268.png
1269,https://www.vinatis.com/93689-fine_default/cheval-des-andes-2021.png,01269.png
1270,https://www.vinatis.com/94870-fine_default/chignin-bergeron-2024-domaine-charles-gonnet.png,01270.png
1271,https://www.vinatis.com/96624-fine_default/brunello-di-montalcino-corte-dei-pazzi-saccente-2020-geografico.png,01271.png
1272,https://www.vinatis.com/95454-fine_default/jurancon-2020-clos-uroulat.png,01272.png
1273,https://www.vinatis.com/95878-fine_default/menetou-salon-blanc-les-chamblins-2024-domaine-lucien-raimbault.png,01273.png
1274,https://www.vinatis.com/96552-fine_default/gourmandises-blanc-2024-domaine-de-montine.png,01274.png
1275,https://www.vinatis.com/97251-fine_default/mouton-cadet-terroirs-rouge-bio-2023-baron-philippe-de-rothschild.png,01275.png
1276,https://www.vinatis.com/96803-fine_default/clarendelle-rose-2024-inspire-par-notre-heritage.png,01276.png
1277,https://www.vinatis.com/96808-fine_default/encinas-2021-antoine-graillot-raul-perez.png,01277.png
1278,https://www.vinatis.com/96996-fine_default/bourgogne-pinot-noir-2023-maison-patriarche.png,01278.png
1279,https://www.vinatis.com/98163-fine_default/beaune-1er-cru-clos-des-ursules-2018-louis-jadot.png,01279.png
1280,https://www.vinatis.com/86655-fine_default/barolo-2019-carlo-revello-figli.png,01280.png
1281,https://www.vinatis.com/91393-fine_default/cremant-de-loire-brut-blanc-de-chanceny.png,01281.png
1282,https://www.vinatis.com/92803-fine_default/mouton-cadet-heritage-2022-baron-philippe-de-rothschild.png,01282.png
1283,https://www.vinatis.com/97577-fine_default/pommard-les-perrieres-2019-jean-michel-gaunoux-fils.png,01283.png
1284,https://www.vinatis.com/68333-fine_default/cabernet-sauvignon-2020-domaine-la-haute-brande.png,01284.png
1285,https://www.vinatis.com/53933-fine_default/cerdon-rose-methode-ancestrale-demi-sec-classic-cellier-lingot-martin.png,01285.png
1286,https://www.vinatis.com/89661-fine_default/bordeaux-clairet-2023-chateau-turcaud.png,01286.png
1287,https://www.vinatis.com/47329-fine_default/chateau-la-lagune-2015-3eme-cru-classe.png,01287.png
1288,https://www.vinatis.com/49520-fine_default/arcane-l-etoile-xavier-vignon.png,01288.png
1289,https://www.vinatis.com/80957-fine_default/cremant-de-bourgogne-brut-maison-patriarche.png,01289.png
1290,https://www.vinatis.com/84283-fine_default/royal-seyssel-brut-millesime-2019-cuvee-privee-les-caves-de-seyssel.png,01290.png
1291,https://www.vinatis.com/86540-fine_default/picpoul-2023-vignerons-de-florensac.png,01291.png
1292,https://www.vinatis.com/89053-fine_default/la-croix-de-montlabert-2020-second-vin-du-chateau-montlabert.png,01292.png
1293,https://www.vinatis.com/94063-fine_default/cairanne-rouge-2022-entre-restanques-et-garrigues-maison-francois-xavier-nicolas.png,01293.png
1294,https://www.vinatis.com/93442-fine_default/fleurs-de-vigne-2019.png,01294.png
1295,https://www.vinatis.com/86698-fine_default/argali-rouge-2022-puech-haut.png,01295.png
1296,https://www.vinatis.com/94893-fine_default/chardonnay-viognier-2024-van-zijl.png,01296.png
1297,https://www.vinatis.com/88991-fine_default/brouilly-cuvee-vieilles-vignes-2022-domaine-de-la-grand-cour-famille-dutraive.png,01297.png
1298,https://www.vinatis.com/49780-fine_default/connetable-de-talbot-2018-2nd-vin-du-chateau-talbot.png,01298.png
1299,https://www.vinatis.com/85443-fine_default/gewurztraminer-bollenberg-2021-domaine-valentin-zusslin.png,01299.png
1300,https://www.vinatis.com/85889-fine_default/dolcetto-d-alba-2023-fontanabianca.png,01300.png
1301,https://www.vinatis.com/86511-fine_default/cote-roannaise-eclat-de-granite-2023-domaine-serol.png,01301.png
1302,https://www.vinatis.com/86798-fine_default/chateau-saintayme-2019.png,01302.png
1303,https://www.vinatis.com/91628-fine_default/riesling-grand-cru-rosacker-calcaire-2023-domaine-julien-schaal.png,01303.png
1304,https://www.vinatis.com/87504-fine_default/pinot-noir-cuvee-fernand-2022-domaine-fernand-engel.png,01304.png
1305,https://www.vinatis.com/87645-fine_default/ladoix-blanc-2022-domaine-chevalier-pere-et-fils.png,01305.png
1306,https://www.vinatis.com/95419-fine_default/pouilly-fume-le-chant-des-vignes-2023-joseph-mellot.png,01306.png
1307,https://www.vinatis.com/88193-fine_default/imperial-reserva-2019-cvne.png,01307.png
1308,https://www.vinatis.com/88721-fine_default/chateau-la-branne-2020-cru-bourgeois.png,01308.png
1309,https://www.vinatis.com/89905-fine_default/chateau-gaudin-2019.png,01309.png
1310,https://www.vinatis.com/71978-fine_default/l-abeille-de-fieuzal-2019-second-vin-du-chateau-de-fieuzal.png,01310.png
1311,https://www.vinatis.com/72959-fine_default/macvin-du-jura-domaine-baud.png,01311.png
1312,https://www.vinatis.com/73930-fine_default/1961-block-riesling-2021-pewsey-vale.png,01312.png
1313,https://www.vinatis.com/75868-fine_default/sirene-de-giscours-2021-second-vin-du-chateau-giscours.png,01313.png
1314,https://www.vinatis.com/88987-fine_default/mon-p-tit-pithon-blanc-2023-domaine-olivier-pithon.png,01314.png
1315,https://www.vinatis.com/89008-fine_default/ladoix-1er-cru-les-corvees-2022-domaine-chevalier-pere-et-fils.png,01315.png
1316,https://www.vinatis.com/89864-fine_default/serie-a-torrontes-2023-familia-zuccardi.png,01316.png
1317,https://www.vinatis.com/90030-fine_default/arbois-trousseau-2023-caveau-de-bacchus.png,01317.png
1318,https://www.vinatis.com/90652-fine_default/reserve-mouton-cadet-graves-blanc-2023-baron-philippe-de-rothschild.png,01318.png
1319,https://www.vinatis.com/97757-fine_default/rully-saint-jacques-blanc-2020-domaine-la-bressande.png,01319.png
1320,https://www.vinatis.com/98146-fine_default/mino-rose-2024-domaine-sant-armettu.png,01320.png
1321,https://www.vinatis.com/98298-fine_default/prosecco-doc-rose-extra-dry-millesimato-2024-val-d-oca.png,01321.png
1322,https://www.vinatis.com/98853-fine_default/valpolicella-ripasso-2022-vivaldi.png,01322.png
1323,https://www.vinatis.com/58026-fine_default/pavillon-du-glana-2018-second-vin-du-chateau-glana.png,01323.png
1324,https://www.vinatis.com/69127-fine_default/chateau-pontet-canet-2019-5eme-cru-classe.png,01324.png
1325,https://www.vinatis.com/92171-fine_default/pazo-de-seoane-2023-la-rioja-alta.png,01325.png
1326,https://www.vinatis.com/92144-fine_default/nobis-2023-vignoble-de-l-ecu.png,01326.png
1327,https://www.vinatis.com/92807-fine_default/arbois-trousseau-les-bruyeres-2023-caveau-de-bacchus.png,01327.png
1328,https://www.vinatis.com/92849-fine_default/collioure-rouge-2022-les-clos-de-paulilles.png,01328.png
1329,https://www.vinatis.com/94310-fine_default/la-vizcaina-las-gundinas-2022-raul-perez-bodegas-y-vinedos.png,01329.png
1330,https://www.vinatis.com/94087-fine_default/le-temps-de-la-rose-figeac-2022-second-vin-du-chateau-la-rose-figeac.png,01330.png
1331,https://www.vinatis.com/93593-fine_default/pouilly-fuisse-2023-pierre-gruber.png,01331.png
1332,https://www.vinatis.com/94504-fine_default/barolo-2020-mario-giribaldi.png,01332.png
1333,https://www.vinatis.com/91251-fine_default/riesling-reserve-2023-gustave-lorentz.png,01333.png
1334,https://www.vinatis.com/94807-fine_default/malbec-reserva-2022-terrazas-de-los-andes.png,01334.png
1335,https://www.vinatis.com/90369-fine_default/muscadet-sevre-et-maine-sur-lie-2022-domaine-les-sablons.png,01335.png
1336,https://www.vinatis.com/97493-fine_default/fantastique-rose-2024-chateau-sainte-marguerite-cru-classe.png,01336.png
1337,https://www.vinatis.com/96751-fine_default/chateau-lagrezette-2016.png,01337.png
1338,https://www.vinatis.com/79039-fine_default/l-abeille-de-fieuzal-blanc-2020-second-vin-du-chateau-de-fieuzal.png,01338.png
1339,https://www.vinatis.com/91036-fine_default/chateau-mangot-2020.png,01339.png
1340,https://www.vinatis.com/90668-fine_default/amarone-della-valpolicella-cavolo-2019-brigaldara.png,01340.png
1341,https://www.vinatis.com/92147-fine_default/orthogneiss-2022-vignoble-de-l-ecu.png,01341.png
1342,https://www.vinatis.com/97843-fine_default/cairanne-blanc-2023-entre-restanques-et-garrigues-maison-francois-xavier-nicolas.png,01342.png
1343,https://www.vinatis.com/100545-fine_default/manpot-rouge-2022-domaine-bassac.png,01343.png
1344,https://www.vinatis.com/62071-fine_default/chateau-olivier-rouge-2019-cru-classe-de-graves.png,01344.png
1345,https://www.vinatis.com/93054-fine_default/valpolicella-classico-superiore-sant-urbano-2021-speri.png,01345.png
1346,https://www.vinatis.com/95952-fine_default/fleurie-climat-la-madone-2021-maison-trenel.png,01346.png
1347,https://www.vinatis.com/98123-fine_default/les-terrasses-blanc-2024-chateau-pesquie.png,01347.png
1348,https://www.vinatis.com/97016-fine_default/cremant-dalsace-brut-domaine-allimant-laugner.png,01348.png
1349,https://www.vinatis.com/96931-fine_default/saint-aubin-1er-cru-lieu-dit-sur-gamay-2022-domaine-patrick-miolane.png,01349.png
1350,https://www.vinatis.com/95900-fine_default/cremant-d-alsace-brut-veronique-et-thomas-mure.png,01350.png
1351,https://www.vinatis.com/95904-fine_default/condrieu-2023-domaine-graeme-julie-bott.png,01351.png
1352,https://www.vinatis.com/96841-fine_default/clos-la-riviere-2022-clos-la-riviere.png,01352.png
1353,https://www.vinatis.com/96042-fine_default/macon-vinzelles-clos-de-grand-pere-2023-la-soufrandiere.png,01353.png
1354,https://www.vinatis.com/96337-fine_default/tuscante-governo-all-uso-toscano-2021-botter.png,01354.png
1355,https://www.vinatis.com/96457-fine_default/bourgogne-pinot-noir-2023-chateau-de-la-greffiere.png,01355.png
1356,https://www.vinatis.com/97313-fine_default/quattru-2024-domaine-ligenda.png,01356.png
1357,https://www.vinatis.com/97314-fine_default/cadet-de-la-begude-blanc-2024-domaine-de-la-begude.png,01357.png
1358,https://www.vinatis.com/97258-fine_default/les-noyers-2023-domaine-sergent.png,01358.png
1359,https://www.vinatis.com/97365-fine_default/classique-rose-2024-la-bargemone.png,01359.png
1360,https://www.vinatis.com/25655-fine_default/cuvee-chamberan-ujvr.png,01360.png
1361,https://www.vinatis.com/92847-fine_default/menetou-salon-blanc-morogues-2023-domaine-henry-pelle.png,01361.png
1362,https://www.vinatis.com/99071-fine_default/crios-malbec-2022-susana-balbo.png,01362.png
1363,https://www.vinatis.com/42714-fine_default/40-ans-d-age-mas-amiel.png,01363.png
1364,https://www.vinatis.com/84460-fine_default/le-c-des-carmes-haut-brion-2020.png,01364.png
1365,https://www.vinatis.com/84848-fine_default/victoria-shiraz-mathilda-2022-domaine-tournon-by-m-chapoutier.png,01365.png
1366,https://www.vinatis.com/85802-fine_default/le-croizillon-2022-chateau-les-croisille.png,01366.png
1367,https://www.vinatis.com/86503-fine_default/les-secrets-de-montmirail-2022-domaine-brusset.png,01367.png
1368,https://www.vinatis.com/87531-fine_default/rivesaltes-grenat-2022-vignobles-dom-brial.png,01368.png
1369,https://www.vinatis.com/87565-fine_default/pouilly-fume-2023-chateau-de-tracy.png,01369.png
1370,https://www.vinatis.com/91489-fine_default/rouge-saint-pierre-2022-chateau-sainte-croix.png,01370.png
1371,https://www.vinatis.com/91889-fine_default/touraine-blanc-clocher-2023-bonnigal-bodet.png,01371.png
1372,https://www.vinatis.com/92075-fine_default/meursault-les-clous-2022-bouchard-pere-et-fils.png,01372.png
1373,https://www.vinatis.com/92604-fine_default/cuvee-majeure-blanc-2023-chateau-turcaud.png,01373.png
1374,https://www.vinatis.com/93030-fine_default/pinot-noir-les-princes-abbes-2022-domaine-schlumberger.png,01374.png
1375,https://www.vinatis.com/93247-fine_default/campredon-2022-domaine-chabanon.png,01375.png
1376,https://www.vinatis.com/93295-fine_default/montlouis-sur-loire-clos-du-breuil-2023-francois-chidaine.png,01376.png
1377,https://www.vinatis.com/93654-fine_default/les-terres-blanches-2023-domaine-belle.png,01377.png
1378,https://www.vinatis.com/75233-fine_default/chateau-lynch-moussas-2016-5eme-cru-classe.png,01378.png
1379,https://www.vinatis.com/76834-fine_default/chateau-grand-puy-ducasse-2020-5eme-cru-classe.png,01379.png
1380,https://www.vinatis.com/84255-fine_default/hautes-cotes-de-beaune-2022-closerie-des-alisiers.png,01380.png
1381,https://www.vinatis.com/79241-fine_default/chateau-grange-neuve-la-fleur-des-ormes-2019.png,01381.png
1382,https://www.vinatis.com/56609-fine_default/chateau-cos-d-estournel-2018-2nd-cru-classe.png,01382.png
1383,https://www.vinatis.com/89659-fine_default/aop-rouge-2022-domaine-terra-vecchia.png,01383.png
1384,https://www.vinatis.com/89727-fine_default/aloxe-corton-2022-bourgogne-devaux.png,01384.png
1385,https://www.vinatis.com/89954-fine_default/la-demoiselle-de-sociando-mallet-2020-second-vin-du-chateau-sociando-mallet.png,01385.png
1386,https://www.vinatis.com/99705-fine_default/te-koko-sauvignon-blanc-2021-cloudy-bay.png,01386.png
1387,https://www.vinatis.com/90271-fine_default/apremont-cuvee-thomas-2023-domaine-blard.png,01387.png
1388,https://www.vinatis.com/90346-fine_default/chateau-leoville-barton-2018-2nd-cru-classe.png,01388.png
1389,https://www.vinatis.com/90453-fine_default/chateauneuf-du-pape-2022-domaine-chante-cigale.png,01389.png
1390,https://www.vinatis.com/91012-fine_default/volnay-1er-cru-les-caillerets-2018-domaine-des-petits-champs-lins.png,01390.png
1391,https://www.vinatis.com/90736-fine_default/saumur-rouge-2023-domaine-touchais.png,01391.png
1392,https://www.vinatis.com/90710-fine_default/anjou-rouge-1927-2022-domaine-des-trottieres.png,01392.png
1393,https://www.vinatis.com/90956-fine_default/etincelle-rouge-2020-domaine-de-la-clapiere.png,01393.png
1394,https://www.vinatis.com/91079-fine_default/elise-2023-moulin-de-gassac.png,01394.png
1395,https://www.vinatis.com/100615-fine_default/le-pas-du-moine-2024-chateau-gassier.png,01395.png
1396,https://www.vinatis.com/97718-fine_default/secret-de-leoube-2024-chateau-leoube.png,01396.png
1397,https://www.vinatis.com/99444-fine_default/saumur-blanc-l-insolite-2024-domaine-des-roches-neuves-thierry-germain-selection.png,01397.png
1398,https://www.vinatis.com/82165-fine_default/chateau-grand-corbin-despagne-2020.png,01398.png
1399,https://www.vinatis.com/82565-fine_default/macon-chaintre-2022-dominique-cornin.png,01399.png
1400,https://www.vinatis.com/83151-fine_default/lirac-cuvee-spirale-2022-romain-duvernay.png,01400.png
1401,https://www.vinatis.com/94363-fine_default/lieu-dit-saint-joseph-blanc-2023-e-guigal.png,01401.png
1402,https://www.vinatis.com/53474-fine_default/crozes-hermitage-domaine-de-thalabert-2017-maison-paul-jaboulet-aine.png,01402.png
1403,https://www.vinatis.com/97585-fine_default/clos-des-muriers-2022-domaine-dupre-goujon.png,01403.png
1404,https://www.vinatis.com/100042-fine_default/l-opaline-rose-2024-pure-provence.png,01404.png
1405,https://www.vinatis.com/94980-fine_default/reserve-mouton-cadet-graves-rouge-2022-baron-philippe-de-rothschild.png,01405.png
1406,https://www.vinatis.com/95746-fine_default/beaujolais-l-ancien-2023-jean-paul-brun-domaine-des-terres-dorees.png,01406.png
1407,https://www.vinatis.com/95895-fine_default/saint-joseph-2022-domaine-graeme-julie-bott.png,01407.png
1408,https://www.vinatis.com/95838-fine_default/les-acacias-2023-domaine-le-sollier.png,01408.png
1409,https://www.vinatis.com/98142-fine_default/ange-charles-2022-clos-poggiale.png,01409.png
1410,https://www.vinatis.com/96838-fine_default/pas-de-deux-2020-domaine-nigri.png,01410.png
1411,https://www.vinatis.com/96708-fine_default/cotes-de-nuits-villages-2018-bouchard-pere-et-fils.png,01411.png
1412,https://www.vinatis.com/100032-fine_default/quarts-de-chaume-grand-cru-2021-domaine-de-la-roche-moreau.png,01412.png
1413,https://www.vinatis.com/88659-fine_default/les-allees-de-cantemerle-2019-second-vin-du-chateau-cantemerle.png,01413.png
1414,https://www.vinatis.com/96284-fine_default/50-cinquante-blanc-2023-louis-cheze.png,01414.png
1415,https://www.vinatis.com/93244-fine_default/omenaldi-2020-cave-d-irouleguy.png,01415.png
1416,https://www.vinatis.com/67435-fine_default/cabernet-sauvignon-2019-chateau-thieuley.png,01416.png
1417,https://www.vinatis.com/86641-fine_default/st-nicolas-de-bourgueil-idem-2023-bertrand-vincent-marchesseau.png,01417.png
1418,https://www.vinatis.com/32994-fine_default/macvin-du-jura-domaine-frederic-lambert.png,01418.png
1419,https://www.vinatis.com/91209-fine_default/domaine-de-chevalier-rouge-2016-cru-classe-de-graves.png,01419.png
1420,https://www.vinatis.com/85527-fine_default/chateau-d-arcins-2020-cru-bourgeois.png,01420.png
1421,https://www.vinatis.com/85996-fine_default/bourgogne-pinot-noir-2023-closerie-des-alisiers.png,01421.png
1422,https://www.vinatis.com/71772-fine_default/mr-no-sulfite-2021-maison-albert-bichot.png,01422.png
1423,https://www.vinatis.com/73255-fine_default/les-linthes-2021-domaine-le-sollier.png,01423.png
1424,https://www.vinatis.com/73423-fine_default/les-pelerins-de-lafon-rochet-2020-second-vin-du-chateau-lafon-rochet.png,01424.png
1425,https://www.vinatis.com/76333-fine_default/domaine-tremeaux-mercurey-vieilles-vignes-2022.png,01425.png
1426,https://www.vinatis.com/77659-fine_default/tsinandali-blanc-2021-schuchmann.png,01426.png
1427,https://www.vinatis.com/81541-fine_default/vire-clesse-2022-maison-champy.png,01427.png
1428,https://www.vinatis.com/82060-fine_default/marselan-2022-cellier-des-gorges-de-l-ardeche.png,01428.png
1429,https://www.vinatis.com/89161-fine_default/vina-bosconia-reserva-rouge-2013-lopez-de-heredia.png,01429.png
1430,https://www.vinatis.com/89536-fine_default/chateauneuf-du-pape-2019-e-guigal.png,01430.png
1431,https://www.vinatis.com/90432-fine_default/valdobbiadene-prosecco-superiore-docg-brut-millesimato-2023-ville-d-arfanta.png,01431.png
1432,https://www.vinatis.com/90664-fine_default/reserva-chardonnay-2023-casillero-del-diablo-concha-y-toro.png,01432.png
1433,https://www.vinatis.com/91221-fine_default/les-gelinottes-2022-alain-jaume.png,01433.png
1434,https://www.vinatis.com/91306-fine_default/escudo-rojo-chardonnay-reserva-2022-baron-philippe-de-rothschild.png,01434.png
1435,https://www.vinatis.com/91345-fine_default/crozes-hermitage-tradition-2023-yann-chave.png,01435.png
1436,https://www.vinatis.com/97717-fine_default/chateau-leoube-rose-2024.png,01436.png
1437,https://www.vinatis.com/62778-fine_default/beaune-feves-1er-cru-2019-chateau-de-meursault.png,01437.png
1438,https://www.vinatis.com/63681-fine_default/signature-2018-domaine-de-ferrant.png,01438.png
1439,https://www.vinatis.com/83086-fine_default/arboussas-2022-domaine-coston.png,01439.png
1440,https://www.vinatis.com/83825-fine_default/bin-311-chardonnay-2022-penfolds.png,01440.png
1441,https://www.vinatis.com/92177-fine_default/le-colombier-rouge-2021-chateau-massaya.png,01441.png
1442,https://www.vinatis.com/100548-fine_default/clos-mireille-blanc-2023-cru-classe-domaines-ott.png,01442.png
1443,https://www.vinatis.com/92703-fine_default/costieres-de-nimes-saveurs-du-temps-2022-vignerons-proprietes-associes.png,01443.png
1444,https://www.vinatis.com/92804-fine_default/letoile-2019-selection-domaine-jean-luc-mouillard.png,01444.png
1445,https://www.vinatis.com/94130-fine_default/saumur-rouge-2023-domaine-des-matines.png,01445.png
1446,https://www.vinatis.com/93866-fine_default/chateau-puy-castera-2019-cru-bourgeois.png,01446.png
1447,https://www.vinatis.com/94007-fine_default/cote-de-brouilly-godefroy-2023-chateau-thivin.png,01447.png
1448,https://www.vinatis.com/94953-fine_default/eolithe-2023-fosse-seche.png,01448.png
1449,https://www.vinatis.com/87431-fine_default/barolo-2019-giovanni-sordo.png,01449.png
1450,https://www.vinatis.com/94064-fine_default/pic-saint-loup-2023-chateau-la-roque.png,01450.png
1451,https://www.vinatis.com/71369-fine_default/pur-grand-jean-chateau-grand-jean.png,01451.png
1452,https://www.vinatis.com/76165-fine_default/chablis-1er-cru-fourchaume-2019-maison-simonnet-febvre.png,01452.png
1453,https://www.vinatis.com/77449-fine_default/chianti-classico-riserva-i-colli-2019-bindi-sergardi.png,01453.png
1454,https://www.vinatis.com/81977-fine_default/moulin-a-vent-tradition-2021-cave-du-chateau-de-chenas.png,01454.png
1455,https://www.vinatis.com/91630-fine_default/riesling-grand-cru-schoenenbourg-gypse-2023-domaine-julien-schaal.png,01455.png
1456,https://www.vinatis.com/92186-fine_default/flying-solo-rouge-2023-domaine-gayda.png,01456.png
1457,https://www.vinatis.com/94061-fine_default/cotes-du-rhone-rouge-essentielle-2022-maison-francois-xavier-nicolas.png,01457.png
1458,https://www.vinatis.com/65210-fine_default/chateau-de-rochemorin-rouge-2017.png,01458.png
1459,https://www.vinatis.com/91856-fine_default/chateau-ferrande-blanc-2021.png,01459.png
1460,https://www.vinatis.com/88779-fine_default/marins-d-eau-douce-blanc-2023-domaine-pujol.png,01460.png
1461,https://www.vinatis.com/99303-fine_default/belleruche-blanc-2024-m-chapoutier.png,01461.png
1462,https://www.vinatis.com/96451-fine_default/st-nicolas-de-bourgueil-les-rouilleres-2023-frederic-mabileau.png,01462.png
1463,https://www.vinatis.com/86992-fine_default/beaujolais-lancie-blanc-2022-domaine-des-nugues.png,01463.png
1464,https://www.vinatis.com/96285-fine_default/saint-joseph-anges-2022-domaine-louis-cheze.png,01464.png
1465,https://www.vinatis.com/93274-fine_default/chablis-2023-domaine-du-chardonnay.png,01465.png
1466,https://www.vinatis.com/95191-fine_default/saint-amour-vieilles-vignes-2023-domaine-des-chers.png,01466.png
1467,https://www.vinatis.com/95441-fine_default/macon-verze-blanc-2022-nicolas-maillet.png,01467.png
1468,https://www.vinatis.com/97144-fine_default/anjou-rouge-2022-domaine-de-montgilet.png,01468.png
1469,https://www.vinatis.com/97699-fine_default/saint-romain-vieilles-vignes-rouge-2023-alain-gras.png,01469.png
1470,https://www.vinatis.com/96028-fine_default/mercurey-2023-domaine-de-la-bressande.png,01470.png
1471,https://www.vinatis.com/96190-fine_default/prestige-2024-domaine-des-feraud.png,01471.png
1472,https://www.vinatis.com/97465-fine_default/alion-2021-vega-sicilia.png,01472.png
1473,https://www.vinatis.com/97521-fine_default/monbazillac-2022-chateau-ma-passion.png,01473.png
1474,https://www.vinatis.com/94415-fine_default/n3-de-castelmaure-2022-cave-de-castelmaure.png,01474.png
1475,https://www.vinatis.com/81731-fine_default/mercurey-villages-2022-louis-jadot.png,01475.png
1476,https://www.vinatis.com/92338-fine_default/puligny-montrachet-2022-louis-jadot.png,01476.png
1477,https://www.vinatis.com/45934-fine_default/chateau-la-lagune-2016-3eme-cru-classe.png,01477.png
1478,https://www.vinatis.com/85201-fine_default/chianti-colli-senesi-caspagnolo-2022-villa-poggio-salvi.png,01478.png
1479,https://www.vinatis.com/85340-fine_default/marsannay-2022-chateau-de-marsannay.png,01479.png
1480,https://www.vinatis.com/85755-fine_default/vinsobres-les-cornuds-2022-famille-perrin.png,01480.png
1481,https://www.vinatis.com/85767-fine_default/pouilly-fume-luminance-2022-domaine-jonathan-didier-pabiot.png,01481.png
1482,https://www.vinatis.com/85965-fine_default/rosso-di-montalcino-2022-podere-brizio.png,01482.png
1483,https://www.vinatis.com/98263-fine_default/invitare-2023-m-chapoutier.png,01483.png
1484,https://www.vinatis.com/86998-fine_default/sotanum-2022-les-vins-de-vienne.png,01484.png
1485,https://www.vinatis.com/93451-fine_default/saumur-rouge-clos-mazurique-2022-arnaud-lambert.png,01485.png
1486,https://www.vinatis.com/88163-fine_default/chateau-recougne-vieilles-vignes-2016.png,01486.png
1487,https://www.vinatis.com/88289-fine_default/ro-ree-blanc-2023-domaine-louis-cheze.png,01487.png
1488,https://www.vinatis.com/88619-fine_default/pinot-noir-2021-greywacke.png,01488.png
1489,https://www.vinatis.com/88930-fine_default/ailes-de-paloumey-2018-second-vin-du-chateau-paloumey.png,01489.png
1490,https://www.vinatis.com/91438-fine_default/bourgogne-chardonnay-2023-closerie-des-alisiers.png,01490.png
1491,https://www.vinatis.com/92188-fine_default/givry-2022-domaine-desvignes.png,01491.png
1492,https://www.vinatis.com/92422-fine_default/mtsvane-2019-shalauri.png,01492.png
1493,https://www.vinatis.com/92432-fine_default/riesling-feinherb-demi-sec-2023-dr-thanisch.png,01493.png
1494,https://www.vinatis.com/92654-fine_default/marceau-2021-domaine-des-3-cellier.png,01494.png
1495,https://www.vinatis.com/93025-fine_default/pommard-vieilles-vignes-2022-domaine-genot-boulanger.png,01495.png
1496,https://www.vinatis.com/93296-fine_default/les-argiles-2023-francois-chidaine.png,01496.png
1497,https://www.vinatis.com/93853-fine_default/coteaux-du-giennois-blanc-terre-de-silex-2023-clement-florian-berthier.png,01497.png
1498,https://www.vinatis.com/94312-fine_default/abymes-2023-rene-julien.png,01498.png
1499,https://www.vinatis.com/69539-fine_default/chateau-coutet-2016-1er-cru-classe.png,01499.png
1500,https://www.vinatis.com/70294-fine_default/chateau-groleau-2019.png,01500.png
1501,https://www.vinatis.com/76095-fine_default/nuits-saint-georges-1er-cru-les-cailles-2013-bouchard-pere-et-fils.png,01501.png
1502,https://www.vinatis.com/55958-fine_default/chateau-leoville-poyferre-2018-2nd-cru-classe.png,01502.png
1503,https://www.vinatis.com/63467-fine_default/chateau-smith-haut-lafitte-2019-cru-classe-de-graves.png,01503.png
1504,https://www.vinatis.com/89084-fine_default/patrimonio-e-croce-rouge-2021-domaine-yves-leccia.png,01504.png
1505,https://www.vinatis.com/90158-fine_default/heliotrope-2022-la-jaja-grange.png,01505.png
1506,https://www.vinatis.com/89194-fine_default/terres-d-orb-2022-cave-de-roquebrun.png,01506.png
1507,https://www.vinatis.com/89352-fine_default/pure-roussanne-2023-raymond-usseglio.png,01507.png
1508,https://www.vinatis.com/89437-fine_default/collioure-cote-montagne-2022-domaine-de-la-rectorie.png,01508.png
1509,https://www.vinatis.com/89501-fine_default/sancerre-blanc-la-moussiere-2023-alphonse-mellot.png,01509.png
1510,https://www.vinatis.com/90132-fine_default/les-planels-2020-chateau-maris.png,01510.png
1511,https://www.vinatis.com/90252-fine_default/r-rouge-2022-cru-classe-rimauresq.png,01511.png
1512,https://www.vinatis.com/90714-fine_default/licence-iii-rouge-la-garance.png,01512.png
1513,https://www.vinatis.com/91227-fine_default/domaine-les-fumees-blanches-2023-francois-lurton.png,01513.png
1514,https://www.vinatis.com/98561-fine_default/negroamaro-salento-2024-notte-rossa.png,01514.png
1515,https://www.vinatis.com/99987-fine_default/empreinte-collioure-rouge-2023-clos-saint-sebastien.png,01515.png
1516,https://www.vinatis.com/99307-fine_default/chateau-pierrail-blanc-2024.png,01516.png
1517,https://www.vinatis.com/100187-fine_default/saumur-blanc-chenin-de-traverse-2024-domaine-de-rocheville.png,01517.png
1518,https://www.vinatis.com/100754-fine_default/cotes-du-rhone-rose-2024-domaine-de-la-janasse.png,01518.png
1519,https://www.vinatis.com/100385-fine_default/guilhem-rouge-bio-2024-moulin-de-gassac.png,01519.png
1520,https://www.vinatis.com/86981-fine_default/mino-2022-domaine-sant-armettu.png,01520.png
1521,https://www.vinatis.com/82800-fine_default/bourgogne-chardonnay-bio-2022-closerie-des-alisiers.png,01521.png
1522,https://www.vinatis.com/83703-fine_default/i-colli-achille-rosso-2022-bindi-sergardi.png,01522.png
1523,https://www.vinatis.com/87285-fine_default/beaujolais-blanc-2023-vintage-vignerons-de-bel-air.png,01523.png
1524,https://www.vinatis.com/97439-fine_default/m-de-minuty-blanc-2024.png,01524.png
1525,https://www.vinatis.com/95273-fine_default/l-origine-2023-chateau-d-aydie.png,01525.png
1526,https://www.vinatis.com/95274-fine_default/madiran-ode-d-aydie-2020-chateau-d-aydie.png,01526.png
1527,https://www.vinatis.com/95737-fine_default/saint-romain-blanc-les-cinq-climats-2023-alain-gras.png,01527.png
1528,https://www.vinatis.com/96015-fine_default/grande-garrigue-blanc-2023-alain-jaume.png,01528.png
1529,https://www.vinatis.com/96089-fine_default/heritage-2022-chateau-lamothe-vincent.png,01529.png
1530,https://www.vinatis.com/96612-fine_default/cuvee-du-batonnier-rose-2024-domaine-de-valdition.png,01530.png
1531,https://www.vinatis.com/96700-fine_default/vermentino-2024-lauran-cabaret.png,01531.png
1532,https://www.vinatis.com/97330-fine_default/blanc-2024-umanu.png,01532.png
1533,https://www.vinatis.com/97058-fine_default/blanc-des-demoiselles-2024-cellier-des-demoiselles.png,01533.png
1534,https://www.vinatis.com/98172-fine_default/santenay-clos-de-malte-2022-louis-jadot.png,01534.png
1535,https://www.vinatis.com/97161-fine_default/chassagne-montrachet-2023-albert-bichot.png,01535.png
1536,https://www.vinatis.com/97400-fine_default/cotes-du-rhone-rose-2024-e-guigal.png,01536.png
1537,https://www.vinatis.com/97524-fine_default/soave-2024-brigaldara.png,01537.png
1538,https://www.vinatis.com/91923-fine_default/quintessence-2021-chateau-pesquie.png,01538.png
1539,https://www.vinatis.com/94512-fine_default/chenin-blanc-2023-ernst-gouws-co.png,01539.png
1540,https://www.vinatis.com/84143-fine_default/meursault-1er-cru-les-perrieres-2016-jean-michel-gaunoux-fils.png,01540.png
1541,https://www.vinatis.com/90315-fine_default/petit-chablis-2023-domaine-gueguen.png,01541.png
1542,https://www.vinatis.com/82464-fine_default/sauternes-recolte-d-or-2022.png,01542.png
1543,https://www.vinatis.com/73941-fine_default/cremant-d-alsace-brut-joseph-cattin.png,01543.png
1544,https://www.vinatis.com/76058-fine_default/apremont-cuvee-thomas-2022-domaine-blard.png,01544.png
1545,https://www.vinatis.com/86063-fine_default/chinon-rouge-les-coteaux-2021-domaine-de-la-jalousie.png,01545.png
1546,https://www.vinatis.com/88262-fine_default/cremant-de-loire-rose-domaine-langlois-chateau.png,01546.png
1547,https://www.vinatis.com/39795-fine_default/chateau-mauvesin-barton-2015.png,01547.png
1548,https://www.vinatis.com/44701-fine_default/marquis-de-mons-2016-second-vin-du-chateau-la-tour-de-mons.png,01548.png
1549,https://www.vinatis.com/56304-fine_default/arcane-la-papesse-2016-xavier-vignon.png,01549.png
1550,https://www.vinatis.com/65159-fine_default/gewurztraminer-vorbourg-vendanges-tardives-2018-clos-saint-landelin-veronique-thomas-mure.png,01550.png
1551,https://www.vinatis.com/83779-fine_default/bandol-les-baumes-rouge-2019-moulin-de-la-roque.png,01551.png
1552,https://www.vinatis.com/90676-fine_default/vina-real-reserva-2018-cvne.png,01552.png
1553,https://www.vinatis.com/92856-fine_default/hautes-cotes-de-nuits-rouge-2022-doudet-naudin.png,01553.png
1554,https://www.vinatis.com/94305-fine_default/hautes-cote-de-fruit-2023-domaine-mas-del-perie.png,01554.png
1555,https://www.vinatis.com/94546-fine_default/chateau-bonnet-blanc-entre-deux-mers-2023.png,01555.png
1556,https://www.vinatis.com/38225-fine_default/rivesaltes-grande-reserve-1959-vignobles-dom-brial.png,01556.png
1557,https://www.vinatis.com/22953-fine_default/domaine-casanova-rouge.png,01557.png
1558,https://www.vinatis.com/77852-fine_default/cremant-de-loire-blanc-brut-arnaud-lambert.png,01558.png
1559,https://www.vinatis.com/43790-fine_default/chateau-leoville-poyferre-2015-2nd-cru-classe.png,01559.png
1560,https://www.vinatis.com/50009-fine_default/plaisir-blanc-maitres-vignerons-de-vidauban.png,01560.png
1561,https://www.vinatis.com/50165-fine_default/les-fiefs-de-lagrange-2019-second-vin-du-chateau-lagrange.png,01561.png
1562,https://www.vinatis.com/84881-fine_default/chateau-poujeaux-2018.png,01562.png
1563,https://www.vinatis.com/85540-fine_default/moulin-a-vent-2022-jean-paul-brun-domaine-des-terres-dorees.png,01563.png
1564,https://www.vinatis.com/85717-fine_default/sancerre-blanc-la-chatellenie-2023-joseph-mellot.png,01564.png
1565,https://www.vinatis.com/86780-fine_default/douro-tinto-2021-lavradores-de-feitoria.png,01565.png
1566,https://www.vinatis.com/93816-fine_default/petites-grappes-2021-domaine-d-ansignan-jeff-carrel-et-sebastien-calduch.png,01566.png
1567,https://www.vinatis.com/87421-fine_default/culombu-storia-di-i-sgio-2021.png,01567.png
1568,https://www.vinatis.com/87434-fine_default/muros-antigos-loureiro-2023-anselmo-mendes.png,01568.png
1569,https://www.vinatis.com/87492-fine_default/pinot-blanc-2022-domaine-trimbach.png,01569.png
1570,https://www.vinatis.com/87503-fine_default/sylvaner-renaissance-2020-fernand-engel.png,01570.png
1571,https://www.vinatis.com/87989-fine_default/el-rapolao-2022-bodegas-y-vinedos-cesar-marquez.png,01571.png
1572,https://www.vinatis.com/88087-fine_default/la-chapelle-de-potensac-2019-second-vin-du-chateau-potensac.png,01572.png
1573,https://www.vinatis.com/88117-fine_default/il-etait-une-fois-2021-domaine-de-fondreche.png,01573.png
1574,https://www.vinatis.com/88517-fine_default/chablis-grand-cru-les-preuses-2018-william-fevre.png,01574.png
1575,https://www.vinatis.com/91625-fine_default/savigny-les-beaune-vieilles-vignes-2022-domaine-bellang.png,01575.png
1576,https://www.vinatis.com/71138-fine_default/legend-vintage-1974-coffret-bois-gerard-bertrand.png,01576.png
1577,https://www.vinatis.com/71591-fine_default/croix-canon-2021-second-vin-de-chateau-canon.png,01577.png
1578,https://www.vinatis.com/72056-fine_default/pavillon-rouge-2016-second-vin-du-chateau-margaux.png,01578.png
1579,https://www.vinatis.com/72728-fine_default/fleurie-2021-chateau-des-jacques.png,01579.png
1580,https://www.vinatis.com/74953-fine_default/aluvional-gualtallary-2018-familia-zuccardi.png,01580.png
1581,https://www.vinatis.com/75863-fine_default/chateau-chasse-spleen-2021.png,01581.png
1582,https://www.vinatis.com/77652-fine_default/tradition-2019-domaine-sergent.png,01582.png
1583,https://www.vinatis.com/77842-fine_default/alma-2020-bodegas-contador.png,01583.png
1584,https://www.vinatis.com/83357-fine_default/muletiers-2021-domaine-vallet.png,01584.png
1585,https://www.vinatis.com/80734-fine_default/clos-puy-arnaud-2020.png,01585.png
1586,https://www.vinatis.com/79217-fine_default/chateau-leoville-las-cases-2020-2nd-cru-classe.png,01586.png
1587,https://www.vinatis.com/79699-fine_default/savigny-les-beaune-blanc-dessus-les-vermots-2022-doudet-naudin.png,01587.png
1588,https://www.vinatis.com/80252-fine_default/touraine-rouge-le-bois-jacou-2022-jean-francois-merieau.png,01588.png
1589,https://www.vinatis.com/81456-fine_default/valpolicella-superiore-2017-dal-forno-romano.png,01589.png
1590,https://www.vinatis.com/81494-fine_default/chianti-classico-la-ghirlanda-2021-bindi-sergardi.png,01590.png
1591,https://www.vinatis.com/82025-fine_default/sancerre-rouge-2022-domaine-fouassier.png,01591.png
1592,https://www.vinatis.com/89004-fine_default/saint-pourcain-blanc-l-instant-t-2023-les-terres-d-ocre.png,01592.png
1593,https://www.vinatis.com/89174-fine_default/johannisberg-de-chamoson-2023-domaine-jean-rene-germanier.png,01593.png
1594,https://www.vinatis.com/89475-fine_default/chinon-rouge-les-cinq-elements-2021-domaine-de-l-r.png,01594.png
1595,https://www.vinatis.com/90312-fine_default/les-calcinaires-blanc-2023-domaine-gauby.png,01595.png
1596,https://www.vinatis.com/98267-fine_default/cotes-du-rhone-blanc-bio-adunatio-2023-m-chapoutier.png,01596.png
1597,https://www.vinatis.com/90957-fine_default/etincelle-blanc-2022-domaine-de-la-clapiere.png,01597.png
1598,https://www.vinatis.com/91032-fine_default/pas-de-l-aigle-2021-pierre-amadieu.png,01598.png
1599,https://www.vinatis.com/91061-fine_default/cairanne-les-travers-2023-domaine-brusset.png,01599.png
1600,https://www.vinatis.com/91186-fine_default/macon-rouge-2023-doudet-naudin.png,01600.png
1601,https://www.vinatis.com/91193-fine_default/xisto-illimitado-rouge-2021-luis-seabra.png,01601.png
1602,https://www.vinatis.com/91243-fine_default/etna-bianco-2023-tornatore.png,01602.png
1603,https://www.vinatis.com/91281-fine_default/tian-ran-2023-sans-sulfites-ajoutes-chateau-de-caraguilhes.png,01603.png
1604,https://www.vinatis.com/91283-fine_default/touraine-sauvignon-blanc-le-roi-soleil-2021-domaine-des-grandes-esperances.png,01604.png
1605,https://www.vinatis.com/92718-fine_default/terres-blanches-2022-domaine-borie-la-vitarele.png,01605.png
1606,https://www.vinatis.com/91443-fine_default/vouvray-moelleux-le-mont-2023-domaine-huet.png,01606.png
1607,https://www.vinatis.com/91503-fine_default/valpolicella-ripasso-classico-superiore-2022-speri.png,01607.png
1608,https://www.vinatis.com/91525-fine_default/pouilly-fume-domaine-des-mariniers-2023-joseph-mellot.png,01608.png
1609,https://www.vinatis.com/98024-fine_default/l-excellence-2024-chateau-saint-maur-cru-classe.png,01609.png
1610,https://www.vinatis.com/97741-fine_default/la-dame-rousse-2024-domaine-de-la-mordoree.png,01610.png
1611,https://www.vinatis.com/97753-fine_default/chablis-1er-cru-butteaux-2022-domaine-laroche.png,01611.png
1612,https://www.vinatis.com/98023-fine_default/maruxa-mencia-2023-virgen-de-galir.png,01612.png
1613,https://www.vinatis.com/97952-fine_default/chateau-recougne-2022.png,01613.png
1614,https://www.vinatis.com/98575-fine_default/pinot-noir-2023-chateau-purcari.png,01614.png
1615,https://www.vinatis.com/98600-fine_default/fleurie-lieu-dit-champgne-2023-domaine-de-la-grand-cour-jean-louis-dutraive.png,01615.png
1616,https://www.vinatis.com/101266-fine_default/cairanne-2023-domaine-brunely.png,01616.png
1617,https://www.vinatis.com/55001-fine_default/chateau-phelan-segur-2018.png,01617.png
1618,https://www.vinatis.com/55004-fine_default/chateau-prieure-lichine-2018-4eme-cru-classe.png,01618.png
1619,https://www.vinatis.com/55904-fine_default/vina-tondonia-gran-reserva-rouge-2001-lopez-de-heredia.png,01619.png
1620,https://www.vinatis.com/56610-fine_default/chateau-troplong-mondot-2018-1er-cru-classe-b.png,01620.png
1621,https://www.vinatis.com/56948-fine_default/bad-boy-bordeaux-2018.png,01621.png
1622,https://www.vinatis.com/58495-fine_default/chateau-brehat-2016.png,01622.png
1623,https://www.vinatis.com/84933-fine_default/chateau-pichon-longueville-comtesse-de-lalande-2009-2nd-cru-classe.png,01623.png
1624,https://www.vinatis.com/59781-fine_default/chateau-angelus-2018-1er-grand-cru-classe-a.png,01624.png
1625,https://www.vinatis.com/62057-fine_default/chateau-marquis-d-alesme-2019-3eme-cru-classe.png,01625.png
1626,https://www.vinatis.com/83080-fine_default/esprit-de-pavie-2018.png,01626.png
1627,https://www.vinatis.com/83828-fine_default/yattarna-chardonnay-2021-penfolds.png,01627.png
1628,https://www.vinatis.com/84245-fine_default/sancerre-blanc-harmonie-2022-vincent-pinard.png,01628.png
1629,https://www.vinatis.com/84301-fine_default/saumur-champigny-clos-de-l-echelier-2022-domaine-roches-neuves-thierry-germain.png,01629.png
1630,https://www.vinatis.com/92170-fine_default/chateau-haut-bages-liberal-2019-5eme-cru-classe.png,01630.png
1631,https://www.vinatis.com/92024-fine_default/merlot-2023-chateau-laulerie.png,01631.png
1632,https://www.vinatis.com/92307-fine_default/fleurie-les-marrans-2022-domaine-des-marrans.png,01632.png
1633,https://www.vinatis.com/92477-fine_default/saragat-monica-2023-cantina-atzei-farnese-fantini.png,01633.png
1634,https://www.vinatis.com/92710-fine_default/riesling-grand-cru-schlossberg-2022-bestheim.png,01634.png
1635,https://www.vinatis.com/95809-fine_default/heritage-de-chasse-spleen-2022.png,01635.png
1636,https://www.vinatis.com/93865-fine_default/anjou-blanc-clos-de-la-roche-noire-2022-domaine-de-montgilet.png,01636.png
1637,https://www.vinatis.com/93401-fine_default/chassagne-montrachet-les-lombardes-2023-domaine-bertrand-bachelet.png,01637.png
1638,https://www.vinatis.com/93420-fine_default/corton-charlemagne-grand-cru-2022-domaine-delarche.png,01638.png
1639,https://www.vinatis.com/93494-fine_default/cotes-du-jura-chardonnay-2022-domaine-marcel-cabelier.png,01639.png
1640,https://www.vinatis.com/93576-fine_default/les-eguets-2023-jean-michel-gerin.png,01640.png
1641,https://www.vinatis.com/93843-fine_default/l-autre-blanc-2021-domaine-d-aigues-belles.png,01641.png
1642,https://www.vinatis.com/93941-fine_default/les-champauvins-2022-domaine-grand-veneur.png,01642.png
1643,https://www.vinatis.com/94445-fine_default/sancerre-blanc-2023-domaine-millerioux.png,01643.png
1644,https://www.vinatis.com/95250-fine_default/finca-capelinos-2022-guimaro.png,01644.png
1645,https://www.vinatis.com/95030-fine_default/originale-rose-2024-domaine-la-rose-des-vents.png,01645.png
1646,https://www.vinatis.com/91806-fine_default/vouvray-sec-2023-vincent-careme.png,01646.png
1647,https://www.vinatis.com/96440-fine_default/vouvray-sec-le-peu-morier-2023-vincent-careme.png,01647.png
1648,https://www.vinatis.com/75252-fine_default/savigny-les-beaune-1er-cru-les-peuillets-2021-chateau-de-meursault.png,01648.png
1649,https://www.vinatis.com/92701-fine_default/chablis-grand-cru-bougros-2023-domaine-de-vauroux.png,01649.png
1650,https://www.vinatis.com/58329-fine_default/chateau-du-glana-2017.png,01650.png
1651,https://www.vinatis.com/59859-fine_default/red-wine-n2-2018-syrah-tara.png,01651.png
1652,https://www.vinatis.com/80872-fine_default/chateau-montlabert-2019.png,01652.png
1653,https://www.vinatis.com/83520-fine_default/chateau-magnan-la-gaffeliere-2020.png,01653.png
1654,https://www.vinatis.com/85252-fine_default/blanc-sec-de-suduiraut-2020.png,01654.png
1655,https://www.vinatis.com/87987-fine_default/parajes-del-bierzo-tinto-2022-bodegas-y-vinedos-cesar-marquez.png,01655.png
1656,https://www.vinatis.com/92947-fine_default/chateau-du-rival-2023.png,01656.png
1657,https://www.vinatis.com/92955-fine_default/chateau-pontet-bayard-2022.png,01657.png
1658,https://www.vinatis.com/73945-fine_default/pommard-1er-cru-2018-doudet-naudin.png,01658.png
1659,https://www.vinatis.com/66757-fine_default/clos-de-la-molenie-rouge-2021.png,01659.png
1660,https://www.vinatis.com/86967-fine_default/san-leonardo-2019-tenuta-san-leonardo.png,01660.png
1661,https://www.vinatis.com/91859-fine_default/art-blanc-2021-clos-des-centenaires.png,01661.png
1662,https://www.vinatis.com/76925-fine_default/chateau-cantenac-brown-2018-3eme-cru-classe.png,01662.png
1663,https://www.vinatis.com/88821-fine_default/tribun-2019-domaine-alira.png,01663.png
1664,https://www.vinatis.com/97137-fine_default/duas-quintas-tinto-2022-ramos-pinto.png,01664.png
1665,https://www.vinatis.com/98483-fine_default/la-promesse-2023-domaine-de-la-brillane.png,01665.png
1666,https://www.vinatis.com/89427-fine_default/chateau-belgrave-2016-5eme-cru-classe.png,01666.png
1667,https://www.vinatis.com/92989-fine_default/lagrave-martillac-2023-second-vin-du-chateau-latour-martillac.png,01667.png
1668,https://www.vinatis.com/94284-fine_default/sauvignon-blanc-2023-klein-constantia.png,01668.png
1669,https://www.vinatis.com/100113-fine_default/kressmann-monopole-rouge-2022.png,01669.png
1670,https://www.vinatis.com/95032-fine_default/blanc-2024-domaine-la-rose-des-vents.png,01670.png
1671,https://www.vinatis.com/95181-fine_default/aloxe-corton-les-boutieres-2023-doudet-naudin.png,01671.png
1672,https://www.vinatis.com/95203-fine_default/cune-gran-reserva-2018-cvne.png,01672.png
1673,https://www.vinatis.com/95677-fine_default/premiere-pierre-2022-pierre-usseglio-fils.png,01673.png
1674,https://www.vinatis.com/95885-fine_default/chorus-2020-romain-duvernay.png,01674.png
1675,https://www.vinatis.com/95339-fine_default/chignin-bergeron-la-bergeronnelle-2023-les-fils-de-rene-quenard.png,01675.png
1676,https://www.vinatis.com/95436-fine_default/vinsobres-2022-domaine-de-montine.png,01676.png
1677,https://www.vinatis.com/95901-fine_default/tsinandali-2023-shumi-winery.png,01677.png
1678,https://www.vinatis.com/95862-fine_default/saint-peray-les-maisons-de-victor-2023-julien-pilon.png,01678.png
1679,https://www.vinatis.com/95946-fine_default/mauro-2022-bodegas-mauro.png,01679.png
1680,https://www.vinatis.com/96308-fine_default/chateauneuf-du-pape-2020-chateau-la-nerthe.png,01680.png
1681,https://www.vinatis.com/96353-fine_default/chenin-blanc-2024-domaine-du-roc-de-l-abbaye.png,01681.png
1682,https://www.vinatis.com/96579-fine_default/corton-grand-cru-rouge-2022-domaine-maillard-pere-fils.png,01682.png
1683,https://www.vinatis.com/96596-fine_default/premiere-rose-2024-figuiere.png,01683.png
1684,https://www.vinatis.com/96609-fine_default/saint-joseph-2023-domaine-bernard-gripa.png,01684.png
1685,https://www.vinatis.com/97075-fine_default/bourgogne-chardonnay-cote-d-or-2022-domaine-bzikot-pere-et-fils.png,01685.png
1686,https://www.vinatis.com/97133-fine_default/la-reserve-de-leoville-barton-2019-second-vin-du-chateau-leoville-barton.png,01686.png
1687,https://www.vinatis.com/97340-fine_default/chablis-vigne-de-la-boissonneuse-2023-domaine-des-7-lieux-julien-brocard.png,01687.png
1688,https://www.vinatis.com/97584-fine_default/planteur-blanc-2023-sarrat-de-goundy.png,01688.png
1689,https://www.vinatis.com/77614-fine_default/touraine-rouge-2018-chateau-de-vallagon.png,01689.png
1690,https://www.vinatis.com/93807-fine_default/anonyme-2012-xavier-vignon.png,01690.png
1691,https://www.vinatis.com/40216-fine_default/la-dame-de-montrose-2015-second-vin-du-chateau-montrose.png,01691.png
1692,https://www.vinatis.com/42279-fine_default/chateau-beau-sejour-becot-2016-1er-grand-cru-classe-b.png,01692.png
1693,https://www.vinatis.com/45515-fine_default/chateau-giscours-2016-3eme-cru-classe.png,01693.png
1694,https://www.vinatis.com/84668-fine_default/vougeot-1er-cru-les-cras-2022-domaine-de-la-vougeraie.png,01694.png
1695,https://www.vinatis.com/84906-fine_default/taburnum-2022-les-vins-de-vienne.png,01695.png
1696,https://www.vinatis.com/85059-fine_default/or-ange-2022-domaine-des-diables.png,01696.png
1697,https://www.vinatis.com/85964-fine_default/brunello-di-montalcino-2019-poggio-landi.png,01697.png
1698,https://www.vinatis.com/86841-fine_default/cuvee-prieure-rouge-2021-cru-classe-chateau-sainte-roseline.png,01698.png
1699,https://www.vinatis.com/87193-fine_default/unico-2014-vega-sicilia.png,01699.png
1700,https://www.vinatis.com/87494-fine_default/riesling-reserve-2022-domaine-trimbach.png,01700.png
1701,https://www.vinatis.com/87506-fine_default/riesling-grand-cru-praelatenberg-2021-domaine-fernand-engel.png,01701.png
1702,https://www.vinatis.com/87802-fine_default/grenache-vieilles-vignes-2022-clos-des-centenaires.png,01702.png
1703,https://www.vinatis.com/91942-fine_default/chateau-musar-blanc-2017.png,01703.png
1704,https://www.vinatis.com/88216-fine_default/chateau-bouscaut-2016-cru-classe-de-graves.png,01704.png
1705,https://www.vinatis.com/88344-fine_default/les-ravines-2023-remi-niero.png,01705.png
1706,https://www.vinatis.com/88769-fine_default/pouilly-fuisse-2021-domaine-ja-ferret.png,01706.png
1707,https://www.vinatis.com/91166-fine_default/fleurie-alice-6-10-2022-les-bertrand.png,01707.png
1708,https://www.vinatis.com/91574-fine_default/les-terroirs-2023-domaine-gael-martin.png,01708.png
1709,https://www.vinatis.com/91838-fine_default/sancerre-rouge-tradition-2022-domaine-du-roc-de-l-abbaye.png,01709.png
1710,https://www.vinatis.com/91914-fine_default/pernand-vergelesses-1er-cru-les-fichots-2022-doudet-naudin-domaine.png,01710.png
1711,https://www.vinatis.com/92057-fine_default/chorey-les-beaune-blanc-2023-domaine-maillard-pere-fils.png,01711.png
1712,https://www.vinatis.com/92793-fine_default/chambertin-clos-de-beze-grand-cru-2016-bouchard-pere-et-fils.png,01712.png
1713,https://www.vinatis.com/92143-fine_default/faust-2022-vignoble-de-lecu.png,01713.png
1714,https://www.vinatis.com/94664-fine_default/meursault-blanc-2023-parcelles-cie-nuiton-beaunoy.png,01714.png
1715,https://www.vinatis.com/92591-fine_default/emotion-2022-domaine-de-montine.png,01715.png
1716,https://www.vinatis.com/92653-fine_default/barolo-2019-ceretto.png,01716.png
1717,https://www.vinatis.com/96822-fine_default/pinot-noir-2019-zavec-brothers.png,01717.png
1718,https://www.vinatis.com/92778-fine_default/xisto-illimitado-blanc-2023-luis-seabra.png,01718.png
1719,https://www.vinatis.com/92945-fine_default/chateau-durfort-vivens-2020-2eme-cru-classe.png,01719.png
1720,https://www.vinatis.com/93002-fine_default/rosso-piceno-2023-saladini-pilastri.png,01720.png
1721,https://www.vinatis.com/94301-fine_default/riesling-collection-familiale-2022-henri-ehrhart.png,01721.png
1722,https://www.vinatis.com/93306-fine_default/saumur-blanc-clos-romans-2023-domaine-roches-neuves-thierry-germain.png,01722.png
1723,https://www.vinatis.com/93495-fine_default/almaviva-2022-vina-almaviva.png,01723.png
1724,https://www.vinatis.com/93646-fine_default/yjar-2020-yjar.png,01724.png
1725,https://www.vinatis.com/93647-fine_default/galatrona-2022-domaine-petrolo.png,01725.png
1726,https://www.vinatis.com/93652-fine_default/adrianna-vineyard-mundus-bacillus-terrae-2021-catena-zapata.png,01726.png
1727,https://www.vinatis.com/93762-fine_default/coteaux-de-l-aubance-loire-originelle-2023-dumnacus-vignerons.png,01727.png
1728,https://www.vinatis.com/93976-fine_default/secateurs-chenin-2023-aa-badenhorst-family-wines.png,01728.png
1729,https://www.vinatis.com/94048-fine_default/cotes-du-jura-chardonnay-arrogance-2023-domaine-badoz.png,01729.png
1730,https://www.vinatis.com/70886-fine_default/a-villeira-2020-virgen-de-galir-cvne.png,01730.png
1731,https://www.vinatis.com/70025-fine_default/merlot-2020-indigo-eyes.png,01731.png
1732,https://www.vinatis.com/70447-fine_default/roc-de-cambes-2021.png,01732.png
1733,https://www.vinatis.com/70897-fine_default/opus-one-2019-mondavi-rothschild.png,01733.png
1734,https://www.vinatis.com/77040-fine_default/chinon-rouge-diamant-prestige-2020-domaine-de-la-roche-honneur.png,01734.png
1735,https://www.vinatis.com/73621-fine_default/la-tyre-2008-chateau-montus-alain-brumont.png,01735.png
1736,https://www.vinatis.com/74705-fine_default/hermitage-blanc-2019-e-guigal.png,01736.png
1737,https://www.vinatis.com/74924-fine_default/volnay-1er-cru-clos-des-chenes-2020-chateau-de-meursault.png,01737.png
1738,https://www.vinatis.com/75259-fine_default/marsannay-clos-de-jeu-2021-chateau-de-marsannay.png,01738.png
1739,https://www.vinatis.com/76097-fine_default/nuits-saint-georges-2019-bouchard-pere-et-fils.png,01739.png
1740,https://www.vinatis.com/84387-fine_default/pommard-2019-maison-albert-bichot.png,01740.png
1741,https://www.vinatis.com/78104-fine_default/tradition-2022-domaine-giraud.png,01741.png
1742,https://www.vinatis.com/79167-fine_default/alta-chardonnay-2020-bodega-y-vinedos-catena.png,01742.png
1743,https://www.vinatis.com/79163-fine_default/pizarra-2020-pegaso-telmo-rodriguez.png,01743.png
1744,https://www.vinatis.com/79474-fine_default/domaine-les-grands-bois-cotes-du-rhone-villages-sainte-cecile-gabrielle-2020.png,01744.png
1745,https://www.vinatis.com/80545-fine_default/chateau-haut-pougnan-2020.png,01745.png
1746,https://www.vinatis.com/80853-fine_default/pommard-2022-maison-clavelier.png,01746.png
1747,https://www.vinatis.com/81162-fine_default/montagny-2021-levert-freres.png,01747.png
1748,https://www.vinatis.com/81305-fine_default/pinot-gris-grand-cru-brand-2016-domaine-josmeyer.png,01748.png
1749,https://www.vinatis.com/51729-fine_default/cuvee-royale-tenuta-montenisa-marchese-antinori.png,01749.png
1750,https://www.vinatis.com/51963-fine_default/gewurztraminer-vendanges-tardives-2018-marcel-deiss.png,01750.png
1751,https://www.vinatis.com/53990-fine_default/lieu-dit-malakoff-2014-domaine-terlato-et-m-chapoutier.png,01751.png
1752,https://www.vinatis.com/54979-fine_default/chateau-la-rose-perriere-2018.png,01752.png
1753,https://www.vinatis.com/55034-fine_default/chateau-latour-martillac-2018.png,01753.png
1754,https://www.vinatis.com/57375-fine_default/chateau-pedesclaux-2017-5eme-cru-classe.png,01754.png
1755,https://www.vinatis.com/82011-fine_default/aromes-de-pavie-2016-second-vin-du-chateau-pavie.png,01755.png
1756,https://www.vinatis.com/65013-fine_default/chateau-quinault-l-enclos-2018.png,01756.png
1757,https://www.vinatis.com/60349-fine_default/chateau-lafite-rothschild-2015-1er-cru-classe.png,01757.png
1758,https://www.vinatis.com/61866-fine_default/domaine-de-chevalier-rouge-2017-cru-classe-de-graves.png,01758.png
1759,https://www.vinatis.com/63984-fine_default/chateau-gazin-2017.png,01759.png
1760,https://www.vinatis.com/62045-fine_default/chateau-saint-pierre-2019-4eme-cru-classe.png,01760.png
1761,https://www.vinatis.com/88994-fine_default/fleurie-clos-de-la-grand-cour-2022-domaine-de-la-grand-cour-famille-dutraive.png,01761.png
1762,https://www.vinatis.com/89018-fine_default/fixin-1er-cru-clos-du-chapitre-2018-maison-patriarche.png,01762.png
1763,https://www.vinatis.com/89041-fine_default/la-gloire-de-mon-pere-2021-chateau-tour-des-gendres.png,01763.png
1764,https://www.vinatis.com/89171-fine_default/fendant-vetroz-les-terrasses-2023-domaine-jean-rene-germanier.png,01764.png
1765,https://www.vinatis.com/89551-fine_default/batuta-2021-niepoort.png,01765.png
1766,https://www.vinatis.com/89711-fine_default/beaune-vieilles-vignes-2020-maison-champy.png,01766.png
1767,https://www.vinatis.com/89788-fine_default/collioure-cote-mer-2023-domaine-de-la-rectorie.png,01767.png
1768,https://www.vinatis.com/89934-fine_default/chateauneuf-du-pape-blanc-2023-chateau-la-nerthe.png,01768.png
1769,https://www.vinatis.com/98475-fine_default/cremant-d-alsace-cuvee-platine-extra-brut-2020-domaine-allimant-laugner.png,01769.png
1770,https://www.vinatis.com/91635-fine_default/prestigi-2019-mas-du-novi.png,01770.png
1771,https://www.vinatis.com/90318-fine_default/coteaux-champenois-en-chanzeux-2022-champagne-devaux.png,01771.png
1772,https://www.vinatis.com/90353-fine_default/pico-ferreira-2022-bodegas-y-vinedos-cesar-marquez.png,01772.png
1773,https://www.vinatis.com/91004-fine_default/faustine-rose-2023-comte-abbatucci.png,01773.png
1774,https://www.vinatis.com/90911-fine_default/graacher-himmelreich-kabinett-2022-joh-jos-prum.png,01774.png
1775,https://www.vinatis.com/91097-fine_default/melon-a-queue-rouge-2023-caveau-de-bacchus.png,01775.png
1776,https://www.vinatis.com/91366-fine_default/valpolicella-superiore-2016-dal-forno-romano.png,01776.png
1777,https://www.vinatis.com/98019-fine_default/gamay-originel-2023-cave-de-cruet.png,01777.png
1778,https://www.vinatis.com/97804-fine_default/terres-de-berne-rose-2024.png,01778.png
1779,https://www.vinatis.com/98470-fine_default/mercurey-1er-cru-monopole-la-cailloute-2023-domaine-theulot-juillot.png,01779.png
1780,https://www.vinatis.com/98582-fine_default/chardonnay-2023-indigo-eyes.png,01780.png
1781,https://www.vinatis.com/82567-fine_default/chateau-haut-marbuzet-2019.png,01781.png
1782,https://www.vinatis.com/100341-fine_default/clos-du-temple-2022-gerard-bertrand.png,01782.png
1783,https://www.vinatis.com/82727-fine_default/infiniment-de-l-ou-2021-chateau-de-l-ou.png,01783.png
1784,https://www.vinatis.com/83639-fine_default/bourgogne-les-setilles-2021-olivier-leflaive.png,01784.png
1785,https://www.vinatis.com/83826-fine_default/bin-28-shiraz-2021-penfolds.png,01785.png
1786,https://www.vinatis.com/94257-fine_default/casa-velha-branco-2023-adega-de-favaios.png,01786.png
1787,https://www.vinatis.com/94375-fine_default/zinfandel-director-s-cut-2021-francis-ford-coppola.png,01787.png
1788,https://www.vinatis.com/94462-fine_default/l-hospitalitas-2022-gerard-bertrand.png,01788.png
1789,https://www.vinatis.com/99756-fine_default/connetable-de-talbot-2022-second-vin-du-chateau-talbot.png,01789.png
1790,https://www.vinatis.com/81877-fine_default/riesling-grand-cru-hengst-2018-domaine-josmeyer.png,01790.png
1791,https://www.vinatis.com/98043-fine_default/silice-rouge-2024-maison-des-ardoisieres.png,01791.png
1792,https://www.vinatis.com/98485-fine_default/l-esperance-2024-domaine-de-la-brillane.png,01792.png
1793,https://www.vinatis.com/70921-fine_default/nicolas-catena-zapata-2019-catena-zapata.png,01793.png
1794,https://www.vinatis.com/84879-fine_default/siepi-2021-mazzei.png,01794.png
1795,https://www.vinatis.com/92935-fine_default/la-casilla-2023-bodegas-y-vinedos-ponce.png,01795.png
1796,https://www.vinatis.com/98010-fine_default/chinon-rouge-clos-de-lhospice-2020-domaine-jean-maurice-raffault.png,01796.png
1797,https://www.vinatis.com/95359-fine_default/estate-pinot-noir-2022-clos-henri-vineyard.png,01797.png
1798,https://www.vinatis.com/95417-fine_default/redoma-douro-tinto-2021-niepoort.png,01798.png
1799,https://www.vinatis.com/95431-fine_default/domaine-de-l-aigle-chardonnay-2023-gerard-bertrand.png,01799.png
1800,https://www.vinatis.com/95435-fine_default/chateau-villemajou-grand-vin-2022-gerard-bertrand.png,01800.png
1801,https://www.vinatis.com/95543-fine_default/brouilly-2023-chateau-de-la-chaize.png,01801.png
1802,https://www.vinatis.com/95654-fine_default/psi-2022-dominio-de-pingus.png,01802.png
1803,https://www.vinatis.com/99651-fine_default/chablis-grand-cru-vaudesir-bio-2023-domaine-des-malandes.png,01803.png
1804,https://www.vinatis.com/95847-fine_default/engelgarten-le-jardin-des-anges-2023-marcel-deiss.png,01804.png
1805,https://www.vinatis.com/96189-fine_default/gold-rose-2024-maitres-vignerons-de-la-presqu-ile-de-saint-tropez.png,01805.png
1806,https://www.vinatis.com/96253-fine_default/bouzeron-2023-domaine-a-et-p-de-villaine.png,01806.png
1807,https://www.vinatis.com/100057-fine_default/confidentielle-2024-figuiere.png,01807.png
1808,https://www.vinatis.com/96843-fine_default/tokaj-dry-furmint-2023-domaine-disznoko.png,01808.png
1809,https://www.vinatis.com/96879-fine_default/volnay-1er-cru-les-santenots-2021-vincent-girardin.png,01809.png
1810,https://www.vinatis.com/97057-fine_default/sancerre-blanc-clos-paradis-2023-domaine-fouassier.png,01810.png
1811,https://www.vinatis.com/98029-fine_default/gevrey-chambertin-1er-cru-estournelles-2018-louis-jadot.png,01811.png
1812,https://www.vinatis.com/97427-fine_default/pinot-noir-2024-pete-s-pure.png,01812.png
1813,https://www.vinatis.com/97445-fine_default/marie-2024-maison-ventenac.png,01813.png
1814,https://www.vinatis.com/99675-fine_default/cremant-de-loire-rose-eclipse-2023-domaine-des-pothiers.png,01814.png
1815,https://www.vinatis.com/88423-fine_default/chateau-talbot-2020-4eme-cru-classe.png,01815.png
1816,https://www.vinatis.com/97746-fine_default/koonunga-hill-76-2021-penfolds.png,01816.png
1817,https://www.vinatis.com/89445-fine_default/givry-2023-domaine-deliance.png,01817.png
1818,https://www.vinatis.com/82389-fine_default/chateau-ferran-2022.png,01818.png
1819,https://www.vinatis.com/81821-fine_default/veuve-du-vernay-ice-rose.png,01819.png
1820,https://www.vinatis.com/87676-fine_default/reuilly-blanc-2023-domaine-jm-sorbe.png,01820.png
1821,https://www.vinatis.com/94043-fine_default/une-tour-en-anjou-rouge-2023-domaine-des-trottieres.png,01821.png
1822,https://www.vinatis.com/91683-fine_default/beaujolais-villages-2023-domaine-la-baronne-du-fourque.png,01822.png
1823,https://www.vinatis.com/78671-fine_default/chateau-pape-clement-2020-cru-classe-de-graves.png,01823.png
1824,https://www.vinatis.com/96195-fine_default/hippy-2024-roubine.png,01824.png
1825,https://www.vinatis.com/98838-fine_default/negroamaro-2023-messapi.png,01825.png
1826,https://www.vinatis.com/87763-fine_default/saint-joseph-blanc-2023-stephane-montez-du-monteillet.png,01826.png
1827,https://www.vinatis.com/70095-fine_default/gewurztraminer-grand-cru-altenberg-bergheim-2020-domaine-fernand-engel.png,01827.png
1828,https://www.vinatis.com/74400-fine_default/old-vines-gsm-2019-torbreck.png,01828.png
1829,https://www.vinatis.com/75548-fine_default/laureole-2022-romain-duvernay.png,01829.png
1830,https://www.vinatis.com/78693-fine_default/chateau-latour-camblanes-2018.png,01830.png
1831,https://www.vinatis.com/88639-fine_default/la-liviniere-terroir-d-altitude-2021-domaine-de-la-borie-blanche-famille-de-lorgeril.png,01831.png
1832,https://www.vinatis.com/91592-fine_default/chateau-tour-bayard-2022.png,01832.png
1833,https://www.vinatis.com/88113-fine_default/chateau-de-rochemorin-blanc-2020.png,01833.png
1834,https://www.vinatis.com/88114-fine_default/pessac-leognan-blanc-2021-chateau-coucheroy.png,01834.png
1835,https://www.vinatis.com/40070-fine_default/vina-sena-2016.png,01835.png
1836,https://www.vinatis.com/85794-fine_default/meursault-2022-louis-jadot.png,01836.png
1837,https://www.vinatis.com/98270-fine_default/saint-joseph-les-granilites-2022-m-chapoutier.png,01837.png
1838,https://www.vinatis.com/86543-fine_default/vieilles-vignes-2016-chateau-bouscasse.png,01838.png
1839,https://www.vinatis.com/86830-fine_default/chateau-leoville-poyferre-2019-second-cru-classe.png,01839.png
1840,https://www.vinatis.com/87404-fine_default/roussette-de-savoie-2023-anne-de-lusignan-domaine-de-l-idylle.png,01840.png
1841,https://www.vinatis.com/87698-fine_default/volnay-1er-cru-fremiets-2022-domaine-joseph-voillot.png,01841.png
1842,https://www.vinatis.com/88038-fine_default/clos-boucher-2022-delas.png,01842.png
1843,https://www.vinatis.com/91300-fine_default/chablis-bio-2023-domaine-des-malandes.png,01843.png
1844,https://www.vinatis.com/88368-fine_default/persan-princens-2023-domaine-saint-germain.png,01844.png
1845,https://www.vinatis.com/88490-fine_default/pommard-vieilles-vignes-2022-domaine-joseph-voillot.png,01845.png
1846,https://www.vinatis.com/88515-fine_default/chablis-grand-cru-bougros-2019-domaine-william-fevre.png,01846.png
1847,https://www.vinatis.com/88741-fine_default/orma-2021.png,01847.png
1848,https://www.vinatis.com/88776-fine_default/chateau-de-sales-2020.png,01848.png
1849,https://www.vinatis.com/94561-fine_default/pernand-vergelesses-1er-cru-en-caradeux-2022-domaine-chanson.png,01849.png
1850,https://www.vinatis.com/71724-fine_default/le-clementin-de-pape-clement-2019-second-vin-du-chateau-pape-clement.png,01850.png
1851,https://www.vinatis.com/72229-fine_default/chateau-lascombes-2018-2nd-cru-classe.png,01851.png
1852,https://www.vinatis.com/72947-fine_default/l-initial-2020-domaine-de-beyssac.png,01852.png
1853,https://www.vinatis.com/78354-fine_default/beaune-1er-cru-clos-du-roi-2017-louis-latour.png,01853.png
1854,https://www.vinatis.com/76715-fine_default/vouvray-demi-sec-2018-clos-naudin.png,01854.png
1855,https://www.vinatis.com/86117-fine_default/cote-de-brouilly-2020-alex-foillard.png,01855.png
1856,https://www.vinatis.com/77576-fine_default/chateau-de-camensac-2020-5eme-cru-classe.png,01856.png
1857,https://www.vinatis.com/78017-fine_default/riesling-spatlese-zeltinger-sonnenuhr-wc-2021-markus-molitor.png,01857.png
1858,https://www.vinatis.com/78173-fine_default/montlouis-sur-loire-les-hauts-des-pions-2022-domaine-de-la-croix-melier.png,01858.png
1859,https://www.vinatis.com/79964-fine_default/chateau-petit-gravet-aine-2018.png,01859.png
1860,https://www.vinatis.com/79032-fine_default/chateau-d-aiguilhe-2020.png,01860.png
1861,https://www.vinatis.com/79086-fine_default/la-chambee-2022-les-vins-de-vienne.png,01861.png
1862,https://www.vinatis.com/79751-fine_default/filius-chardonnay-2021-vasse-felix.png,01862.png
1863,https://www.vinatis.com/92106-fine_default/trigone-blanc-2022-domaine-le-soula.png,01863.png
1864,https://www.vinatis.com/80772-fine_default/la-dame-rousse-2021-domaine-de-la-mordoree.png,01864.png
1865,https://www.vinatis.com/80855-fine_default/altre-cami-2021-domaine-gayda.png,01865.png
1866,https://www.vinatis.com/81413-fine_default/ex-voto-blanc-2019-eguigal.png,01866.png
1867,https://www.vinatis.com/82110-fine_default/chinon-rouge-tradition-2022-domaine-philippe-alliet.png,01867.png
1868,https://www.vinatis.com/89288-fine_default/riesling-rosenberg-2023-domaine-barmes-buecher.png,01868.png
1869,https://www.vinatis.com/89440-fine_default/sancerre-blanc-les-romains-2022-domaine-fouassier.png,01869.png
1870,https://www.vinatis.com/89590-fine_default/d-de-dauzac-blanc-2023-chateau-dauzac.png,01870.png
1871,https://www.vinatis.com/89649-fine_default/reserve-de-jeanne-2021-maison-ventenac.png,01871.png
1872,https://www.vinatis.com/89697-fine_default/sancerre-blanc-cuvee-du-connetable-2022-chateau-de-sancerre.png,01872.png
1873,https://www.vinatis.com/89985-fine_default/la-petite-villa-2021-domaine-gayda.png,01873.png
1874,https://www.vinatis.com/91640-fine_default/riesling-grand-cru-wiebelsberg-gres-2023-domaine-julien-schaal.png,01874.png
1875,https://www.vinatis.com/90046-fine_default/saint-veran-2022-joseph-drouhin.png,01875.png
1876,https://www.vinatis.com/90245-fine_default/blanc-2023-domaine-tempier.png,01876.png
1877,https://www.vinatis.com/90263-fine_default/st-nicolas-de-bourgueil-les-clos-vieilles-vignes-2023-damien-bruneau.png,01877.png
1878,https://www.vinatis.com/90406-fine_default/pack-1-bouteille-chandon-garden-spritz-ice-bag-offert.png,01878.png
1879,https://www.vinatis.com/90751-fine_default/saint-peray-roussanne-2023-domaine-du-tunnel.png,01879.png
1880,https://www.vinatis.com/91545-fine_default/segla-2016-second-vin-de-chateau-rauzan-segla.png,01880.png
1881,https://www.vinatis.com/98145-fine_default/mino-blanc-2024-domaine-sant-armettu.png,01881.png
1882,https://www.vinatis.com/97923-fine_default/le-blanc-2023-mas-des-chimeres.png,01882.png
1883,https://www.vinatis.com/99754-fine_default/chateau-lescarelle-rose-2024.png,01883.png
1884,https://www.vinatis.com/53408-fine_default/chateau-clinet-2016.png,01884.png
1885,https://www.vinatis.com/58458-fine_default/griffons-de-pichon-baron-2018-second-vin-du-chateau-pichon-baron.png,01885.png
1886,https://www.vinatis.com/58411-fine_default/chateau-beychevelle-2020-4eme-cru-classe.png,01886.png
1887,https://www.vinatis.com/59967-fine_default/opus-one-2018-mondavi-rothschild.png,01887.png
1888,https://www.vinatis.com/61818-fine_default/l-oratoire-de-chasse-spleen-2019-second-vin-du-chateau-chasse-spleen.png,01888.png
1889,https://www.vinatis.com/64460-fine_default/chateau-lascombes-2019-2nd-cru-classe.png,01889.png
1890,https://www.vinatis.com/62047-fine_default/esprit-de-chevalier-2019-second-vin-du-domaine-de-chevalier.png,01890.png
1891,https://www.vinatis.com/62367-fine_default/la-guillotiere-de-guillot-clauzel-2018.png,01891.png
1892,https://www.vinatis.com/64765-fine_default/chateau-bouscaut-2018-cru-classe-de-graves.png,01892.png
1893,https://www.vinatis.com/65151-fine_default/bernkasteler-doctor-riesling-auslese-2018-dr-thanisch.png,01893.png
1894,https://www.vinatis.com/69922-fine_default/chateau-pontet-canet-2021-5eme-cru-classe.png,01894.png
1895,https://www.vinatis.com/81932-fine_default/chateau-suduiraut-2013-1er-cru-classe.png,01895.png
1896,https://www.vinatis.com/71604-fine_default/oreno-2019-tenuta-sette-ponti.png,01896.png
1897,https://www.vinatis.com/82803-fine_default/gevrey-chambertin-1er-cru-estournelles-saint-jacques-2021-closerie-des-alisiers.png,01897.png
1898,https://www.vinatis.com/83045-fine_default/frank-phelan-2019-second-vin-du-chateau-phelan-segur.png,01898.png
1899,https://www.vinatis.com/83233-fine_default/morgon-cote-du-py-2021-chateau-des-jacques.png,01899.png
1900,https://www.vinatis.com/83397-fine_default/chateau-grand-corbin-manuel-2018.png,01900.png
1901,https://www.vinatis.com/88100-fine_default/cheval-des-andes-2020.png,01901.png
1902,https://www.vinatis.com/83432-fine_default/chateau-labegorce-2020.png,01902.png
1903,https://www.vinatis.com/83452-fine_default/chateau-tronquoy-lalande-2018.png,01903.png
1904,https://www.vinatis.com/83504-fine_default/m3-chardonnay-2022-shaw-smith.png,01904.png
1905,https://www.vinatis.com/84452-fine_default/testamatta-2021-bibi-graetz.png,01905.png
1906,https://www.vinatis.com/88716-fine_default/bourgueil-cote-50-2023-domaine-yannick-amirault.png,01906.png
1907,https://www.vinatis.com/84638-fine_default/riesling-konigsschild-2022-tesch.png,01907.png
1908,https://www.vinatis.com/99933-fine_default/domaine-de-terrebrune-rouge-2015.png,01908.png
1909,https://www.vinatis.com/img/p/ghost-fine_default.jpg,01909.png
1910,https://www.vinatis.com/91837-fine_default/pouilly-fume-tradition-2023-domaine-du-roc-de-l-abbaye.png,01910.png
1911,https://www.vinatis.com/91853-fine_default/chateau-haut-selve-blanc-2023.png,01911.png
1912,https://www.vinatis.com/91950-fine_default/chateau-magnol-2021-cru-bourgeois-barton-guestier.png,01912.png
1913,https://www.vinatis.com/92033-fine_default/beaune-1er-cru-cent-vignes-2021-doudet-naudin.png,01913.png
1914,https://www.vinatis.com/92787-fine_default/givry-1er-cru-clos-de-la-marole-2023-domaine-deliance.png,01914.png
1915,https://www.vinatis.com/92150-fine_default/folle-noire-d-ambat-2022-domaine-le-roc.png,01915.png
1916,https://www.vinatis.com/92155-fine_default/escudo-rojo-gran-reserva-2022-baron-philippe-de-rothschild.png,01916.png
1917,https://www.vinatis.com/92425-fine_default/la-figuera-2023-domaine-de-lauriga-paul-mas.png,01917.png
1918,https://www.vinatis.com/95884-fine_default/chassagne-montrachet-rouge-la-caniere-2022-domaine-patrick-miolane.png,01918.png
1919,https://www.vinatis.com/92862-fine_default/cochon-volant-blanc-2023-chateau-de-caraguilhes.png,01919.png
1920,https://www.vinatis.com/93559-fine_default/chateau-durfort-vivens-le-hameau-2019.png,01920.png
1921,https://www.vinatis.com/93393-fine_default/chateau-pedesclaux-2019-5eme-cru-classe.png,01921.png
1922,https://www.vinatis.com/94311-fine_default/arbois-poulsard-2023-domaine-foret.png,01922.png
1923,https://www.vinatis.com/93741-fine_default/saintes-pierres-de-nalys-rouge-2019-chateau-de-nalys-e-guigal.png,01923.png
1924,https://www.vinatis.com/93891-fine_default/lubrifiant-social-2023-bertrand-vincent-marchesseau.png,01924.png
1925,https://www.vinatis.com/93899-fine_default/chateau-dubard-bel-air-2022.png,01925.png
1926,https://www.vinatis.com/93971-fine_default/touraine-amboise-rouge-cot-vieilles-vignes-2022-domaine-la-grange-tiphaine.png,01926.png
1927,https://www.vinatis.com/92244-fine_default/savigny-les-beaune-2021-domaine-maillard-pere-fils.png,01927.png
1928,https://www.vinatis.com/97393-fine_default/saint-joseph-2021-e-guigal.png,01928.png
1929,https://www.vinatis.com/98314-fine_default/clos-cibonne-cuvee-cibonne-tentations-2024.png,01929.png
1930,https://www.vinatis.com/86882-fine_default/savigny-les-beaune-2022-arnoux-pere-et-fils.png,01930.png
1931,https://www.vinatis.com/99264-fine_default/le-salut-de-la-terre-2023-cave-de-castelbarry.png,01931.png
1932,https://www.vinatis.com/72554-fine_default/chateau-hauts-conseillants-2018.png,01932.png
1933,https://www.vinatis.com/82533-fine_default/cremant-de-bourgogne-blanc-de-noirs-perle-de-nuit-louis-bouillot.png,01933.png
1934,https://www.vinatis.com/83251-fine_default/morgon-corcelette-2020-chateau-de-pougelon-famille-descombe.png,01934.png
1935,https://www.vinatis.com/86747-fine_default/marsannay-blanc-2020-louis-latour.png,01935.png
1936,https://www.vinatis.com/87378-fine_default/abymes-cuvee-gastronomie-2023-domaine-jean-perrier-fils.png,01936.png
1937,https://www.vinatis.com/86585-fine_default/clos-de-la-molenie-blanc-2023.png,01937.png
1938,https://www.vinatis.com/58463-fine_default/blason-d-issan-2018-second-vin-du-chateau-d-issan.png,01938.png
1939,https://www.vinatis.com/71595-fine_default/les-fiefs-de-lagrange-2021-second-vin-du-chateau-lagrange.png,01939.png
1940,https://www.vinatis.com/94875-fine_default/cotes-du-jura-chardonnay-les-roussots-2023-domaine-badoz.png,01940.png
1941,https://www.vinatis.com/94974-fine_default/arbois-savagnin-2023-jean-rijckaert.png,01941.png
1942,https://www.vinatis.com/95324-fine_default/rivesaltes-primage-2022-chateau-les-pins.png,01942.png
1943,https://www.vinatis.com/95902-fine_default/humo-blanco-sauvignon-blanc-2022-hacienda-araucano.png,01943.png
1944,https://www.vinatis.com/95821-fine_default/moscato-d-asti-solicello-2023-neirano.png,01944.png
1945,https://www.vinatis.com/96044-fine_default/saint-veran-la-combe-desroches-2023-bret-brothers.png,01945.png
1946,https://www.vinatis.com/96182-fine_default/pinot-gris-vendanges-tardives-2017-clos-saint-landelin-veronique-thomas-mure.png,01946.png
1947,https://www.vinatis.com/96206-fine_default/cent-pour-cent-pinot-noir-2024-domaine-du-peyra.png,01947.png
1948,https://www.vinatis.com/97132-fine_default/chateau-leoville-barton-2014-2nd-cru-classe.png,01948.png
1949,https://www.vinatis.com/99137-fine_default/moulin-a-vent-2022-chateau-des-jacques.png,01949.png
1950,https://www.vinatis.com/98168-fine_default/saperavi-rouge-2021-tavankari.png,01950.png
1951,https://www.vinatis.com/83287-fine_default/savigny-les-beaune-aux-petits-liards-2021-doudet-naudin-domaine.png,01951.png
1952,https://www.vinatis.com/94191-fine_default/domaine-michel-juillot-mercurey-1er-cru-les-champs-martins-2022.png,01952.png
1953,https://www.vinatis.com/38224-fine_default/rivesaltes-grande-reserve-1989-vignobles-dom-brial.png,01953.png
1954,https://www.vinatis.com/21540-fine_default/domaine-casanova-blanc.png,01954.png
1955,https://www.vinatis.com/40805-fine_default/rivarose-brut-prestige.png,01955.png
1956,https://www.vinatis.com/78461-fine_default/cremant-de-limoux-prima-perla-rose-domaines-paul-mas.png,01956.png
1957,https://www.vinatis.com/42712-fine_default/millesime-1969-mas-amiel.png,01957.png
1958,https://www.vinatis.com/44173-fine_default/chateau-branaire-ducru-2015-4eme-cru-classe.png,01958.png
1959,https://www.vinatis.com/48357-fine_default/chateau-suduiraut-2010-1er-cru-classe.png,01959.png
1960,https://www.vinatis.com/90157-fine_default/la-dame-de-montrose-2017-second-vin-du-chateau-montrose.png,01960.png
1961,https://www.vinatis.com/49554-fine_default/clos-d-ora-2017-gerard-bertrand.png,01961.png
1962,https://www.vinatis.com/84924-fine_default/domane-serrig-grosse-lage-2020-markus-molitor.png,01962.png
1963,https://www.vinatis.com/85094-fine_default/the-steading-gsm-2021-torbreck.png,01963.png
1964,https://www.vinatis.com/85308-fine_default/tradition-blanc-2022-chateau-de-la-gardine.png,01964.png
1965,https://www.vinatis.com/85739-fine_default/pouilly-fume-le-troncsec-2023-joseph-mellot.png,01965.png
1966,https://www.vinatis.com/85745-fine_default/elle-et-lui-2020-gilles-gelin.png,01966.png
1967,https://www.vinatis.com/89892-fine_default/inspiration-minerale-2022-clos-saint-sebastien.png,01967.png
1968,https://www.vinatis.com/98264-fine_default/crozes-hermitage-les-meysonniers-blanc-2023-m-chapoutier.png,01968.png
1969,https://www.vinatis.com/87870-fine_default/chateau-siran-2020.png,01969.png
1970,https://www.vinatis.com/86533-fine_default/lea-2021-domaine-lafage.png,01970.png
1971,https://www.vinatis.com/86768-fine_default/pouilly-vinzelles-en-paradis-2021-louis-latour.png,01971.png
1972,https://www.vinatis.com/86909-fine_default/anjou-blanc-effusion-2022-domaine-baudouin.png,01972.png
1973,https://www.vinatis.com/87047-fine_default/beaune-les-greves-1er-cru-2018-domaine-bouchard-pere-et-fils.png,01973.png
1974,https://www.vinatis.com/87090-fine_default/savennieres-clos-de-la-marche-2022-domaine-du-petit-metris.png,01974.png
1975,https://www.vinatis.com/87259-fine_default/initial-2019-mas-amiel.png,01975.png
1976,https://www.vinatis.com/87261-fine_default/chablis-1er-cru-cote-de-lechet-reserve-vieilles-vignes-2022-domaine-bernard-defaix.png,01976.png
1977,https://www.vinatis.com/87433-fine_default/barolo-ravera-2019-giovanni-sordo.png,01977.png
1978,https://www.vinatis.com/87466-fine_default/cote-sauvage-2023-villa-dria.png,01978.png
1979,https://www.vinatis.com/87713-fine_default/chateau-du-glana-2016.png,01979.png
1980,https://www.vinatis.com/88723-fine_default/faugeres-terroir-d-altitude-2021-chateau-de-ciffre-famille-de-lorgeril.png,01980.png
1981,https://www.vinatis.com/89969-fine_default/chateau-la-brande-2019.png,01981.png
1982,https://www.vinatis.com/88363-fine_default/xb-2023-domaine-la-terrasse-d-elise.png,01982.png
1983,https://www.vinatis.com/88855-fine_default/sancerre-blanc-les-creots-2023-vincent-pinard.png,01983.png
1984,https://www.vinatis.com/88822-fine_default/pinot-noir-rose-haus-klosterberg-2023-markus-molitor.png,01984.png
1985,https://www.vinatis.com/91951-fine_default/le-grand-mechant-loup-2023-vignobles-vellas.png,01985.png
1986,https://www.vinatis.com/91962-fine_default/marsannay-clos-du-roy-2022-famille-gagey-louis-jadot.png,01986.png
1987,https://www.vinatis.com/92071-fine_default/gevrey-chambertin-2020-bouchard-pere-et-fils.png,01987.png
1988,https://www.vinatis.com/93158-fine_default/chablis-1er-cru-l-essence-des-climats-2023-domaine-laroche.png,01988.png
1989,https://www.vinatis.com/92369-fine_default/montagny-1er-cru-bonneveaux-2020-olivier-leflaive.png,01989.png
1990,https://www.vinatis.com/95818-fine_default/pouilly-fuisse-1er-cru-les-crays-2023-domaine-guerrin-et-fils.png,01990.png
1991,https://www.vinatis.com/92861-fine_default/solus-blanc-2023-chateau-de-caraguilhes.png,01991.png
1992,https://www.vinatis.com/93053-fine_default/lady-laroze-2020-second-vin-du-chateau-laroze.png,01992.png
1993,https://www.vinatis.com/93766-fine_default/roussette-de-savoie-coeur-de-combe-2023-cave-de-cruet.png,01993.png
1994,https://www.vinatis.com/93974-fine_default/cigalus-blanc-2023-gerard-bertrand.png,01994.png
1995,https://www.vinatis.com/70800-fine_default/chateau-de-fieuzal-2018-cru-classe-de-graves.png,01995.png
1996,https://www.vinatis.com/70087-fine_default/valdobbiadene-prosecco-superiore-docg-rive-di-colbertaldo-particella-68-brut-2021-sorelle-bronca.png,01996.png
1997,https://www.vinatis.com/71111-fine_default/rarissime-2020-mas-gabinele.png,01997.png
1998,https://www.vinatis.com/73666-fine_default/pouilly-fume-101-rangs-2019-chateau-de-tracy.png,01998.png
1999,https://www.vinatis.com/74844-fine_default/le-petit-cheval-blanc-2020.png,01999.png
2000,https://www.vinatis.com/77166-fine_default/moelleux-2018-francois-chidaine.png,02000.png
2001,https://www.vinatis.com/75762-fine_default/symphonie-2021-christophe-pichon.png,02001.png
2002,https://www.vinatis.com/76485-fine_default/philip-2020-mazzei.png,02002.png
2003,https://www.vinatis.com/76384-fine_default/mercurey-1er-cru-grand-clos-fortoul-2021-louis-jadot.png,02003.png
2004,https://www.vinatis.com/77509-fine_default/contino-gran-reserva-2017-cvne.png,02004.png
2005,https://www.vinatis.com/82680-fine_default/nuits-saint-georges-2018-maison-albert-bichot.png,02005.png
2006,https://www.vinatis.com/77150-fine_default/altre-cami-blanc-2021-domaine-gayda.png,02006.png
2007,https://www.vinatis.com/78162-fine_default/monastrell-2021-bodegas-castano.png,02007.png
2008,https://www.vinatis.com/77296-fine_default/anjou-blanc-le-cornillard-2020-domaine-baudouin.png,02008.png
2009,https://www.vinatis.com/77458-fine_default/chateau-grand-pontet-2019.png,02009.png
2010,https://www.vinatis.com/78874-fine_default/pergolaia-2019-caiarossa.png,02010.png
2011,https://www.vinatis.com/79484-fine_default/macon-la-roche-vineuse-2022-parcelles-cie-vignerons-des-terres-secretes.png,02011.png
2012,https://www.vinatis.com/79702-fine_default/cigalus-2021-gerard-bertrand.png,02012.png
2013,https://www.vinatis.com/80321-fine_default/mercurey-blanc-2022-domaine-michel-juillot.png,02013.png
2014,https://www.vinatis.com/81515-fine_default/touraine-rouge-2022-francois-chidaine.png,02014.png
2015,https://www.vinatis.com/53459-fine_default/chateau-pichon-baron-de-longueville-2018-2nd-cru-classe.png,02015.png
2016,https://www.vinatis.com/55887-fine_default/clos-du-clocher-2016.png,02016.png
2017,https://www.vinatis.com/58489-fine_default/chateau-de-cerons-2018.png,02017.png
2018,https://www.vinatis.com/57902-fine_default/chateau-malartic-lagraviere-2014-cru-classe-de-graves.png,02018.png
2019,https://www.vinatis.com/59249-fine_default/chateau-pontet-canet-2020-5eme-cru-classe.png,02019.png
2020,https://www.vinatis.com/61794-fine_default/vina-sena-2019.png,02020.png
2021,https://www.vinatis.com/70532-fine_default/chateau-rieussec-2019-1er-grand-cru-classe.png,02021.png
2022,https://www.vinatis.com/62301-fine_default/chateau-la-pointe-2018.png,02022.png
2023,https://www.vinatis.com/62303-fine_default/chateau-rouget-2018.png,02023.png
2024,https://www.vinatis.com/63330-fine_default/la-sirene-de-giscours-2018-second-vin-du-chateau-giscours.png,02024.png
2025,https://www.vinatis.com/68378-fine_default/chateau-lagrange-2019-3eme-cru-classe.png,02025.png
2026,https://www.vinatis.com/63521-fine_default/chateau-lafite-rothschild-2017-1er-cru-classe.png,02026.png
2027,https://www.vinatis.com/63649-fine_default/chateau-mazeyres-2017.png,02027.png
2028,https://www.vinatis.com/65687-fine_default/chateau-la-vieille-cure-2019.png,02028.png
2029,https://www.vinatis.com/89061-fine_default/pouilly-fume-presages-2022-clair-de-brumes-famille-saget.png,02029.png
2030,https://www.vinatis.com/89218-fine_default/bourgogne-chardonnay-laforet-2022-joseph-drouhin.png,02030.png
2031,https://www.vinatis.com/89460-fine_default/chablis-1er-cru-les-fourchaumes-vieilles-vignes-2022-domaine-laroche.png,02031.png
2032,https://www.vinatis.com/89512-fine_default/abymes-electrik-2022-domaine-philippe-sylvain-ravier.png,02032.png
2033,https://www.vinatis.com/89581-fine_default/brouilly-2023-domaine-richard-rottiers.png,02033.png
2034,https://www.vinatis.com/90137-fine_default/amarone-della-valpolicella-classico-sant-urbano-2019-speri.png,02034.png
2035,https://www.vinatis.com/90224-fine_default/vina-real-gran-reserva-especial-2017-cvne.png,02035.png
2036,https://www.vinatis.com/90948-fine_default/riesling-le-kottabe-2023-domaine-josmeyer.png,02036.png
2037,https://www.vinatis.com/90752-fine_default/duas-quintas-blanc-2023-ramos-pinto.png,02037.png
2038,https://www.vinatis.com/90775-fine_default/les-carlines-2022-mas-haut-buis.png,02038.png
2039,https://www.vinatis.com/91576-fine_default/clarendelle-blanc-2023-inspire-par-notre-heritage.png,02039.png
2040,https://www.vinatis.com/97869-fine_default/hautes-cotes-de-beaune-blanc-2023-aegerter.png,02040.png
2041,https://www.vinatis.com/98188-fine_default/clos-lojen-2024-bodegas-y-vinedos-ponce.png,02041.png
2042,https://www.vinatis.com/98476-fine_default/valpolicella-classico-2023-vivaldi.png,02042.png
2043,https://www.vinatis.com/98576-fine_default/pinot-noir-private-bin-2023-villa-maria.png,02043.png
2044,https://www.vinatis.com/98699-fine_default/chignin-bergeron-raipoumpou-2024-adrien-berlioz.png,02044.png
2045,https://www.vinatis.com/99117-fine_default/pernand-vergelesses-2023-maison-champy.png,02045.png
2046,https://www.vinatis.com/99249-fine_default/terre-de-bussiere-2022-domaine-de-la-janasse.png,02046.png
2047,https://www.vinatis.com/99604-fine_default/chemin-de-moscou-2022-domaine-gayda.png,02047.png
2048,https://www.vinatis.com/100101-fine_default/vacqueyras-bio-2023-xavier-vignon.png,02048.png
2049,https://www.vinatis.com/100630-fine_default/figure-libre-freestyle-blanc-2022-domaine-gayda.png,02049.png
2050,https://www.vinatis.com/83882-fine_default/les-trois-schistes-2022-domaine-de-montgilet.png,02050.png
2051,https://www.vinatis.com/94192-fine_default/mercurey-blanc-2022-les-vignes-de-maillonge-domaine-michel-juillot.png,02051.png
2052,https://www.vinatis.com/94355-fine_default/riesling-grand-cru-altenberg-de-bergheim-vieilles-vignes-2020-gustave-lorentz.png,02052.png
2053,https://www.vinatis.com/82083-fine_default/gewurztraminer-2022-marcel-deiss.png,02053.png
2054,https://www.vinatis.com/88626-fine_default/brouilly-2022-chateau-des-ravatys.png,02054.png
2055,https://www.vinatis.com/70581-fine_default/chateau-langoa-barton-2019-3eme-cru-classe.png,02055.png
2056,https://www.vinatis.com/78510-fine_default/chateau-pavie-macquin-2019-1er-grand-cru-classe-b.png,02056.png
2057,https://www.vinatis.com/90323-fine_default/culombu-storia-di-e-signore-2022.png,02057.png
2058,https://www.vinatis.com/85593-fine_default/petite-marquise-2020-second-vin-du-clos-du-marquis.png,02058.png
2059,https://www.vinatis.com/95482-fine_default/sylvaner-des-chasseurs-de-lune-2021-bestheim.png,02059.png
2060,https://www.vinatis.com/94673-fine_default/cornas-les-premices-2022-domaine-durand-eric-joel.png,02060.png
2061,https://www.vinatis.com/94747-fine_default/augusta-2022-chateau-de-nouvelles.png,02061.png
2062,https://www.vinatis.com/94799-fine_default/arbois-trousseau-rosiere-2023-caveau-de-bacchus.png,02062.png
2063,https://www.vinatis.com/94981-fine_default/saint-romain-2023-louis-jadot.png,02063.png
2064,https://www.vinatis.com/96437-fine_default/chablis-grand-cru-vaudesir-2020-domaine-besson.png,02064.png
2065,https://www.vinatis.com/95535-fine_default/hydropathe-elite-rouge-2021-domaine-des-diables.png,02065.png
2066,https://www.vinatis.com/95683-fine_default/petit-chablis-2023-domaine-passy-le-clou-famille-descombe.png,02066.png
2067,https://www.vinatis.com/95713-fine_default/la-fontaine-2023-domaine-grand-veneur.png,02067.png
2068,https://www.vinatis.com/95892-fine_default/first-flight-syrah-2022-domaine-graeme-julie-bott.png,02068.png
2069,https://www.vinatis.com/95940-fine_default/pernand-vergelesses-les-pins-2023-doudet-naudin-domaine.png,02069.png
2070,https://www.vinatis.com/98662-fine_default/bandol-les-baumes-blanc-2024-moulin-de-la-roque.png,02070.png
2071,https://www.vinatis.com/96047-fine_default/vosne-romanee-premier-cru-les-beaux-monts-2022-domaine-bertagna.png,02071.png
2072,https://www.vinatis.com/96051-fine_default/pouilly-fuisse-terres-de-vergisson-2023-bret-brothers.png,02072.png
2073,https://www.vinatis.com/97271-fine_default/charmes-chambertin-grand-cru-2021-domaine-marchand-freres.png,02073.png
2074,https://www.vinatis.com/96429-fine_default/petit-pas-blanc-2023-mas-janeil-francois-lurton.png,02074.png
2075,https://www.vinatis.com/96245-fine_default/pouilly-fume-2024-domaine-les-chaumes.png,02075.png
2076,https://www.vinatis.com/97691-fine_default/preface-2023-pierre-jean-villa.png,02076.png
2077,https://www.vinatis.com/96347-fine_default/amplus-carignan-2022-vina-santa-ema.png,02077.png
2078,https://www.vinatis.com/97072-fine_default/chateau-lamarzelle-cormey-2019.png,02078.png
2079,https://www.vinatis.com/96512-fine_default/riesling-grand-cru-kessler-2019-domaine-schlumberger.png,02079.png
2080,https://www.vinatis.com/96568-fine_default/domaine-la-bastide-blanche-bandol-rose-2024.png,02080.png
2081,https://www.vinatis.com/100416-fine_default/mercurey-les-bussieres-2022-domaine-chanzy.png,02081.png
2082,https://www.vinatis.com/96874-fine_default/bourgogne-blanc-cuvee-saint-vincent-2022-vincent-girardin.png,02082.png
2083,https://www.vinatis.com/97136-fine_default/puligny-montrachet-1er-cru-les-folatieres-2022-joseph-drouhin.png,02083.png
2084,https://www.vinatis.com/98917-fine_default/pommard-vieilles-vignes-2022-vincent-girardin.png,02084.png
2085,https://www.vinatis.com/90051-fine_default/quintessence-blanc-2023-chateau-pesquie.png,02085.png
2086,https://www.vinatis.com/93151-fine_default/jurancon-ballet-d-octobre-2021-domaine-cauhape.png,02086.png
2087,https://www.vinatis.com/40807-fine_default/cremant-de-bourgogne-brut-rose-maison-simonnet-febvre.png,02087.png
2088,https://www.vinatis.com/81851-fine_default/veuve-du-vernay-brut.png,02088.png
2089,https://www.vinatis.com/95864-fine_default/saint-joseph-rue-des-poissonniers-paris-xviiie-2023-julien-pilon.png,02089.png
2090,https://www.vinatis.com/98526-fine_default/bourgogne-aligote-2022-domaine-des-coteaux-du-val-lamartinien.png,02090.png
2091,https://www.vinatis.com/93802-fine_default/chignin-cuvee-gastronomie-2023-domaine-jean-perrier-fils.png,02091.png
2092,https://www.vinatis.com/56302-fine_default/arcane-la-temperance-xavier-vignon.png,02092.png
2093,https://www.vinatis.com/57756-fine_default/cremant-d-alsace-brut-rose-bestheim.png,02093.png
2094,https://www.vinatis.com/61128-fine_default/clos-rene-2019.png,02094.png
2095,https://www.vinatis.com/70569-fine_default/chateau-les-grands-chenes-2018.png,02095.png
2096,https://www.vinatis.com/74940-fine_default/pinot-gris-grand-cru-kanzlerberg-2020-gustave-lorentz.png,02096.png
2097,https://www.vinatis.com/77610-fine_default/ballade-de-la-pointe-2018-second-vin-du-chateau-la-pointe.png,02097.png
2098,https://www.vinatis.com/82547-fine_default/mercurey-1er-cru-clos-l-eveque-2018-maison-patriarche.png,02098.png
2099,https://www.vinatis.com/83733-fine_default/g-de-chateau-guiraud-2022.png,02099.png
2100,https://www.vinatis.com/87535-fine_default/pinotage-2022-ernst-gouws-co.png,02100.png
2101,https://www.vinatis.com/59963-fine_default/grande-cuvee-2019-domaine-de-l-hortus.png,02101.png
2102,https://www.vinatis.com/92902-fine_default/maeve-2022-clos-aguilem.png,02102.png
2103,https://www.vinatis.com/94298-fine_default/les-carrieres-2023-domaine-thillardon.png,02103.png
2104,https://www.vinatis.com/95555-fine_default/les-frontons-flingueurs-2023-domaine-de-la-colombiere.png,02104.png
2105,https://www.vinatis.com/79980-fine_default/cerdon-methode-ancestrale-cuvee-vieilles-vignes-xavier-barbe.png,02105.png
2106,https://www.vinatis.com/95522-fine_default/la-forge-2022-gerard-bertrand.png,02106.png
2107,https://www.vinatis.com/100549-fine_default/chateau-romassan-rose-2024-domaines-ott.png,02107.png
2108,https://www.vinatis.com/91307-fine_default/la-croix-de-carbonnieux-blanc-2022-second-vin-du-chateau-carbonnieux.png,02108.png
2109,https://www.vinatis.com/30465-fine_default/chateau-rauzan-segla-2010-2nd-cru-classe.png,02109.png
2110,https://www.vinatis.com/40410-fine_default/chateau-boutisse-2016.png,02110.png
2111,https://www.vinatis.com/45842-fine_default/connetable-de-talbot-2016-second-vin-du-chateau-talbot.png,02111.png
2112,https://www.vinatis.com/83227-fine_default/val-de-dieu-2017-chateau-de-vaudieu.png,02112.png
2113,https://www.vinatis.com/51154-fine_default/chianti-classico-gran-selezione-badia-a-passignano-2015-tenuta-tignanello.png,02113.png
2114,https://www.vinatis.com/84745-fine_default/hunter-valley-semillon-2022-tyrrell-s-wines.png,02114.png
2115,https://www.vinatis.com/85748-fine_default/la-gille-2022-famille-perrin.png,02115.png
2116,https://www.vinatis.com/85820-fine_default/colombard-sauvignon-2023-domaine-laffitte.png,02116.png
2117,https://www.vinatis.com/85992-fine_default/brunello-di-montalcino-2019-fattoria-dei-barbi.png,02117.png
2118,https://www.vinatis.com/86569-fine_default/givry-rouge-2022-louis-jadot.png,02118.png
2119,https://www.vinatis.com/86596-fine_default/le-petit-clos-2021-domaine-triguedina-jean-luc-baldes.png,02119.png
2120,https://www.vinatis.com/86883-fine_default/beaune-1er-cru-en-genet-2022-arnoux-pere-et-fils.png,02120.png
2121,https://www.vinatis.com/97318-fine_default/chateau-maillet-2020.png,02121.png
2122,https://www.vinatis.com/87025-fine_default/musar-jeune-2021-chateau-musar.png,02122.png
2123,https://www.vinatis.com/87326-fine_default/macon-villages-2022-joseph-drouhin.png,02123.png
2124,https://www.vinatis.com/87471-fine_default/chateauneuf-du-pape-2022-clos-des-papes.png,02124.png
2125,https://www.vinatis.com/87677-fine_default/sauvignon-blanc-destinea-2023-joseph-mellot.png,02125.png
2126,https://www.vinatis.com/87707-fine_default/barbera-d-alba-2021-sandrone.png,02126.png
2127,https://www.vinatis.com/87882-fine_default/pinot-gris-2018-marcel-deiss.png,02127.png
2128,https://www.vinatis.com/87936-fine_default/estate-malbec-2022-dona-paula.png,02128.png
2129,https://www.vinatis.com/87973-fine_default/touraine-sauvignon-blanc-2023-domaine-jean-francois-roy.png,02129.png
2130,https://www.vinatis.com/88158-fine_default/vol-libre-blanc-2023.png,02130.png
2131,https://www.vinatis.com/88842-fine_default/bouzeron-les-fias-2020-domaine-roux-pere-et-fils.png,02131.png
2132,https://www.vinatis.com/88388-fine_default/brunello-di-montalcino-2019-poggio-antico.png,02132.png
2133,https://www.vinatis.com/88916-fine_default/cabernet-sauvignon-southern-hills-2021-wente-vineyard.png,02133.png
2134,https://www.vinatis.com/73981-fine_default/testamatta-2020-bibi-graetz.png,02134.png
2135,https://www.vinatis.com/71332-fine_default/amiral-de-beychevelle-2019-second-vin-du-chateau-beychevelle.png,02135.png
2136,https://www.vinatis.com/72899-fine_default/vouvray-demi-sec-2022-vincent-careme.png,02136.png
2137,https://www.vinatis.com/87753-fine_default/metairies-du-clos-rouge-2021-clos-marie.png,02137.png
2138,https://www.vinatis.com/75194-fine_default/beaune-1er-cru-les-cras-2019-joseph-drouhin.png,02138.png
2139,https://www.vinatis.com/75464-fine_default/finca-martelo-reserva-2019-la-rioja-alta.png,02139.png
2140,https://www.vinatis.com/75867-fine_default/chateau-giscours-2021-3eme-cru-classe.png,02140.png
2141,https://www.vinatis.com/87766-fine_default/chablis-2022-domaine-long-depaquit-maison-albert-bichot.png,02141.png
2142,https://www.vinatis.com/77573-fine_default/sancerre-blanc-melodie-des-vieilles-vignes-2022-vincent-gaudry.png,02142.png
2143,https://www.vinatis.com/79098-fine_default/domaine-de-chevalier-blanc-2020-cru-classe-de-graves.png,02143.png
2144,https://www.vinatis.com/79757-fine_default/pequenas-puertas-la-peli-2019-vina-zorzal.png,02144.png
2145,https://www.vinatis.com/79571-fine_default/les-fontanilles-2023-domaine-anne-gros-et-jean-paul-tollot.png,02145.png
2146,https://www.vinatis.com/79572-fine_default/costa-caoude-2021-mas-haut-buis.png,02146.png
2147,https://www.vinatis.com/80074-fine_default/la-chapelle-2022-domaine-des-pothiers.png,02147.png
2148,https://www.vinatis.com/82560-fine_default/aluvional-paraje-altamira-2018-familia-zuccardi.png,02148.png
2149,https://www.vinatis.com/80959-fine_default/chateau-la-verriere-2020.png,02149.png
2150,https://www.vinatis.com/81334-fine_default/fleurie-la-madone-2021-domaine-j-chamonard.png,02150.png
2151,https://www.vinatis.com/81409-fine_default/chardonnay-diamond-collection-2021-francis-ford-coppola.png,02151.png
2152,https://www.vinatis.com/81532-fine_default/riesling-bernkasteler-badstube-auslese-grc-2021-markus-molitor.png,02152.png
2153,https://www.vinatis.com/82230-fine_default/cremant-demi-sec-henri-ehrhart.png,02153.png
2154,https://www.vinatis.com/88942-fine_default/coteaux-du-layon-2017-domaine-des-bohues.png,02154.png
2155,https://www.vinatis.com/89895-fine_default/sauvignon-blanc-2023-domaine-de-l-esperance.png,02155.png
2156,https://www.vinatis.com/89229-fine_default/saint-peray-version-2022-francois-villard.png,02156.png
2157,https://www.vinatis.com/91304-fine_default/roussette-anne-sophie-2022-domaine-anne-sophie-et-jean-francois-quenard.png,02157.png
2158,https://www.vinatis.com/90064-fine_default/chardonnay-2022-el-enemigo.png,02158.png
2159,https://www.vinatis.com/90066-fine_default/malbec-2021-el-enemigo.png,02159.png
2160,https://www.vinatis.com/97320-fine_default/cent-pour-cent-grenache-2023-domaine-du-peyra.png,02160.png
2161,https://www.vinatis.com/90502-fine_default/pinot-blanc-reserve-2023-domaine-fernand-engel.png,02161.png
2162,https://www.vinatis.com/91154-fine_default/chateauneuf-du-pape-blanc-2023-domaine-beaurenard.png,02162.png
2163,https://www.vinatis.com/91217-fine_default/pouilly-fuisse-tete-de-cru-le-clos-des-prouges-2022-domaine-ja-ferret.png,02163.png
2164,https://www.vinatis.com/98534-fine_default/bon-vivant-blanc-2024-chateau-de-roquefort.png,02164.png
2165,https://www.vinatis.com/98404-fine_default/riverstone-chardonnay-2023-j-lohr-estates.png,02165.png
2166,https://www.vinatis.com/100407-fine_default/chardonnay-2024-intipalka.png,02166.png
2167,https://www.vinatis.com/58332-fine_default/chateau-la-lagune-2017-3eme-cru-classe.png,02167.png
2168,https://www.vinatis.com/62967-fine_default/chateau-capbern-2017.png,02168.png
2169,https://www.vinatis.com/62966-fine_default/chateau-montviel-2018.png,02169.png
2170,https://www.vinatis.com/62302-fine_default/chateau-rouget-2016.png,02170.png
2171,https://www.vinatis.com/63460-fine_default/le-clarence-de-haut-brion-2019-second-vin-du-chateau-haut-brion.png,02171.png
2172,https://www.vinatis.com/64817-fine_default/riesling-grand-cru-pfingstberg-2016-domaine-valentin-zusslin.png,02172.png
2173,https://www.vinatis.com/66145-fine_default/chablis-2020-maison-simonnet-febvre.png,02173.png
2174,https://www.vinatis.com/74962-fine_default/finca-piedra-infinita-2018-familia-zuccardi.png,02174.png
2175,https://www.vinatis.com/69389-fine_default/annick-bubbly-rosato-annick-ethic-drinks.png,02175.png
2176,https://www.vinatis.com/84034-fine_default/santenay-1er-cru-la-comme-2017-maison-patriarche.png,02176.png
2177,https://www.vinatis.com/83144-fine_default/chateau-branaire-ducru-2019-4eme-cru-classe.png,02177.png
2178,https://www.vinatis.com/84513-fine_default/santenay-2021-joseph-drouhin.png,02178.png
2179,https://www.vinatis.com/83607-fine_default/rully-2021-joseph-drouhin.png,02179.png
2180,https://www.vinatis.com/84052-fine_default/montlouis-sur-loire-clos-habert-2020-francois-chidaine.png,02180.png
2181,https://www.vinatis.com/84619-fine_default/touraine-rouge-cent-visages-2022-jean-francois-merieau.png,02181.png
2182,https://www.vinatis.com/100601-fine_default/cheverny-blanc-vieilles-vignes-2024-domaine-du-salvard.png,02182.png
2183,https://www.vinatis.com/91751-fine_default/arbois-chardonnay-2023-domaine-rolet-et-fils.png,02183.png
2184,https://www.vinatis.com/91836-fine_default/chateau-montus-blanc-2019.png,02184.png
2185,https://www.vinatis.com/91971-fine_default/maison-jaune-2021-domaine-bardi-d-alquier.png,02185.png
2186,https://www.vinatis.com/92176-fine_default/massaya-blanc-2022-chateau-massaya.png,02186.png
2187,https://www.vinatis.com/92168-fine_default/saumur-champigny-le-page-2023-domaine-de-rocheville.png,02187.png
2188,https://www.vinatis.com/93333-fine_default/methode-ancestrale-blanquette-de-limoux-domaine-antech.png,02188.png
2189,https://www.vinatis.com/94380-fine_default/chateau-la-creation-2016.png,02189.png
2190,https://www.vinatis.com/95147-fine_default/meursault-1er-cru-les-santenots-2019-domaine-jacques-prieur.png,02190.png
2191,https://www.vinatis.com/94333-fine_default/coteaux-du-loir-rouge-gorge-2022-domaine-de-belliviere.png,02191.png
2192,https://www.vinatis.com/94351-fine_default/deer-riesling-2023-tussock-jumper.png,02192.png
2193,https://www.vinatis.com/94547-fine_default/chardonnay-vieilles-vignes-2021-maison-du-vigneron.png,02193.png
2194,https://www.vinatis.com/88764-fine_default/pouilly-sur-loire-2023-domaine-les-chaumes.png,02194.png
2195,https://www.vinatis.com/83309-fine_default/cremant-du-jura-brut-fruitiere-vinicole-d-arbois.png,02195.png
2196,https://www.vinatis.com/100365-fine_default/syrahvissante-2024-louis-cheze.png,02196.png
2197,https://www.vinatis.com/55579-fine_default/chateau-sociando-mallet-2018.png,02197.png
2198,https://www.vinatis.com/56238-fine_default/chateau-tronquoy-lalande-2017.png,02198.png
2199,https://www.vinatis.com/78677-fine_default/chateau-du-lort-2020.png,02199.png
2200,https://www.vinatis.com/82291-fine_default/la-clape-grand-vin-rouge-2020-chateau-d-angles.png,02200.png
2201,https://www.vinatis.com/84202-fine_default/blanquette-de-limoux-blanc-de-blancs-domaines-paul-mas.png,02201.png
2202,https://www.vinatis.com/84640-fine_default/riesling-karthauser-2022-tesch.png,02202.png
2203,https://www.vinatis.com/86058-fine_default/volnay-1er-cru-en-chevret-2017-louis-latour.png,02203.png
2204,https://www.vinatis.com/86239-fine_default/gewurztraminer-grand-cru-altenberg-de-bergheim-2016-gustave-lorentz.png,02204.png
2205,https://www.vinatis.com/88929-fine_default/chateau-paloumey-2016-cru-bourgeois.png,02205.png
2206,https://www.vinatis.com/92426-fine_default/bernkasteler-riesling-kabinett-trocken-2023-dr-thanisch.png,02206.png
2207,https://www.vinatis.com/95414-fine_default/sancerre-blanc-2023-domaine-la-perriere.png,02207.png
2208,https://www.vinatis.com/80764-fine_default/chant-des-vignes-jurancon-sec-2021-domaine-cauhape.png,02208.png
2209,https://www.vinatis.com/94085-fine_default/la-champine-viognier-2023-jean-michel-gerin.png,02209.png
2210,https://www.vinatis.com/91524-fine_default/fou-de-chene-2023-domaine-des-pothiers.png,02210.png
2211,https://www.vinatis.com/88997-fine_default/meursault-2022-jean-michel-gaunoux-fils.png,02211.png
2212,https://www.vinatis.com/89383-fine_default/st-nicolas-de-bourgueil-vieilles-vignes-2021-clos-des-quarterons.png,02212.png
2213,https://www.vinatis.com/97437-fine_default/cuvee-281-2024-chateau-minuty.png,02213.png
2214,https://www.vinatis.com/71939-fine_default/chateau-fourcas-borie-2016-cru-bourgeois-superieur.png,02214.png
2215,https://www.vinatis.com/90473-fine_default/chateau-coutet-2020-1er-cru-classe.png,02215.png
2216,https://www.vinatis.com/93751-fine_default/cornas-nobles-rives-2021-cave-de-tain.png,02216.png
2217,https://www.vinatis.com/94958-fine_default/chignin-bergeron-coteau-des-ducs-2021-domaine-du-coteau-de-tormery-guillaume-quenard.png,02217.png
2218,https://www.vinatis.com/95057-fine_default/torrontes-2024-bodega-piedra-negra.png,02218.png
2219,https://www.vinatis.com/95806-fine_default/abymes-2024-remy-berlioz.png,02219.png
2220,https://www.vinatis.com/95258-fine_default/cotes-du-rhone-villages-saint-maurice-2022-maison-francois-xavier-nicolas.png,02220.png
2221,https://www.vinatis.com/95285-fine_default/anjou-blanc-clos-du-frere-etienne-2022-chateau-du-breuil.png,02221.png
2222,https://www.vinatis.com/95301-fine_default/barolo-boiolo-2019-carlo-revello-figli.png,02222.png
2223,https://www.vinatis.com/96163-fine_default/roche-bleue-2023-laurent-perrachon-fils.png,02223.png
2224,https://www.vinatis.com/96210-fine_default/le-clos-des-fees-2021-domaine-du-clos-des-fees.png,02224.png
2225,https://www.vinatis.com/96582-fine_default/saumur-champigny-les-clos-de-la-seigneurie-2022-la-seigneurie.png,02225.png
2226,https://www.vinatis.com/96618-fine_default/bandol-rose-2024-chateau-pradeaux.png,02226.png
2227,https://www.vinatis.com/96658-fine_default/domaine-virginie-thunevin-2022.png,02227.png
2228,https://www.vinatis.com/97935-fine_default/le-loup-dans-la-bergerie-2024-vignobles-orliac.png,02228.png
2229,https://www.vinatis.com/96758-fine_default/morey-saint-denis-2017-louis-jadot.png,02229.png
2230,https://www.vinatis.com/96894-fine_default/mino-rouge-2024-domaine-sant-armettu.png,02230.png
2231,https://www.vinatis.com/97027-fine_default/chambolle-musigny-2022-domaine-thierry-mortet.png,02231.png
2232,https://www.vinatis.com/97151-fine_default/chateau-haut-prieur-2022.png,02232.png
2233,https://www.vinatis.com/98667-fine_default/tete-de-belier-rose-2024-chateau-puech-haut.png,02233.png
2234,https://www.vinatis.com/38982-fine_default/arcane-v-le-pape-2010-xavier-vignon.png,02234.png
2235,https://www.vinatis.com/40072-fine_default/chateau-citran-2016.png,02235.png
2236,https://www.vinatis.com/85268-fine_default/apremont-coeur-d-apremont-2022-domaine-jean-masson-et-fils.png,02236.png
2237,https://www.vinatis.com/89051-fine_default/cotes-du-jura-marnes-rouges-2022-domaine-badoz.png,02237.png
2238,https://www.vinatis.com/85830-fine_default/anonyme-blanc-2022-xavier-vignon.png,02238.png
2239,https://www.vinatis.com/87300-fine_default/chablis-1er-cru-montmains-2023-closerie-des-alisiers.png,02239.png
2240,https://www.vinatis.com/86864-fine_default/loup-y-es-tu-2023-vignobles-orliac.png,02240.png
2241,https://www.vinatis.com/86743-fine_default/eraus-2022-moulin-de-gassac.png,02241.png
2242,https://www.vinatis.com/86831-fine_default/petite-marquise-2019-clos-du-marquis.png,02242.png
2243,https://www.vinatis.com/87420-fine_default/culombu-storia-di-ecce-fructus-2022.png,02243.png
2244,https://www.vinatis.com/88091-fine_default/petit-chablis-2022-william-fevre.png,02244.png
2245,https://www.vinatis.com/88121-fine_default/les-pierres-qui-chantent-terrasses-du-larzac-2021-chemins-de-carabote.png,02245.png
2246,https://www.vinatis.com/88439-fine_default/renaissance-blanc-sec-2022-domaine-rotier.png,02246.png
2247,https://www.vinatis.com/88903-fine_default/oh-2023-les-bertrand.png,02247.png
2248,https://www.vinatis.com/91681-fine_default/20-barrels-pinot-noir-2020-cono-sur.png,02248.png
2249,https://www.vinatis.com/91910-fine_default/bourgogne-chitry-harmonie-2023-domaine-colbois.png,02249.png
2250,https://www.vinatis.com/91921-fine_default/aux-lieux-dits-2021-domaine-santa-duc.png,02250.png
2251,https://www.vinatis.com/92559-fine_default/chignin-mondeuse-vieilles-vignes-2023-andre-et-michel-quenard.png,02251.png
2252,https://www.vinatis.com/93062-fine_default/chateau-l-enclos-2019.png,02252.png
2253,https://www.vinatis.com/92926-fine_default/chateau-kirwan-3eme-cru-classe-2016.png,02253.png
2254,https://www.vinatis.com/93073-fine_default/touraine-amboise-blanc-huis-clos-2023-bonnigal-bodet.png,02254.png
2255,https://www.vinatis.com/93075-fine_default/carmenere-reserva-2023-hacienda-araucano.png,02255.png
2256,https://www.vinatis.com/93103-fine_default/don-quichotte-2022-domaine-le-roc.png,02256.png
2257,https://www.vinatis.com/94309-fine_default/fructea-savagnin-ouille-2022-fruitiere-vinicole-d-arbois.png,02257.png
2258,https://www.vinatis.com/95814-fine_default/ode-d-aydie-2022-pacherenc-du-vic-bilh-sec-chateau-d-aydie.png,02258.png
2259,https://www.vinatis.com/94078-fine_default/marmotte-rouge-2023-cave-de-cruet.png,02259.png
2260,https://www.vinatis.com/88964-fine_default/bourgogne-cote-d-or-premiere-cuvee-2021-assemblage-des-villages-domaine-philippe-charlopin.png,02260.png
2261,https://www.vinatis.com/73072-fine_default/virginie-de-valandraud-2016-second-vin-du-chateau-valandraud.png,02261.png
2262,https://www.vinatis.com/73948-fine_default/chateau-fonsalade-2019-chateau-de-fonsalade.png,02262.png
2263,https://www.vinatis.com/74813-fine_default/arbin-mondeuse-fille-d-arbin-2017-domaine-louis-magnin.png,02263.png
2264,https://www.vinatis.com/75367-fine_default/arbois-rouge-friandise-2022-cellier-des-tiercelines.png,02264.png
2265,https://www.vinatis.com/77847-fine_default/las-olvidadas-2019-de-martino.png,02265.png
2266,https://www.vinatis.com/83202-fine_default/mon-village-2021-domaine-stephane-ogier.png,02266.png
2267,https://www.vinatis.com/79186-fine_default/pinot-noir-santa-rita-hills-2021-brewer-clifton.png,02267.png
2268,https://www.vinatis.com/79208-fine_default/chateau-fleur-cardinale-2020.png,02268.png
2269,https://www.vinatis.com/80529-fine_default/montlouis-sur-loire-coulees-douces-terres-de-voiles-tendre-2021-domaine-vincent-denis.png,02269.png
2270,https://www.vinatis.com/80697-fine_default/terroir-sense-fronteres-vertebra-de-la-figuera-2021-terroir-al-limit.png,02270.png
2271,https://www.vinatis.com/80753-fine_default/saint-joseph-esprit-de-granit-2020-cave-de-tain.png,02271.png
2272,https://www.vinatis.com/81181-fine_default/chateau-de-pitray-2020.png,02272.png
2273,https://www.vinatis.com/81495-fine_default/chianti-colli-senesi-al-canapo-2022-bindi-sergardi.png,02273.png
2274,https://www.vinatis.com/81762-fine_default/volnay-1er-cru-les-caillerets-2018-ancienne-cuvee-carnot-bouchard-pere-et-fils.png,02274.png
2275,https://www.vinatis.com/81770-fine_default/volcae-2020-mas-des-volques.png,02275.png
2276,https://www.vinatis.com/81963-fine_default/auxey-duresses-rouge-2021-domaine-christophe-diconne.png,02276.png
2277,https://www.vinatis.com/59442-fine_default/chateau-lalande-2016.png,02277.png
2278,https://www.vinatis.com/64051-fine_default/corton-grand-cru-clos-de-la-vigne-au-saint-2018-louis-latour.png,02278.png
2279,https://www.vinatis.com/71278-fine_default/escudo-rojo-origine-2019-baron-philippe-de-rothschild.png,02279.png
2280,https://www.vinatis.com/67204-fine_default/clos-du-beau-pere-2016.png,02280.png
2281,https://www.vinatis.com/68917-fine_default/chateau-bonalgue-2018.png,02281.png
2282,https://www.vinatis.com/89479-fine_default/volnay-2017-maison-patriarche.png,02282.png
2283,https://www.vinatis.com/89323-fine_default/les-chailles-2022-domaine-alain-voge.png,02283.png
2284,https://www.vinatis.com/89722-fine_default/vieilles-vignes-blanc-2023-domaine-du-clos-des-fees.png,02284.png
2285,https://www.vinatis.com/89853-fine_default/riesling-niederhauser-klamm-kabinett-2022-donnhoff.png,02285.png
2286,https://www.vinatis.com/89885-fine_default/les-escures-2023-domaine-mas-del-perie.png,02286.png
2287,https://www.vinatis.com/90123-fine_default/santenay-1er-cru-clos-rousseau-2022-domaine-claude-nouveau.png,02287.png
2288,https://www.vinatis.com/90084-fine_default/verdejo-vinedos-centenarios-2023-cuatro-rayas.png,02288.png
2289,https://www.vinatis.com/90134-fine_default/chateauneuf-du-pape-habemus-papam-2021-domaine-santa-duc.png,02289.png
2290,https://www.vinatis.com/90321-fine_default/sancerre-blanc-le-rochoy-terroir-de-silex-2023-domaine-laporte.png,02290.png
2291,https://www.vinatis.com/90322-fine_default/la-java-blanc-2023-les-grandes-esperances.png,02291.png
2292,https://www.vinatis.com/91936-fine_default/mediterranee-bio-2022-pierre-vidal.png,02292.png
2293,https://www.vinatis.com/90503-fine_default/pinot-gris-grand-cru-altenberg-de-bergheim-2016-gustave-lorentz.png,02293.png
2294,https://www.vinatis.com/90708-fine_default/prelude-2022-domaine-lafoy.png,02294.png
2295,https://www.vinatis.com/90993-fine_default/heritage-an-1877-saint-chinian-2022-gerard-bertrand.png,02295.png
2296,https://www.vinatis.com/94096-fine_default/sancerre-blanc-les-calcaires-2022-domaine-lucien-crochet.png,02296.png
2297,https://www.vinatis.com/97650-fine_default/santenay-blanc-2023-domaine-bertrand-bachelet.png,02297.png
2298,https://www.vinatis.com/97815-fine_default/heritage-vines-zinfandel-2021-dry-creek-vineyard.png,02298.png
2299,https://www.vinatis.com/97897-fine_default/cote-de-beaune-la-grande-chatelaine-2020-domaine-roux-pere-et-fils.png,02299.png
2300,https://www.vinatis.com/98310-fine_default/chignin-bergeron-chez-les-beroux-2023-domaine-anne-sophie-et-jean-francois-quenard.png,02300.png
2301,https://www.vinatis.com/98021-fine_default/osez-cogne-rose-2024-vignoble-claude-cogne.png,02301.png
2302,https://www.vinatis.com/99453-fine_default/r-rose-2024-rimauresq-cru-classe.png,02302.png
2303,https://www.vinatis.com/101174-fine_default/rose-gris-2024-clos-landry.png,02303.png
2304,https://www.vinatis.com/84342-fine_default/chevalier-du-chateau-lagrezette-2020-chateau-lagrezette.png,02304.png
2305,https://www.vinatis.com/82662-fine_default/chateau-le-coteau-2019.png,02305.png
2306,https://www.vinatis.com/83428-fine_default/benjamin-de-beauregard-2020-second-vin-du-chateau-beauregard.png,02306.png
2307,https://www.vinatis.com/94135-fine_default/domaine-de-l-arboussa-2020-terres-plurielles.png,02307.png
2308,https://www.vinatis.com/94141-fine_default/auxey-duresses-1er-cru-les-grands-champs-2022-domaine-christophe-diconne.png,02308.png
2309,https://www.vinatis.com/81883-fine_default/les-grandes-places-2021-domaine-stephane-pichat.png,02309.png
2310,https://www.vinatis.com/100522-fine_default/saint-bris-2023-jean-marc-brocard.png,02310.png
2311,https://www.vinatis.com/62914-fine_default/chateau-phelan-segur-2015.png,02311.png
2312,https://www.vinatis.com/94665-fine_default/geyser-jurancon-sec-2023-domaine-cauhape.png,02312.png
2313,https://www.vinatis.com/94824-fine_default/arbois-pinot-noir-2022-fruitiere-vinicole-d-arbois.png,02313.png
2314,https://www.vinatis.com/95709-fine_default/gewurztraminer-2020-domaine-trimbach.png,02314.png
2315,https://www.vinatis.com/95170-fine_default/nicole-2022-domaine-d-aigues-belles.png,02315.png
2316,https://www.vinatis.com/95735-fine_default/saint-romain-blanc-sous-le-chateau-2023-alain-gras.png,02316.png
2317,https://www.vinatis.com/95738-fine_default/brio-de-cantenac-brown-2018-second-vin-du-chateau-cantenac-brown.png,02317.png
2318,https://www.vinatis.com/97321-fine_default/chateau-gemeillan-2018-cru-bourgeois.png,02318.png
2319,https://www.vinatis.com/95761-fine_default/sancerre-blanc-2024-domaine-la-barbotaine.png,02319.png
2320,https://www.vinatis.com/96940-fine_default/macon-loche-2022-domaine-perraud.png,02320.png
2321,https://www.vinatis.com/96262-fine_default/50-cinquante-2023-louis-cheze.png,02321.png
2322,https://www.vinatis.com/96883-fine_default/gruner-veltliner-federspiel-terrassen-2023-domane-wachau.png,02322.png
2323,https://www.vinatis.com/97387-fine_default/chateauneuf-du-pape-2023-cellier-des-princes.png,02323.png
2324,https://www.vinatis.com/97467-fine_default/les-hauts-de-smith-2019-second-vin-du-chateau-smith-haut-lafitte.png,02324.png
2325,https://www.vinatis.com/100550-fine_default/chateau-de-selle-rose-2024-domaines-ott.png,02325.png
2326,https://www.vinatis.com/69448-fine_default/cremant-de-savoie-cave-de-cruet.png,02326.png
2327,https://www.vinatis.com/83043-fine_default/le-seuil-de-mazeyres-2021-second-vin-du-chateau-mazeyres.png,02327.png
2328,https://www.vinatis.com/71113-fine_default/la-touge-2019-chateau-maris.png,02328.png
2329,https://www.vinatis.com/92611-fine_default/saint-joseph-blanc-2023-domaine-bernard-gripa.png,02329.png
2330,https://www.vinatis.com/88807-fine_default/syrah-domaine-les-chirats-2019-yves-cuilleron-jeff-cohn.png,02330.png
2331,https://www.vinatis.com/98516-fine_default/bon-vivant-rose-2024-chateau-de-roquefort.png,02331.png
2332,https://www.vinatis.com/100661-fine_default/premiere-bulle-rose-sieur-d-arques.png,02332.png
2333,https://www.vinatis.com/43456-fine_default/classic-cuvee-nyetimber.png,02333.png
2334,https://www.vinatis.com/56225-fine_default/cremant-de-loire-blanc-cuvee-canelle-veuve-amiot.png,02334.png
2335,https://www.vinatis.com/59097-fine_default/chateau-moulin-du-cadet-2020.png,02335.png
2336,https://www.vinatis.com/70457-fine_default/chateau-moulin-du-cadet-2019.png,02336.png
2337,https://www.vinatis.com/84400-fine_default/cremant-de-savoie-reserve-d-eugene-domaine-carrel-senger.png,02337.png
2338,https://www.vinatis.com/90548-fine_default/sancerre-rouge-les-belles-vignes-2022-domaine-fournier-pere-et-fils.png,02338.png
2339,https://www.vinatis.com/83569-fine_default/fleurie-2022-jean-foillard.png,02339.png
2340,https://www.vinatis.com/85803-fine_default/silice-2022-chateau-les-croisille.png,02340.png
2341,https://www.vinatis.com/93129-fine_default/les-glaciaires-2023-domaine-gardies.png,02341.png
2342,https://www.vinatis.com/58536-fine_default/frv-100-jean-paul-brun.png,02342.png
2343,https://www.vinatis.com/48838-fine_default/saumur-blanc-brut-cuvee-hope-diamant-de-loire.png,02343.png
2344,https://www.vinatis.com/84863-fine_default/pinot-auxerrois-pinot-blanc-cuvee-paar-2022-melanie-pfister.png,02344.png
2345,https://www.vinatis.com/97916-fine_default/heida-de-vex-clos-de-la-couta-bio-2022-domaine-jean-rene-germanier.png,02345.png
2346,https://www.vinatis.com/85735-fine_default/lautaret-2022-domaine-durand-eric-joel.png,02346.png
2347,https://www.vinatis.com/86002-fine_default/givry-1er-cru-clos-de-la-servoisine-2022-domaine-deliance.png,02347.png
2348,https://www.vinatis.com/93452-fine_default/cotes-de-nuits-perrieres-2022-domaine-pansiot.png,02348.png
2349,https://www.vinatis.com/86811-fine_default/les-brulieres-de-beychevelle-2021.png,02349.png
2350,https://www.vinatis.com/87014-fine_default/chenin-blanc-2022-david-nadia.png,02350.png
2351,https://www.vinatis.com/87444-fine_default/apremont-lisa-2023-domaine-jean-masson-et-fils.png,02351.png
2352,https://www.vinatis.com/87652-fine_default/poggio-valente-2022-fattoria-le-pupille.png,02352.png
2353,https://www.vinatis.com/87725-fine_default/chateau-lanessan-2020.png,02353.png
2354,https://www.vinatis.com/87758-fine_default/fortis-2022-stephane-montez-du-monteillet.png,02354.png
2355,https://www.vinatis.com/87918-fine_default/le-blanc-d-alain-brumont-2023.png,02355.png
2356,https://www.vinatis.com/72772-fine_default/pinot-gris-grand-cru-gloeckelberg-2020-domaine-fernand-engel.png,02356.png
2357,https://www.vinatis.com/73646-fine_default/hautes-cotes-de-beaune-blanc-2021-domaine-isabelle-doudet.png,02357.png
2358,https://www.vinatis.com/74013-fine_default/gewurztraminer-grand-cru-kitterle-terre-2019-dirler-cade.png,02358.png
2359,https://www.vinatis.com/75539-fine_default/intense-2019-chateau-lamothe-vincent.png,02359.png
2360,https://www.vinatis.com/76837-fine_default/chablis-1er-cru-2018-william-fevre.png,02360.png
2361,https://www.vinatis.com/76479-fine_default/cremant-de-bourgogne-bio-veuve-ambal.png,02361.png
2362,https://www.vinatis.com/76945-fine_default/pinot-noir-de-l-oregon-2019-erath.png,02362.png
2363,https://www.vinatis.com/77586-fine_default/moulin-a-vent-mortperay-bio-2022-domaine-richard-rottiers.png,02363.png
2364,https://www.vinatis.com/78191-fine_default/jonona-2022-les-coteaux-des-girondales.png,02364.png
2365,https://www.vinatis.com/98228-fine_default/classic-2022-vignoble-de-l-ecu.png,02365.png
2366,https://www.vinatis.com/80228-fine_default/montlouis-sur-loire-coulees-douces-terres-blanches-2020-domaine-vincent-denis.png,02366.png
2367,https://www.vinatis.com/81340-fine_default/la-lykia-blanc-la-clape-2021-guillaume-gangloff.png,02367.png
2368,https://www.vinatis.com/89326-fine_default/menetou-salon-blanc-2023-clement-florian-berthier.png,02368.png
2369,https://www.vinatis.com/89333-fine_default/muscadet-cotes-de-grand-lieu-sur-lie-grue-jaune-2023-eric-chevalier.png,02369.png
2370,https://www.vinatis.com/89635-fine_default/chignin-vieilles-vignes-2023-domaine-berthollier-la-combe-des-grand-vignes.png,02370.png
2371,https://www.vinatis.com/89795-fine_default/eolienne-blanc-2022-mas-d-espanet.png,02371.png
2372,https://www.vinatis.com/89938-fine_default/cote-rotie-2022-domaine-francois-et-fils.png,02372.png
2373,https://www.vinatis.com/90449-fine_default/sauvignon-blanc-reserve-2023-barton-guestier.png,02373.png
2374,https://www.vinatis.com/90633-fine_default/mondeuse-les-granges-tissot-2021-domaine-berthollier-la-combe-des-grand-vignes.png,02374.png
2375,https://www.vinatis.com/90874-fine_default/fleurie-poncie-2023-domaines-chermette-vissoux.png,02375.png
2376,https://www.vinatis.com/90888-fine_default/arbois-love-chardonnay-2021-fruitiere-vinicole-d-arbois.png,02376.png
2377,https://www.vinatis.com/91928-fine_default/cotes-du-jura-trousseau-poulsard-2022-la-maison-du-vigneron.png,02377.png
2378,https://www.vinatis.com/91490-fine_default/les-plans-2021-famille-gras-santa-duc.png,02378.png
2379,https://www.vinatis.com/91552-fine_default/douro-branco-2023-lavradores-de-feitoria.png,02379.png
2380,https://www.vinatis.com/98522-fine_default/minervois-blanc-2024-lauran-cabaret.png,02380.png
2381,https://www.vinatis.com/98414-fine_default/o-de-rose-2024-terroirs-d-altitude-famille-de-lorgeril.png,02381.png
2382,https://www.vinatis.com/98335-fine_default/barbaresco-2022-fontanabianca.png,02382.png
2383,https://www.vinatis.com/98840-fine_default/saragat-vermentino-2024-cantina-atzei-farnese-fantini.png,02383.png
2384,https://www.vinatis.com/99164-fine_default/pouilly-fuisse-2023-dominique-cornin.png,02384.png
2385,https://www.vinatis.com/55000-fine_default/chateau-giscours-2018-3eme-cru-classe.png,02385.png
2386,https://www.vinatis.com/60350-fine_default/chateau-lafite-rothschild-2018-1er-cru-classe.png,02386.png
2387,https://www.vinatis.com/61893-fine_default/chateau-cheval-blanc-2018-saint-emilion-grand-cru-1er-grand-cru-classe-a.png,02387.png
2388,https://www.vinatis.com/64167-fine_default/saumur-blanc-terres-2021-domaine-roches-neuves-thierry-germain.png,02388.png
2389,https://www.vinatis.com/64505-fine_default/concreto-malbec-2020-familia-zuccardi.png,02389.png
2390,https://www.vinatis.com/69857-fine_default/georgian-sun-2018-vazisubani-estate.png,02390.png
2391,https://www.vinatis.com/84244-fine_default/sancerre-blanc-chene-marchand-2022-vincent-pinard.png,02391.png
2392,https://www.vinatis.com/84945-fine_default/roussette-de-savoie-2022-domaine-carrel-senger.png,02392.png
2393,https://www.vinatis.com/100175-fine_default/-cent-pour-cent-carignan-2024-sans-sulfites-ajoutes-terres-plurielles.png,02393.png
2394,https://www.vinatis.com/91673-fine_default/chante-perdrix-2021-delas.png,02394.png
2395,https://www.vinatis.com/91690-fine_default/saumur-champigny-2020-chateau-de-targe.png,02395.png
2396,https://www.vinatis.com/91802-fine_default/anjou-blanc-blanc-ivoire-2022-chateau-soucherie.png,02396.png
2397,https://www.vinatis.com/92012-fine_default/montagny-1er-cru-2021-maison-albert-bichot.png,02397.png
2398,https://www.vinatis.com/92643-fine_default/chateau-de-beaucastel-2022.png,02398.png
2399,https://www.vinatis.com/92964-fine_default/macon-la-roche-vineuse-2022-olivier-merlin.png,02399.png
2400,https://www.vinatis.com/93443-fine_default/rouge-2021-domaine-gallety.png,02400.png
2401,https://www.vinatis.com/94173-fine_default/guilhem-lambrusques-2022-jm-aujoux.png,02401.png
2402,https://www.vinatis.com/96033-fine_default/santenay-1er-cru-passetemps-2022-chateau-de-la-charriere-yves-girardin.png,02402.png
2403,https://www.vinatis.com/82555-fine_default/chorey-les-beaune-2022-arnoux-pere-et-fils.png,02403.png
2404,https://www.vinatis.com/92381-fine_default/riesling-grand-cru-engelberg-2022-melanie-pfister.png,02404.png
2405,https://www.vinatis.com/97047-fine_default/la-rosine-2022-domaine-stephane-ogier.png,02405.png
2406,https://www.vinatis.com/85810-fine_default/les-grandes-terrasses-2021-maison-paul-jaboulet-aine.png,02406.png
2407,https://www.vinatis.com/90457-fine_default/petite-sirah-2021-la-cetto.png,02407.png
2408,https://www.vinatis.com/90466-fine_default/cote-rotie-la-triote-2022-domaine-garon.png,02408.png
2409,https://www.vinatis.com/93973-fine_default/la-falaise-2023-chateau-de-la-negly.png,02409.png
2410,https://www.vinatis.com/81044-fine_default/ultreia-saint-jacques-2021-raul-perez-bodegas-y-vinedos.png,02410.png
2411,https://www.vinatis.com/92485-fine_default/morgon-corcelette-2023-laurent-perrachon-fils.png,02411.png
2412,https://www.vinatis.com/88582-fine_default/chablis-1er-cru-montee-de-tonnerre-2022-domaine-de-vauroux.png,02412.png
2413,https://www.vinatis.com/81679-fine_default/santenay-rouge-comme-dessus-2018-domaine-roux-pere-et-fils.png,02413.png
2414,https://www.vinatis.com/97803-fine_default/sancerre-rose-les-grandmontains-2024-domaine-laporte.png,02414.png
2415,https://www.vinatis.com/96446-fine_default/vieux-telegraphe-2015-domaine-du-vieux-telegraphe.png,02415.png
2416,https://www.vinatis.com/96479-fine_default/la-chapelle-de-sainte-roseline-2024-chateau-sainte-roseline-cru-classe.png,02416.png
2417,https://www.vinatis.com/98312-fine_default/la-doriane-2023-e-guigal.png,02417.png
2418,https://www.vinatis.com/97055-fine_default/inspiration-rose-2024-chateau-de-berne.png,02418.png
2419,https://www.vinatis.com/97285-fine_default/guilhem-blanc-bio-2024-moulin-de-gassac.png,02419.png
2420,https://www.vinatis.com/97733-fine_default/saint-m-rose-2024-chateau-saint-maur-cru-classe.png,02420.png
2421,https://www.vinatis.com/95531-fine_default/chemin-faisant-2021-les-chemins-de-carabote.png,02421.png
2422,https://www.vinatis.com/25668-fine_default/chateau-margaux-2009-1er-cru-classe.png,02422.png
2423,https://www.vinatis.com/34103-fine_default/baron-de-brane-2014-second-vin-du-chateau-de-brane-cantenac.png,02423.png
2424,https://www.vinatis.com/85052-fine_default/vintner-s-reserve-zinfandel-2020-kendall-jackson.png,02424.png
2425,https://www.vinatis.com/87063-fine_default/mephisto-2020-vignoble-de-l-ecu.png,02425.png
2426,https://www.vinatis.com/85781-fine_default/vintage-charles-dupuy-2020-mas-amiel.png,02426.png
2427,https://www.vinatis.com/86403-fine_default/chorey-les-beaune-2023-domaine-pansiot.png,02427.png
2428,https://www.vinatis.com/86928-fine_default/clos-cibonne-chateau-cibon-marius-2020-cru-classe.png,02428.png
2429,https://www.vinatis.com/87004-fine_default/apremont-cuvee-gastronomie-2023-domaine-jean-perrier-fils.png,02429.png
2430,https://www.vinatis.com/87053-fine_default/les-arbres-de-judee-2021-la-chapelle-saint-mathieu.png,02430.png
2431,https://www.vinatis.com/87251-fine_default/riesling-grand-cru-kessler-feu-2021-dirler-cade.png,02431.png
2432,https://www.vinatis.com/87602-fine_default/chevalier-de-lascombes-2019-second-vin-du-chateau-lascombes.png,02432.png
2433,https://www.vinatis.com/88089-fine_default/chateau-potensac-2020.png,02433.png
2434,https://www.vinatis.com/91869-fine_default/grolleau-2023-montgilet.png,02434.png
2435,https://www.vinatis.com/92015-fine_default/macon-pierreclos-2023-maison-albert-bichot.png,02435.png
2436,https://www.vinatis.com/92219-fine_default/les-cotes-2023-domaine-vincent-paris.png,02436.png
2437,https://www.vinatis.com/92855-fine_default/morey-saint-denis-2016-maison-patriarche.png,02437.png
2438,https://www.vinatis.com/93166-fine_default/marsannay-reserve-personnelle-2022-paul-aegerter.png,02438.png
2439,https://www.vinatis.com/92697-fine_default/la-noire-2021-chateau-de-merande.png,02439.png
2440,https://www.vinatis.com/92876-fine_default/chardonnay-2022-greywacke.png,02440.png
2441,https://www.vinatis.com/93135-fine_default/chateau-caussade-2022.png,02441.png
2442,https://www.vinatis.com/93092-fine_default/brouilly-pierreux-2023-domaines-chermette-vissoux.png,02442.png
2443,https://www.vinatis.com/94016-fine_default/chateau-grand-jean-bordeaux-superieur-2022.png,02443.png
2444,https://www.vinatis.com/89562-fine_default/chateau-dauzac-2021-5eme-cru-classe.png,02444.png
2445,https://www.vinatis.com/71584-fine_default/chateau-angelus-2021-1er-grand-cru-classe-a.png,02445.png
2446,https://www.vinatis.com/73909-fine_default/agincourt-2017-yarra-yering.png,02446.png
2447,https://www.vinatis.com/73737-fine_default/old-hillside-shiraz-2018-tyrrell-s-wines.png,02447.png
2448,https://www.vinatis.com/73079-fine_default/othello-2019-dominus-estate.png,02448.png
2449,https://www.vinatis.com/78357-fine_default/bourgogne-pinot-noir-2021-sans-soufre-ajoute-natura-mater-collin-bourisset.png,02449.png
2450,https://www.vinatis.com/79464-fine_default/gres-de-montpellier-2019-domaine-de-la-clapiere.png,02450.png
2451,https://www.vinatis.com/81523-fine_default/chateau-de-lugey-cuvee-reservee-2018.png,02451.png
2452,https://www.vinatis.com/81517-fine_default/chateau-latour-2015-1er-cru-classe.png,02452.png
2453,https://www.vinatis.com/81659-fine_default/zinfandel-beyer-ranch-2021-wente-vineyard.png,02453.png
2454,https://www.vinatis.com/53006-fine_default/cremant-de-savoie-domaine-du-chateau-de-la-violette.png,02454.png
2455,https://www.vinatis.com/53175-fine_default/chateau-chasse-spleen-2017.png,02455.png
2456,https://www.vinatis.com/72999-fine_default/bourgogne-en-montre-cul-2020-rouge-chateau-de-marsannay.png,02456.png
2457,https://www.vinatis.com/62839-fine_default/chateau-margaux-2018-1er-cru-classe.png,02457.png
2458,https://www.vinatis.com/93814-fine_default/dsm-domaine-sous-la-montagne-2018-jeff-carrel-sebastien-calduch.png,02458.png
2459,https://www.vinatis.com/69121-fine_default/marquis-de-calon-2019-second-vin-du-chateau-calon-segur.png,02459.png
2460,https://www.vinatis.com/86379-fine_default/chateau-haut-de-la-becade-2018.png,02460.png
2461,https://www.vinatis.com/89144-fine_default/arbin-mondeuse-le-coteau-d-albert-2023-domaine-de-l-idylle.png,02461.png
2462,https://www.vinatis.com/89160-fine_default/pinot-noir-2022-cloudy-bay.png,02462.png
2463,https://www.vinatis.com/89753-fine_default/les-terrasses-du-palat-2022-domaine-francois-villard.png,02463.png
2464,https://www.vinatis.com/89314-fine_default/riesling-2022-marcel-deiss.png,02464.png
2465,https://www.vinatis.com/89443-fine_default/chambolle-musigny-2022-domaine-roblot-marchand-fils.png,02465.png
2466,https://www.vinatis.com/90006-fine_default/saltner-pinot-nero-riserva-2021-kaltern.png,02466.png
2467,https://www.vinatis.com/90807-fine_default/waimaunga-single-vineyard-sauvignon-blanc-2022-clos-henri-vineyard.png,02467.png
2468,https://www.vinatis.com/97661-fine_default/pessac-leognan-de-chevalier-2021.png,02468.png
2469,https://www.vinatis.com/97890-fine_default/muros-antigos-alvarinho-2024-anselmo-mendes.png,02469.png
2470,https://www.vinatis.com/98573-fine_default/loubet-de-sceaury-2023-tremoine.png,02470.png
2471,https://www.vinatis.com/99988-fine_default/monthelie-blanc-2017-maison-patriarche.png,02471.png
2472,https://www.vinatis.com/100315-fine_default/sauvignon-blanc-2024-la-petite-perriere-la-perriere.png,02472.png
2473,https://www.vinatis.com/99191-fine_default/monopole-2024-cvne.png,02473.png
2474,https://www.vinatis.com/99646-fine_default/copain-comme-cochons-2023-domaine-de-la-preceptorie.png,02474.png
2475,https://www.vinatis.com/99601-fine_default/rosso-di-montalcino-2023-poggio-landi.png,02475.png
2476,https://www.vinatis.com/99686-fine_default/saumur-blanc-tandem-2024-domaine-des-benedictins.png,02476.png
2477,https://www.vinatis.com/99983-fine_default/pepe-yllera-2022-yllera.png,02477.png
2478,https://www.vinatis.com/82380-fine_default/chateau-haut-marbuzet-2022.png,02478.png
2479,https://www.vinatis.com/84994-fine_default/contre-etiquette-americaine-chambolle-musigny-1er-cru-les-charmes-2019-stephane-brocard-closerie-des-alisiers.png,02479.png
2480,https://www.vinatis.com/83876-fine_default/saumur-champigny-franc-de-pied-2022-domaine-roches-neuves-thierry-germain.png,02480.png
2481,https://www.vinatis.com/94542-fine_default/sancerre-blanc-2023-franck-millet.png,02481.png
2482,https://www.vinatis.com/101163-fine_default/chateau-tronquoy-lalande-2022.png,02482.png
2483,https://www.vinatis.com/89986-fine_default/marmot-de-la-brande-2022-chateau-de-la-brande.png,02483.png
2484,https://www.vinatis.com/98151-fine_default/skin-contact-2024-vin-orange-mas-del-perie.png,02484.png
2485,https://www.vinatis.com/98250-fine_default/sancerre-rose-2024-clement-florian-berthier.png,02485.png
2486,https://www.vinatis.com/95176-fine_default/roussette-2024-domaine-du-chateau-de-la-violette.png,02486.png
2487,https://www.vinatis.com/95299-fine_default/macon-chaintre-2023-dominique-cornin.png,02487.png
2488,https://www.vinatis.com/95768-fine_default/cruet-2023-alpine-jacquere-domaine-de-l-idylle.png,02488.png
2489,https://www.vinatis.com/98664-fine_default/petite-lily-chateau-de-climens-2023.png,02489.png
2490,https://www.vinatis.com/97930-fine_default/saleit-chardonnay-2023-kaltern.png,02490.png
2491,https://www.vinatis.com/96904-fine_default/saumur-champigny-cuvee-domaine-2024-domaine-roches-neuves-thierry-germain.png,02491.png
2492,https://www.vinatis.com/97586-fine_default/anjou-blanc-les-rhyolites-2022-chateau-de-bellerive.png,02492.png
2493,https://www.vinatis.com/97590-fine_default/el-galayo-blanco-2023-sociedad-agraria-de-cebreros-soto-manrique.png,02493.png
2494,https://www.vinatis.com/89542-fine_default/cote-roannaise-clos-du-puy-2023-domaine-des-pothiers.png,02494.png
2495,https://www.vinatis.com/90742-fine_default/le-petit-bourgeois-2023-henri-bourgeois.png,02495.png
2496,https://www.vinatis.com/101289-fine_default/nuits-saint-georges-1er-cru-aux-vignerondes-2020-parcelles-cie-nuiton-beaunoy.png,02496.png
2497,https://www.vinatis.com/87680-fine_default/pouilly-fume-2023-domaine-paul-corneau.png,02497.png
2498,https://www.vinatis.com/94909-fine_default/metissage-rouge-2018-famille-ducourt.png,02498.png
2499,https://www.vinatis.com/61796-fine_default/chateau-rahoul-blanc-2019.png,02499.png
2500,https://www.vinatis.com/78157-fine_default/chateau-boutisse-2019.png,02500.png
2501,https://www.vinatis.com/99473-fine_default/la-part-des-anges-2023-raymond-usseglio.png,02501.png
2502,https://www.vinatis.com/32617-fine_default/chateau-mouton-rothschild-2010-1er-cru-classe.png,02502.png
2503,https://www.vinatis.com/86087-fine_default/mondeuse-arcluzia-2022-cave-de-cruet.png,02503.png
2504,https://www.vinatis.com/87264-fine_default/chenas-tradition-2023-cave-du-chateau-de-chenas.png,02504.png
2505,https://www.vinatis.com/87675-fine_default/chinon-rouge-les-barnabes-2021-domaine-olga-raffault.png,02505.png
2506,https://www.vinatis.com/87970-fine_default/jourde-rouge-2021-la-chapelle-saint-mathieu.png,02506.png
2507,https://www.vinatis.com/88524-fine_default/sancerre-blanc-flores-2023-vincent-pinard.png,02507.png
2508,https://www.vinatis.com/88780-fine_default/tradition-2021-domaine-de-ferrant.png,02508.png
2509,https://www.vinatis.com/74687-fine_default/grey-cabernet-sauvignon-2020-ventisquero.png,02509.png
2510,https://www.vinatis.com/75599-fine_default/les-tours-de-laroque-2019-second-vin-du-chateau-laroque.png,02510.png
2511,https://www.vinatis.com/77032-fine_default/alamos-chardonnay-2022-famille-catena.png,02511.png
2512,https://www.vinatis.com/79966-fine_default/do-ut-des-2018-fattoria-carpineta-fontalpino.png,02512.png
2513,https://www.vinatis.com/81861-fine_default/chateau-la-gaffeliere-2022-1er-grand-cru-classe-b.png,02513.png
2514,https://www.vinatis.com/82055-fine_default/fleurie-2021-chateau-de-la-chaize.png,02514.png
2515,https://www.vinatis.com/88941-fine_default/st-nicolas-de-bourgueil-la-mine-2023-domaine-yannick-amirault.png,02515.png
2516,https://www.vinatis.com/89002-fine_default/saint-pourcain-rouge-l-instant-t-2023-les-terres-d-ocre.png,02516.png
2517,https://www.vinatis.com/89428-fine_default/chateau-le-boscq-2018.png,02517.png
2518,https://www.vinatis.com/89696-fine_default/sancerre-rouge-cuvee-tradition-2022-chateau-de-sancerre.png,02518.png
2519,https://www.vinatis.com/89706-fine_default/rully-rouge-thalius-2022-domaine-roux-pere-et-fils.png,02519.png
2520,https://www.vinatis.com/90349-fine_default/tradition-rouge-2021-chateau-de-la-gardine.png,02520.png
2521,https://www.vinatis.com/90450-fine_default/sancerre-rouge-vincengetorix-2022-vincent-gaudry.png,02521.png
2522,https://www.vinatis.com/90670-fine_default/saumur-blanc-la-jouvencelle-2023-domaine-de-rocheville.png,02522.png
2523,https://www.vinatis.com/91117-fine_default/touraine-sauvignon-blanc-l-arpent-des-vaudons-2023-jean-francois-merieau.png,02523.png
2524,https://www.vinatis.com/97902-fine_default/la-petite-siberie-2021-domaine-du-clos-des-fees-caisse-bois.png,02524.png
2525,https://www.vinatis.com/98026-fine_default/sancerre-rouge-2023-domaine-la-barbotaine.png,02525.png
2526,https://www.vinatis.com/99751-fine_default/la-croisee-des-chemins-2021-chateau-la-loge.png,02526.png
2527,https://www.vinatis.com/98585-fine_default/saint-amour-2023-domaine-de-la-pirolette.png,02527.png
2528,https://www.vinatis.com/99075-fine_default/crios-torrontes-2023-susana-balbo.png,02528.png
2529,https://www.vinatis.com/99650-fine_default/chablis-envers-de-valmur-bio-2023-domaine-des-malandes.png,02529.png
2530,https://www.vinatis.com/99324-fine_default/gravita-primitivo-di-manduria-riserva-2018-tagaro.png,02530.png
2531,https://www.vinatis.com/101152-fine_default/givry-blanc-teppe-des-cheneves-2023-domaine-francois-lumpp.png,02531.png
2532,https://www.vinatis.com/55502-fine_default/le-pigeonnier-2016-chateau-lagrezette.png,02532.png
2533,https://www.vinatis.com/100649-fine_default/renesens-bio-2023-chateau-bois-d-arlene.png,02533.png
2534,https://www.vinatis.com/101023-fine_default/cuvee-joseph-blanc-2023-chateau-prince-pierre-napoleon-bonaparte.png,02534.png
2535,https://www.vinatis.com/92854-fine_default/hautes-cotes-de-beaune-blanc-2022-doudet-naudin.png,02535.png
2536,https://www.vinatis.com/92952-fine_default/aurel-2017-domaine-les-aurelles.png,02536.png
2537,https://www.vinatis.com/92907-fine_default/chateau-gloria-2019.png,02537.png
2538,https://www.vinatis.com/93674-fine_default/kattalin-rouge-2021-cave-d-irouleguy.png,02538.png
2539,https://www.vinatis.com/93624-fine_default/beaujolais-nouveau-l-ancien-2024-jean-paul-brun-domaine-des-terres-dorees.png,02539.png
2540,https://www.vinatis.com/94300-fine_default/cotes-du-jura-duo-de-savagnin-domaine-de-sainte-marie.png,02540.png
2541,https://www.vinatis.com/94477-fine_default/sassicaia-2021-tenuta-san-guido.png,02541.png
2542,https://www.vinatis.com/94662-fine_default/mapu-carmenere-2023-baron-philippe-de-rothschild.png,02542.png
2543,https://www.vinatis.com/100595-fine_default/menetou-salon-blanc-clos-du-pressoir-2024-joseph-mellot.png,02543.png
2544,https://www.vinatis.com/100552-fine_default/clos-mireille-rose-2024-domaines-ott.png,02544.png
2545,https://www.vinatis.com/90886-fine_default/la-falaise-blanc-2023-chateau-de-la-negly.png,02545.png
2546,https://www.vinatis.com/62984-fine_default/chateau-margaux-2016-1er-cru-classe.png,02546.png
2547,https://www.vinatis.com/94652-fine_default/chateau-haut-batailley-2019-5eme-cru-classe.png,02547.png
2548,https://www.vinatis.com/98109-fine_default/tannat-2024-intipalka.png,02548.png
2549,https://www.vinatis.com/97331-fine_default/jove-rose-2024-domaine-de-la-begude.png,02549.png
2550,https://www.vinatis.com/94638-fine_default/apremont-le-clos-saint-andre-2023-domaine-philippe-sylvain-ravier.png,02550.png
2551,https://www.vinatis.com/95225-fine_default/chablis-2022-domaine-moreau-naudet.png,02551.png
2552,https://www.vinatis.com/95327-fine_default/sancerre-rouge-la-croix-au-garde-2023-domaine-henry-pelle.png,02552.png
2553,https://www.vinatis.com/95479-fine_default/brunello-di-montalcino-2020-ciacci-piccolomini-d-aragona.png,02553.png
2554,https://www.vinatis.com/96447-fine_default/megaphone-2023-domaine-du-vieux-telegraphe.png,02554.png
2555,https://www.vinatis.com/97605-fine_default/el-galayo-garnacha-2023-sociedad-agraria-de-cebreros-soto-manrique.png,02555.png
2556,https://www.vinatis.com/98444-fine_default/pic-saint-loup-2021-chateau-lavabre-by-chateau-puech-haut.png,02556.png
2557,https://www.vinatis.com/85037-fine_default/morgon-cote-du-py-javernieres-2022-jean-paul-brun-domaine-des-terres-dorees.png,02557.png
2558,https://www.vinatis.com/87244-fine_default/sauvignon-blanc-attitude-2023-pascal-jolivet.png,02558.png
2559,https://www.vinatis.com/94140-fine_default/romanee-saint-vivant-grand-cru-2022-domaine-poisot.png,02559.png
2560,https://www.vinatis.com/89107-fine_default/b-de-b-2023-saint-vincent.png,02560.png
2561,https://www.vinatis.com/91691-fine_default/saumur-blanc-chenin-de-targe-2022-chateau-de-targe.png,02561.png
2562,https://www.vinatis.com/100118-fine_default/petit-chablis-bio-2023-domaine-des-malandes.png,02562.png
2563,https://www.vinatis.com/92342-fine_default/chassagne-montrachet-blanc-2022-maison-patriarche.png,02563.png
2564,https://www.vinatis.com/92925-fine_default/chinon-rouge-2023-chateau-de-coulaine.png,02564.png
2565,https://www.vinatis.com/93951-fine_default/jose-2018-familia-zuccardi.png,02565.png
2566,https://www.vinatis.com/73344-fine_default/overture-opus-one-mondavi-rothschild.png,02566.png
2567,https://www.vinatis.com/75131-fine_default/junto-gsm-2021-bondar.png,02567.png
2568,https://www.vinatis.com/76975-fine_default/motor-callet-2022-4kilos-vinicola.png,02568.png
2569,https://www.vinatis.com/79553-fine_default/pernand-vergelesses-1er-cru-en-caradeux-2022-louis-latour.png,02569.png
2570,https://www.vinatis.com/81822-fine_default/veuve-du-vernay-ice.png,02570.png
2571,https://www.vinatis.com/81581-fine_default/auxey-duresses-cuvee-d-antan-2021-domaine-jp-et-laurent-prunier.png,02571.png
2572,https://www.vinatis.com/81319-fine_default/la-tonne-2021-domaine-du-mont-verrier.png,02572.png
2573,https://www.vinatis.com/81329-fine_default/chianti-classico-gran-selezione-vigna-di-sessina-2019-dievole.png,02573.png
2574,https://www.vinatis.com/81671-fine_default/cuvee-auguste-2021-chateau-des-ravatys.png,02574.png
2575,https://www.vinatis.com/71415-fine_default/bilbo-2020-domaine-de-la-reserve-d-o.png,02575.png
2576,https://www.vinatis.com/89145-fine_default/mondeuse-le-tithonien-2023-domaine-de-l-idylle.png,02576.png
2577,https://www.vinatis.com/90135-fine_default/une-et-mille-nuits-2022-domaine-canet-valette.png,02577.png
2578,https://www.vinatis.com/90644-fine_default/licence-iii-blanc-la-garance.png,02578.png
2579,https://www.vinatis.com/90922-fine_default/vouvray-moelleux-2018-clos-naudin.png,02579.png
2580,https://www.vinatis.com/97816-fine_default/fume-blanc-2023-dry-creek-vineyard.png,02580.png
2581,https://www.vinatis.com/97987-fine_default/malbec-2024-intipalka.png,02581.png
2582,https://www.vinatis.com/98552-fine_default/terrasses-du-larzac-2023-les-vignes-oubliees.png,02582.png
2583,https://www.vinatis.com/100397-fine_default/coteaux-du-giennois-blanc-calcaire-2024-domaine-chauveau.png,02583.png
2584,https://www.vinatis.com/99195-fine_default/cune-roble-2023-cvne.png,02584.png
2585,https://www.vinatis.com/99270-fine_default/aurore-de-dauzac-2022-second-vin-du-chateau-dauzac.png,02585.png
2586,https://www.vinatis.com/99279-fine_default/chianti-classico-vigna-montaperto-gran-selezione-2019-fattoria-carpineta-fontalpino.png,02586.png
2587,https://www.vinatis.com/100687-fine_default/petit-clos-rose-2024-clos-canarelli.png,02587.png
2588,https://www.vinatis.com/100060-fine_default/cotes-du-rhone-villages-2023-la-bastide-saint-dominique.png,02588.png
2589,https://www.vinatis.com/100677-fine_default/pouilly-fuisse-tete-de-cuvee-2023-chateau-fuisse.png,02589.png
2590,https://www.vinatis.com/101020-fine_default/esprit-2024-domaine-jean-esprit.png,02590.png
2591,https://www.vinatis.com/83969-fine_default/hautes-cotes-de-beaune-2022-domaine-bertrand-bachelet.png,02591.png
2592,https://www.vinatis.com/84246-fine_default/sancerre-blanc-le-chateau-2022-vincent-pinard.png,02592.png
2593,https://www.vinatis.com/94724-fine_default/lugana-2024-cecilia-beretta.png,02593.png
2594,https://www.vinatis.com/98079-fine_default/faustine-rose-2024-chateau-les-mesclances.png,02594.png
2595,https://www.vinatis.com/95220-fine_default/hautes-cotes-de-beaune-blanc-2023-domaine-pansiot.png,02595.png
2596,https://www.vinatis.com/96037-fine_default/la-cote-2023-chateau-de-la-negly.png,02596.png
2597,https://www.vinatis.com/98293-fine_default/petite-arvine-2023-domaine-jean-rene-germanier.png,02597.png
2598,https://www.vinatis.com/96281-fine_default/chianti-classico-2022-dievole.png,02598.png
2599,https://www.vinatis.com/96389-fine_default/sauvignon-2024-domaine-de-ferrant.png,02599.png
2600,https://www.vinatis.com/96673-fine_default/corton-grand-cru-2021-louis-latour.png,02600.png
2601,https://www.vinatis.com/96773-fine_default/saint-esprit-2023-delas.png,02601.png
2602,https://www.vinatis.com/98915-fine_default/vosne-romanee-2023-louis-latour.png,02602.png
2603,https://www.vinatis.com/97836-fine_default/cerdon-methode-ancestrale-sandrine-bigot.png,02603.png
2604,https://www.vinatis.com/100342-fine_default/vignes-de-nicole-2023-cabernet-sauvignon-merlot-domaine-paul-mas.png,02604.png
2605,https://www.vinatis.com/100662-fine_default/premiere-bulle-brut-sieur-d-arques.png,02605.png
2606,https://www.vinatis.com/99112-fine_default/mon-p-tit-pithon-2024-domaine-olivier-pithon.png,02606.png
2607,https://www.vinatis.com/99155-fine_default/lulu-lucien-2022-domaine-tempier.png,02607.png
2608,https://www.vinatis.com/76378-fine_default/pommard-1er-cru-clos-de-la-commaraine-2017-louis-jadot.png,02608.png
2609,https://www.vinatis.com/77583-fine_default/moulin-a-vent-les-thorins-2021-domaine-richard-rottiers.png,02609.png
2610,https://www.vinatis.com/80182-fine_default/chateau-changyu-moser-xv-blanc-de-noir-2021-moser-family.png,02610.png
2611,https://www.vinatis.com/81864-fine_default/chateau-laroque-2022.png,02611.png
2612,https://www.vinatis.com/90147-fine_default/grolleau-noir-zinzolin-2022-la-jaja-grange.png,02612.png
2613,https://www.vinatis.com/90109-fine_default/condrieu-pagus-luminis-2023-louis-cheze.png,02613.png
2614,https://www.vinatis.com/94926-fine_default/batard-montrachet-grand-cru-2021-louis-jadot.png,02614.png
2615,https://www.vinatis.com/100051-fine_default/petite-arvine-2024-domaine-de-valdition.png,02615.png
2616,https://www.vinatis.com/98047-fine_default/macon-milly-lamartine-2023-chateau-des-bois.png,02616.png
2617,https://www.vinatis.com/98429-fine_default/grillo-2024-itinera.png,02617.png
2618,https://www.vinatis.com/99027-fine_default/montrachet-grand-cru-2022-domaine-jacques-prieur.png,02618.png
2619,https://www.vinatis.com/61252-fine_default/chateau-villemaurine-2016.png,02619.png
2620,https://www.vinatis.com/63907-fine_default/chateau-villemaurine-2019.png,02620.png
2621,https://www.vinatis.com/100186-fine_default/saumur-champigny-le-prince-2022-domaine-de-rocheville.png,02621.png
2622,https://www.vinatis.com/100762-fine_default/cret-d-oeillat-2022-domaine-striffling.png,02622.png
2623,https://www.vinatis.com/100764-fine_default/gamay-de-guigui-2023-domaine-striffling.png,02623.png
2624,https://www.vinatis.com/100616-fine_default/bastide-miraflors-2022-domaine-lafage.png,02624.png
2625,https://www.vinatis.com/93829-fine_default/muscat-2022-les-princes-abbes-domaine-schlumberger.png,02625.png
2626,https://www.vinatis.com/92137-fine_default/pouilly-fuisse-1er-cru-lise-marie-2022-domaine-nadine-ferrand.png,02626.png
2627,https://www.vinatis.com/97398-fine_default/condrieu-2022-e-guigal.png,02627.png
2628,https://www.vinatis.com/95937-fine_default/maranges-1er-cru-les-clos-roussots-2023-doudet-naudin.png,02628.png
2629,https://www.vinatis.com/95288-fine_default/saumur-rouge-clin-d-oeil-2023-alliance-loire.png,02629.png
2630,https://www.vinatis.com/94592-fine_default/reflet-2022-francois-villard.png,02630.png
2631,https://www.vinatis.com/95762-fine_default/arbois-savagnin-2020-fruitiere-vinicole-d-arbois.png,02631.png
2632,https://www.vinatis.com/96836-fine_default/macon-rouge-2023-domaine-perraud.png,02632.png
2633,https://www.vinatis.com/96111-fine_default/fruit-d-avilleran-blanc-2023-francois-villard.png,02633.png
2634,https://www.vinatis.com/101215-fine_default/pinot-noir-2023-domaine-de-valmoissine-louis-latour.png,02634.png
2635,https://www.vinatis.com/97461-fine_default/racines-2023-domaine-de-lauriga.png,02635.png
2636,https://www.vinatis.com/94548-fine_default/petrus-2004.png,02636.png
2637,https://www.vinatis.com/86644-fine_default/l-imprevu-2023-domaine-tariquet.png,02637.png
2638,https://www.vinatis.com/93890-fine_default/bourgueil-utopie-2022-bertrand-vincent-marchesseau.png,02638.png
2639,https://www.vinatis.com/94035-fine_default/gevrey-chambertin-mes-cinq-terroirs-2022-denis-mortet.png,02639.png
2640,https://www.vinatis.com/94044-fine_default/sancerre-blanc-megalithe-2021-domaine-de-la-perriere.png,02640.png
2641,https://www.vinatis.com/74021-fine_default/il-bruciato-2021-tenuta-guado-al-tasso-antinori.png,02641.png
2642,https://www.vinatis.com/81182-fine_default/les-prairies-2020-chateau-de-pitray.png,02642.png
2643,https://www.vinatis.com/67611-fine_default/chrysopee-rouge-2021-domaine-de-bila-haut.png,02643.png
2644,https://www.vinatis.com/69123-fine_default/chateau-labegorce-2019.png,02644.png
2645,https://www.vinatis.com/89146-fine_default/chateau-lespault-martillac-rouge-2016.png,02645.png
2646,https://www.vinatis.com/96729-fine_default/la-grande-cuvee-blanc-2022-domaine-lafage.png,02646.png
2647,https://www.vinatis.com/98544-fine_default/vina-cubillo-crianza-rouge-2017-lopez-de-heredia.png,02647.png
2648,https://www.vinatis.com/98646-fine_default/kressmann-monopole-blanc-2023.png,02648.png
2649,https://www.vinatis.com/98830-fine_default/cuvee-tradition-blanc-2024-domaine-du-bagnol.png,02649.png
2650,https://www.vinatis.com/99509-fine_default/chablis-1er-cru-beauregard-2023-domaine-georges.png,02650.png
2651,https://www.vinatis.com/99986-fine_default/nero-di-lupo-2023-cos.png,02651.png
2652,https://www.vinatis.com/99336-fine_default/bonnezeaux-2023-domaine-des-petits-quarts.png,02652.png
2653,https://www.vinatis.com/100096-fine_default/gigondas-2021-e-guigal.png,02653.png
2654,https://www.vinatis.com/99941-fine_default/bourgogne-aligote-2023-domaine-pm-jacqueson.png,02654.png
2655,https://www.vinatis.com/100352-fine_default/esus-2022-mas-des-volques.png,02655.png
2656,https://www.vinatis.com/99890-fine_default/chateau-briot-blanc-2024.png,02656.png
2657,https://www.vinatis.com/100756-fine_default/heritage-an-100-terrasses-du-larzac-2021-gerard-bertrand.png,02657.png
2658,https://www.vinatis.com/100133-fine_default/r-blanc-2023-rimauresq-cru-classe.png,02658.png
2659,https://www.vinatis.com/100349-fine_default/chiroubles-aux-cotes-2023-domaine-des-marrans.png,02659.png
2660,https://www.vinatis.com/100287-fine_default/chablis-1er-cru-vosgros-2021-domaine-du-chardonnay.png,02660.png
2661,https://www.vinatis.com/100544-fine_default/je-t-aime-2023-domaine-bassac.png,02661.png
2662,https://www.vinatis.com/96417-fine_default/blanc-de-rolle-2024-domaine-des-feraud.png,02662.png
2663,https://www.vinatis.com/96162-fine_default/lion-agiorgitiko-2020-giannikos-winery.png,02663.png
2664,https://www.vinatis.com/98720-fine_default/rose-ehrh-art-2024-henri-ehrhart.png,02664.png
2665,https://www.vinatis.com/95674-fine_default/plaisirs-du-roy-2020.png,02665.png
2666,https://www.vinatis.com/96177-fine_default/cremant-de-bourgogne-domaine-des-deux-roches.png,02666.png
2667,https://www.vinatis.com/95890-fine_default/tempranillo-2021-hermanos-lurton.png,02667.png
2668,https://www.vinatis.com/95915-fine_default/remeage-blanc-2024-les-vins-de-vienne.png,02668.png
2669,https://www.vinatis.com/96404-fine_default/chinon-rouge-l-huisserie-2021-domaine-philippe-alliet.png,02669.png
2670,https://www.vinatis.com/96733-fine_default/malayeto-2022-vina-zorzal.png,02670.png
2671,https://www.vinatis.com/98487-fine_default/chassagne-montrachet-1er-cru-morgeot-2022-domaine-claude-nouveau.png,02671.png
2672,https://www.vinatis.com/98292-fine_default/les-marnes-2023-domaine-mas-granier.png,02672.png
2673,https://www.vinatis.com/100345-fine_default/pouilly-fume-tradition-2024-domaine-chollet-severin-et-gilles.png,02673.png
2674,https://www.vinatis.com/99904-fine_default/brechallune-2024-la-croix-gratiot.png,02674.png
2675,https://www.vinatis.com/94039-fine_default/cuvee-l-blanc-2024-laurent-combier.png,02675.png
2676,https://www.vinatis.com/94695-fine_default/chinon-rouge-rubis-2022-domaine-de-la-roche-honneur.png,02676.png
2677,https://www.vinatis.com/93467-fine_default/sauvignon-blanc-2023-seresin-estate.png,02677.png
2678,https://www.vinatis.com/100660-fine_default/terroirs-autan-2020-toques-et-clochers-sieur-d-arques.png,02678.png
2679,https://www.vinatis.com/93804-fine_default/grande-cuvee-2022-domaine-de-l-hortus.png,02679.png
2680,https://www.vinatis.com/95863-fine_default/cote-rotie-la-porchette-2023-julien-pilon.png,02680.png
2681,https://www.vinatis.com/97231-fine_default/argali-blanc-2024-puech-haut.png,02681.png
2682,https://www.vinatis.com/31884-fine_default/chateau-margaux-2010-1er-cru-classe.png,02682.png
2683,https://www.vinatis.com/88460-fine_default/corton-charlemagne-grand-cru-2022-domaine-poisot.png,02683.png
2684,https://www.vinatis.com/88814-fine_default/les-serines-2022-domaine-yves-cuilleron.png,02684.png
2685,https://www.vinatis.com/89054-fine_default/riesling-grand-cru-steingrubler-2022-domaine-barmes-buecher.png,02685.png
2686,https://www.vinatis.com/100058-fine_default/chateau-les-carmes-haut-brion-2022.png,02686.png
2687,https://www.vinatis.com/94580-fine_default/mirmanda-rouge-2022-francois-xavier-demaison-dominique-laporte.png,02687.png
2688,https://www.vinatis.com/98676-fine_default/domaine-des-terres-blanches-rose-2024.png,02688.png
2689,https://www.vinatis.com/98557-fine_default/bergerac-blanc-2024-chateau-laulerie.png,02689.png
2690,https://www.vinatis.com/98643-fine_default/domaine-de-l-aigle-pinot-noir-2023-gerard-bertrand.png,02690.png
2691,https://www.vinatis.com/98687-fine_default/valdisanti-2021-tolaini.png,02691.png
2692,https://www.vinatis.com/99199-fine_default/eole-rose-2024-domaine-d-eole.png,02692.png
2693,https://www.vinatis.com/99306-fine_default/chianti-classico-petrignano-2021-dievole.png,02693.png
2694,https://www.vinatis.com/99350-fine_default/e-croce-blanc-2024-domaine-yves-leccia.png,02694.png
2695,https://www.vinatis.com/99930-fine_default/chateau-martin-2021.png,02695.png
2696,https://www.vinatis.com/99577-fine_default/entre-deux-mers-2024-chateau-turcaud.png,02696.png
2697,https://www.vinatis.com/83386-fine_default/morgon-cote-du-py-2023-jean-marc-burgaud.png,02697.png
2698,https://www.vinatis.com/99934-fine_default/domaine-de-terrebrune-rose-2023.png,02698.png
2699,https://www.vinatis.com/99950-fine_default/prestige-2022-chateau-de-hauterive.png,02699.png
2700,https://www.vinatis.com/99984-fine_default/chignin-bergeron-les-roches-blanches-2024-andre-et-michel-quenard.png,02700.png
2701,https://www.vinatis.com/100383-fine_default/faune-2024-moulin-de-gassac.png,02701.png
2702,https://www.vinatis.com/101162-fine_default/chateauneuf-du-pape-blanc-2024-domaine-chante-cigale.png,02702.png
2703,https://www.vinatis.com/91663-fine_default/stern-sauvignon-blanco-2023-kaltern.png,02703.png
2704,https://www.vinatis.com/92402-fine_default/moulin-a-vent-rochegres-2021-chateau-des-jacques.png,02704.png
2705,https://www.vinatis.com/93017-fine_default/chablis-bio-2023-domaine-bernard-defaix.png,02705.png
2706,https://www.vinatis.com/94118-fine_default/cote-de-nuits-villages-2023-domaine-rossignol-closerie-des-alisiers.png,02706.png
2707,https://www.vinatis.com/101291-fine_default/rully-la-chaume-rouge-2022-domaine-claudie-jobard.png,02707.png
2708,https://www.vinatis.com/87938-fine_default/barolo-mosconi-2020-e-pira-e-figli-chiara-boschis.png,02708.png
2709,https://www.vinatis.com/37518-fine_default/chateau-rieussec-2007-1er-grand-cru-classe.png,02709.png
2710,https://www.vinatis.com/98073-fine_default/clos-rose-2024-clos-canarelli.png,02710.png
2711,https://www.vinatis.com/99739-fine_default/l-ecume-blanc-2024-chateau-la-negly.png,02711.png
2712,https://www.vinatis.com/100401-fine_default/chateau-saint-christophe-2019-cru-bourgeois.png,02712.png
2713,https://www.vinatis.com/100351-fine_default/beaujolais-blanc-2023-domaine-des-marrans.png,02713.png
2714,https://www.vinatis.com/100229-fine_default/domaine-des-vals-premium-2023-cellier-des-demoiselles.png,02714.png
2715,https://www.vinatis.com/99676-fine_default/la-colline-en-flamme-2024-vignoble-des-pothiers.png,02715.png
2716,https://www.vinatis.com/95326-fine_default/rayner-vineyard-grenache-2022-bondar.png,02716.png
2717,https://www.vinatis.com/95501-fine_default/le-page-de-la-tour-de-bessan-2023-second-vin-du-chateau-la-tour-de-bessan.png,02717.png
2718,https://www.vinatis.com/95693-fine_default/saumur-blanc-les-fresnettes-2021-chateau-de-targe.png,02718.png
2719,https://www.vinatis.com/97078-fine_default/fendant-balavaud-vetroz-grand-crus-2023-domaine-jean-rene-germanier.png,02719.png
2720,https://www.vinatis.com/96097-fine_default/riesling-zinnkoepfle-sinneles-2018-domaine-eric-rominger.png,02720.png
2721,https://www.vinatis.com/96180-fine_default/saint-emilion-grand-cru-la-grace-dieu-2020-chateau-haut-troquart.png,02721.png
2722,https://www.vinatis.com/98031-fine_default/une-ile-rose-2024-domaine-terra-vecchia.png,02722.png
2723,https://www.vinatis.com/97613-fine_default/meursault-rouge-2019-louis-latour.png,02723.png
2724,https://www.vinatis.com/96367-fine_default/fleurie-vieilles-vignes-2023-laurent-perrachon-fils.png,02724.png
2725,https://www.vinatis.com/96379-fine_default/rully-la-cree-2022-maison-chanzy.png,02725.png
2726,https://www.vinatis.com/97678-fine_default/lampe-de-meduse-blanc-2024-cru-classe-chateau-sainte-roseline.png,02726.png
2727,https://www.vinatis.com/97312-fine_default/la-pepie-2024-adrien-berlioz.png,02727.png
2728,https://www.vinatis.com/97028-fine_default/brin-de-mimosa-2024-domaine-de-la-fouquette.png,02728.png
2729,https://www.vinatis.com/98301-fine_default/savigny-les-beaune-1er-cru-2019-louis-jadot.png,02729.png
2730,https://www.vinatis.com/97332-fine_default/les-hauts-de-smith-rose-2024.png,02730.png
2731,https://www.vinatis.com/85640-fine_default/le-petit-cheval-2020-second-vin-du-chateau-cheval-blanc.png,02731.png
2732,https://www.vinatis.com/94906-fine_default/cotes-du-jura-rouge-dedicace-a-pierre-2022-domaine-badoz.png,02732.png
2733,https://www.vinatis.com/87490-fine_default/auxey-duresses-blanc-les-crais-2023-alain-gras.png,02733.png
2734,https://www.vinatis.com/91890-fine_default/corton-charlemagne-grand-cru-2022-henri-boillot.png,02734.png
2735,https://www.vinatis.com/92449-fine_default/l-essentiel-2023-chateau-la-grande-clotte.png,02735.png
2736,https://www.vinatis.com/92180-fine_default/saint-peray-les-pins-2023-domaine-bernard-gripa.png,02736.png
2737,https://www.vinatis.com/92645-fine_default/coudoulet-de-beaucastel-2022-famille-perrin.png,02737.png
2738,https://www.vinatis.com/69587-fine_default/chateau-beychevelle-2021-4eme-cru-classe.png,02738.png
2739,https://www.vinatis.com/77517-fine_default/melodie-en-sous-sol-2021-clos-des-centenaires.png,02739.png
2740,https://www.vinatis.com/77568-fine_default/alamos-malbec-2023-bodega-catena-zapata.png,02740.png
2741,https://www.vinatis.com/79584-fine_default/la-baronnie-2022-chateau-jonquieres.png,02741.png
2742,https://www.vinatis.com/99673-fine_default/cote-roannaise-montplaisir-2020-alain-baillon.png,02742.png
2743,https://www.vinatis.com/91947-fine_default/maghani-2020-domaine-canet-valette.png,02743.png
2744,https://www.vinatis.com/90516-fine_default/chinon-rouge-ampoule-2023-bertrand-vincent-marchesseau.png,02744.png
2745,https://www.vinatis.com/92763-fine_default/les-schistes-2022-domaine-borie-la-vitarele.png,02745.png
2746,https://www.vinatis.com/97798-fine_default/pinotage-2023-diemersfontein.png,02746.png
2747,https://www.vinatis.com/97832-fine_default/caroline-cuvee-prestige-2023-domaine-louis-cheze.png,02747.png
2748,https://www.vinatis.com/98020-fine_default/chinon-rose-2024-domaine-jean-maurice-raffault.png,02748.png
2749,https://www.vinatis.com/98027-fine_default/vinhas-velhas-tinto-2021-luis-pato.png,02749.png
2750,https://www.vinatis.com/100045-fine_default/hydropathe-elite-blanc-2023-domaine-des-diables.png,02750.png
2751,https://www.vinatis.com/99312-fine_default/ailes-imaginaires-2023-domaine-pujol.png,02751.png
2752,https://www.vinatis.com/99623-fine_default/bandol-rose-2023-domaine-de-la-begude.png,02752.png
2753,https://www.vinatis.com/99858-fine_default/cotes-du-roussillon-2021-domaine-bisconte.png,02753.png
2754,https://www.vinatis.com/101171-fine_default/menetou-salon-rouge-premiere-cuvee-2024-domaine-de-l-ermitage.png,02754.png
2755,https://www.vinatis.com/100395-fine_default/silice-rouge-2023-domaine-coursodon.png,02755.png
2756,https://www.vinatis.com/99642-fine_default/chateau-angelus-2022-saint-emilion-grand-cru.png,02756.png
2757,https://www.vinatis.com/94297-fine_default/brouilly-reverdon-2023-chateau-thivin.png,02757.png
2758,https://www.vinatis.com/81863-fine_default/chateau-langoa-barton-2022-3eme-cru-classe.png,02758.png
2759,https://www.vinatis.com/92550-fine_default/beaujolais-lancie-2022-domaine-des-nugues.png,02759.png
2760,https://www.vinatis.com/98152-fine_default/l-alchimiste-2021-chateau-saint-jean-d-aumieres.png,02760.png
2761,https://www.vinatis.com/95434-fine_default/heritage-an-462-languedoc-2021-gerard-bertrand.png,02761.png
2762,https://www.vinatis.com/95444-fine_default/clos-de-tart-grand-cru-monopole-2021.png,02762.png
2763,https://www.vinatis.com/96178-fine_default/pouilly-fuisse-veilles-vignes-2023-domaine-des-deux-roches.png,02763.png
2764,https://www.vinatis.com/95919-fine_default/la-belle-romaine-2023-chateau-de-merande.png,02764.png
2765,https://www.vinatis.com/96699-fine_default/pouilly-loche-aux-barres-2022-domaine-perraud.png,02765.png
2766,https://www.vinatis.com/96617-fine_default/le-lys-2022-chateau-pradeaux.png,02766.png
2767,https://www.vinatis.com/96648-fine_default/les-fumees-blanches-gris-de-sauvignon-rose-2024-francois-lurton.png,02767.png
2768,https://www.vinatis.com/96886-fine_default/pommard-1er-cru-clos-des-epenots-2022-chateau-de-meursault.png,02768.png
2769,https://www.vinatis.com/97327-fine_default/chateau-peybonhomme-les-tours-2022.png,02769.png
2770,https://www.vinatis.com/100119-fine_default/argile-blanc-2024-domaine-des-ardoisieres.png,02770.png
2771,https://www.vinatis.com/97302-fine_default/grenache-syrah-rose-2024-barton-guestier.png,02771.png
2772,https://www.vinatis.com/99097-fine_default/luxe-calme-et-volupte-blanc-2023-clos-des-centenaires.png,02772.png
2773,https://www.vinatis.com/97825-fine_default/mondeuse-originel-2023-cave-de-cruet.png,02773.png
2774,https://www.vinatis.com/99101-fine_default/emile-bodin-blanc-2024-cassis-bodin.png,02774.png
2775,https://www.vinatis.com/79304-fine_default/chenas-vibrations-2022-domaine-thillardon.png,02775.png
2776,https://www.vinatis.com/51858-fine_default/chateau-angelus-2016-1er-grand-cru-classe-a.png,02776.png
2777,https://www.vinatis.com/84669-fine_default/clos-de-vougeot-grand-cru-2022-domaine-de-la-vougeraie.png,02777.png
2778,https://www.vinatis.com/86964-fine_default/brunello-di-montalcino-2010-ciacci-piccolomini-d-aragona.png,02778.png
2779,https://www.vinatis.com/87679-fine_default/sancerre-blanc-pente-de-maimbray-2023-domaine-de-saint-romble.png,02779.png
2780,https://www.vinatis.com/74310-fine_default/chardonnay-2022-seresin-estate.png,02780.png
2781,https://www.vinatis.com/79162-fine_default/granito-2020-pegaso-telmo-rodriguez.png,02781.png
2782,https://www.vinatis.com/78971-fine_default/chardonnay-2020-las-pizarras-errazuriz.png,02782.png
2783,https://www.vinatis.com/81856-fine_default/chateau-canon-2022-1er-grand-cru-classe-b.png,02783.png
2784,https://www.vinatis.com/89998-fine_default/red-wine-n3-garnacha-2021-tara.png,02784.png
2785,https://www.vinatis.com/91464-fine_default/pouilly-fuisse-cuvee-calcaire-2023-domaine-carrette.png,02785.png
2786,https://www.vinatis.com/91523-fine_default/saumur-blanc-les-pentes-2023-la-seigneurie.png,02786.png
2787,https://www.vinatis.com/92389-fine_default/batard-montrachet-grand-cru-2022-pernot-belicard.png,02787.png
2788,https://www.vinatis.com/98528-fine_default/pinot-gris-dorfburg-2021-domaine-meyer-fonne.png,02788.png
2789,https://www.vinatis.com/97901-fine_default/chateau-henri-bonnaud-rose-2024.png,02789.png
2790,https://www.vinatis.com/98521-fine_default/la-rose-de-jaugue-2022-chateau-jauge-blanc.png,02790.png
2791,https://www.vinatis.com/98150-fine_default/les-agudes-2024-mas-del-perie.png,02791.png
2792,https://www.vinatis.com/98153-fine_default/chateau-soutard-cadet-2022.png,02792.png
2793,https://www.vinatis.com/98207-fine_default/cabernet-sauvignon-2022-aquitania.png,02793.png
2794,https://www.vinatis.com/98443-fine_default/gres-de-montpellier-2022-mas-de-lunes.png,02794.png
2795,https://www.vinatis.com/98616-fine_default/bannockburn-riesling-2024-felton-road.png,02795.png
2796,https://www.vinatis.com/99042-fine_default/riesling-erdener-treppchen-kabinett-2023-dr-loosen.png,02796.png
2797,https://www.vinatis.com/99078-fine_default/le-blanc-2024-domaine-d-aigues-belles.png,02797.png
2798,https://www.vinatis.com/100056-fine_default/cotes-d-auvergne-terre-lave-2023-desprat-saint-verny.png,02798.png
2799,https://www.vinatis.com/99870-fine_default/chablis-1er-cru-montmains-2022-domaine-de-vauroux.png,02799.png
2800,https://www.vinatis.com/100758-fine_default/gigondas-tresor-2023-domaine-brunely.png,02800.png
2801,https://www.vinatis.com/99721-fine_default/chateau-musar-rouge-2018.png,02801.png
2802,https://www.vinatis.com/99724-fine_default/ultreia-godello-2023-raul-perez-bodegas-y-vinedos.png,02802.png
2803,https://www.vinatis.com/92103-fine_default/l-ermite-blanc-2021-les-parcellaires-m-chapoutier.png,02803.png
2804,https://www.vinatis.com/82390-fine_default/chateau-ferran-blanc-2022.png,02804.png
2805,https://www.vinatis.com/84934-fine_default/chateau-pichon-longueville-comtesse-de-lalande-2019-2nd-cru-classe.png,02805.png
2806,https://www.vinatis.com/99880-fine_default/muscadet-sevre-et-maine-l-authentique-2024-domaine-petiteau.png,02806.png
2807,https://www.vinatis.com/100136-fine_default/cuvee-domaine-blanc-2024-domaine-combier.png,02807.png
2808,https://www.vinatis.com/100350-fine_default/beaujolais-vieilles-vignes-2023-domaine-des-marrans.png,02808.png
2809,https://www.vinatis.com/100323-fine_default/reflet-chemin-de-moscou-2022-domaine-gayda.png,02809.png
2810,https://www.vinatis.com/100364-fine_default/cotes-du-jura-trousseau-2023-domaine-marcel-cabelier.png,02810.png
2811,https://www.vinatis.com/100479-fine_default/chateau-boutisse-2015.png,02811.png
2812,https://www.vinatis.com/100627-fine_default/harmonie-2024-domaine-alain-voge.png,02812.png
2813,https://www.vinatis.com/100657-fine_default/reserve-organic-pinot-noir-2023-domaine-bousquet.png,02813.png
2814,https://www.vinatis.com/91598-fine_default/reserve-chardonnay-2022-glenelly.png,02814.png
2815,https://www.vinatis.com/91741-fine_default/cremant-de-limoux-2022-emotion-extra-brut-rose-domaine-antech.png,02815.png
2816,https://www.vinatis.com/93122-fine_default/elegante-2022-domaine-sant-armettu.png,02816.png
2817,https://www.vinatis.com/92231-fine_default/corton-grand-cru-blanc-2022-domaine-maillard-pere-fils.png,02817.png
2818,https://www.vinatis.com/92950-fine_default/chateau-bourgneuf-2016.png,02818.png
2819,https://www.vinatis.com/92668-fine_default/macon-la-roche-vineuse-levant-2023-rijckaert-jean.png,02819.png
2820,https://www.vinatis.com/92800-fine_default/les-royes-2022-domaine-courbis.png,02820.png
2821,https://www.vinatis.com/93022-fine_default/volnay-2022-domaine-genot-boulanger.png,02821.png
2822,https://www.vinatis.com/93444-fine_default/blanc-2023-domaine-gallety.png,02822.png
2823,https://www.vinatis.com/93519-fine_default/muscat-du-cap-corse-2023-domaine-yves-leccia.png,02823.png
2824,https://www.vinatis.com/93625-fine_default/pouilly-fume-aubaine-2023-domaine-jonathan-didier-pabiot.png,02824.png
2825,https://www.vinatis.com/100694-fine_default/agrumes-et-caetera-2022-domaine-capmartin.png,02825.png
2826,https://www.vinatis.com/94036-fine_default/crozes-hermitage-cuvee-domaine-2023-domaine-laurent-combier.png,02826.png
2827,https://www.vinatis.com/94134-fine_default/malbec-argentino-2022-catena-zapata.png,02827.png
2828,https://www.vinatis.com/96749-fine_default/saint-joseph-blanc-2023-e-guigal.png,02828.png
2829,https://www.vinatis.com/98518-fine_default/m-de-minuty-rouge-2023.png,02829.png
2830,https://www.vinatis.com/97550-fine_default/clos-triguedina-2021-domaine-triguedina-jean-luc-baldes.png,02830.png
2831,https://www.vinatis.com/88484-fine_default/pouilly-fume-eurythmie-2022-domaine-jonathan-didier-pabiot.png,02831.png
2832,https://www.vinatis.com/100362-fine_default/torus-2023-alain-brumont.png,02832.png
2833,https://www.vinatis.com/88803-fine_default/les-chaillets-2023-yves-cuilleron.png,02833.png
2834,https://www.vinatis.com/74839-fine_default/promesse-de-dourthe-2020.png,02834.png
2835,https://www.vinatis.com/95214-fine_default/villa-antinori-rosso-2022-antinori.png,02835.png
2836,https://www.vinatis.com/95502-fine_default/syrah-2022-gamla-golan-heights-winery.png,02836.png
2837,https://www.vinatis.com/97081-fine_default/chambolle-musigny-1er-cru-les-plantes-2017-domaine-bertagna.png,02837.png
2838,https://www.vinatis.com/96188-fine_default/domaine-aureillan-blanc-2024-maitres-vignerons-de-la-presqu-ile-de-saint-tropez.png,02838.png
2839,https://www.vinatis.com/96251-fine_default/les-launes-blanc-2023-delas.png,02839.png
2840,https://www.vinatis.com/96602-fine_default/puligny-montrachet-2023-domaine-bzikot-pere-et-fils.png,02840.png
2841,https://www.vinatis.com/96772-fine_default/beaune-1er-cru-clos-du-roi-2020-bouchard-pere-et-fils-domaine.png,02841.png
2842,https://www.vinatis.com/96839-fine_default/chateau-grand-jean-entre-deux-mers-rouge-2023.png,02842.png
2843,https://www.vinatis.com/97229-fine_default/gran-lurton-2018-bodega-piedra-negra.png,02843.png
2844,https://www.vinatis.com/97328-fine_default/barolo-2021-ascheri.png,02844.png
2845,https://www.vinatis.com/97347-fine_default/roussette-de-savoie-2024-domaine-blard.png,02845.png
2846,https://www.vinatis.com/97546-fine_default/kvareli-rouge-2021-koncho-co.png,02846.png
2847,https://www.vinatis.com/97453-fine_default/rock-angel-2024-caves-d-esclans.png,02847.png
2848,https://www.vinatis.com/99575-fine_default/zenith-de-schiste-blanc-2023-cave-de-roquebrun.png,02848.png
2849,https://www.vinatis.com/100346-fine_default/le-rose-x-giscours-2024-chateau-giscours.png,02849.png
2850,https://www.vinatis.com/85567-fine_default/chablis-1er-cru-montmains-2022-jean-marc-brocard.png,02850.png
2851,https://www.vinatis.com/87305-fine_default/echezeaux-grand-cru-2013-louis-jadot.png,02851.png
2852,https://www.vinatis.com/98661-fine_default/tete-de-belier-blanc-2023-chateau-puech-haut.png,02852.png
2853,https://www.vinatis.com/87099-fine_default/maduresa-2021-celler-del-roure.png,02853.png
2854,https://www.vinatis.com/87667-fine_default/wild-boar-pinot-noir-2023-tussock-jumper.png,02854.png
2855,https://www.vinatis.com/88219-fine_default/gueule-de-loup-2023-chateau-de-roquefort.png,02855.png
2856,https://www.vinatis.com/88603-fine_default/anjou-rouge-reliefs-2021-chateau-soucherie.png,02856.png
2857,https://www.vinatis.com/92108-fine_default/d18-2022-domaine-olivier-pithon.png,02857.png
2858,https://www.vinatis.com/92852-fine_default/rully-1er-cru-blanc-2022-doudet-naudin.png,02858.png
2859,https://www.vinatis.com/93167-fine_default/monthelie-2023-maison-clavelier.png,02859.png
2860,https://www.vinatis.com/92813-fine_default/chassagne-montrachet-1er-cru-la-grande-montagne-2022-louis-latour.png,02860.png
2861,https://www.vinatis.com/93029-fine_default/puligny-montrachet-nosroyes-2022-domaine-genot-boulanger.png,02861.png
2862,https://www.vinatis.com/93077-fine_default/malbec-reserve-2022-bodega-piedra-negra.png,02862.png
2863,https://www.vinatis.com/93508-fine_default/aloxe-corton-2022-domaine-chevalier-pere-et-fils.png,02863.png
2864,https://www.vinatis.com/93882-fine_default/syrah-les-agathes-2023-remi-niero.png,02864.png
2865,https://www.vinatis.com/94047-fine_default/le-boutenac-des-demoiselles-2022-cellier-des-demoiselles.png,02865.png
2866,https://www.vinatis.com/101213-fine_default/echezeaux-grand-cru-2017-louis-latour.png,02866.png
2867,https://www.vinatis.com/91679-fine_default/chateau-mouton-rothschild-2021-1er-cru-classe.png,02867.png
2868,https://www.vinatis.com/77582-fine_default/moulin-a-vent-bio-2022-domaine-richard-rottiers.png,02868.png
2869,https://www.vinatis.com/79094-fine_default/chateau-larrivet-haut-brion-2020.png,02869.png
2870,https://www.vinatis.com/101223-fine_default/clos-junet-2022.png,02870.png
2871,https://www.vinatis.com/81763-fine_default/le-corton-grand-cru-2017-domaine-bouchard-pere-et-fils.png,02871.png
2872,https://www.vinatis.com/88992-fine_default/amigne-de-vetroz-2-abeilles-2022-domaine-jean-rene-germanier.png,02872.png
2873,https://www.vinatis.com/89645-fine_default/gevrey-chambertin-2022-domaine-thierry-mortet.png,02873.png
2874,https://www.vinatis.com/90097-fine_default/sol-de-sol-chardonnay-2023-aquitania.png,02874.png
2875,https://www.vinatis.com/97651-fine_default/saint-aubin-1er-cru-sur-gamay-2023-domaine-bertrand-bachelet.png,02875.png
2876,https://www.vinatis.com/98016-fine_default/love-by-leoube-blanc-2024.png,02876.png
2877,https://www.vinatis.com/101001-fine_default/vacqueyras-tradition-2024-domaine-le-colombier.png,02877.png
2878,https://www.vinatis.com/98251-fine_default/quincy-2023-henri-bourgeois.png,02878.png
2879,https://www.vinatis.com/98221-fine_default/hermon-rouge-2023-gamla-golan-heights-winery.png,02879.png
2880,https://www.vinatis.com/99992-fine_default/pernand-vergelesses-blanc-2019-maison-patriarche.png,02880.png
2881,https://www.vinatis.com/98836-fine_default/chinon-rouge-le-puy-2023-domaine-jean-maurice-raffault.png,02881.png
2882,https://www.vinatis.com/98956-fine_default/reserva-carmenere-2023-casillero-del-diablo-concha-y-toro.png,02882.png
2883,https://www.vinatis.com/100675-fine_default/domaine-tremeaux-mercurey-1er-cru-croichots-2023.png,02883.png
2884,https://www.vinatis.com/99020-fine_default/cuvee-mathilde-2022-chateau-des-ravatys.png,02884.png
2885,https://www.vinatis.com/99246-fine_default/la-reserve-rouge-2023-chateau-de-bregancon-cru-classe.png,02885.png
2886,https://www.vinatis.com/99670-fine_default/pilaho-2024-pellehaut.png,02886.png
2887,https://www.vinatis.com/100404-fine_default/alba-dolia-2023-mas-des-volques.png,02887.png
2888,https://www.vinatis.com/99982-fine_default/maruxa-godello-2024-virgen-de-galir-cvne.png,02888.png
2889,https://www.vinatis.com/100681-fine_default/pouilly-vinzelles-climat-les-longeays-2023-la-soufrandiere.png,02889.png
2890,https://www.vinatis.com/100516-fine_default/tradition-rose-2023-clos-cibonne-cru-classe.png,02890.png
2891,https://www.vinatis.com/101047-fine_default/saint-peray-2024-les-vins-de-vienne.png,02891.png
2892,https://www.vinatis.com/83170-fine_default/chateau-de-fieuzal-blanc-2020.png,02892.png
2893,https://www.vinatis.com/83635-fine_default/clos-des-lambrays-grand-cru-2021-domaine-des-lambrays.png,02893.png
2894,https://www.vinatis.com/94292-fine_default/morgon-voute-saint-vincent-2023-louis-claude-desvignes.png,02894.png
2895,https://www.vinatis.com/81888-fine_default/les-fiefs-de-lagrange-2022-second-vin-du-chateau-lagrange.png,02895.png
2896,https://www.vinatis.com/98119-fine_default/miral-nero-d-avola-2024-cantine-fina.png,02896.png
2897,https://www.vinatis.com/96307-fine_default/la-combe-pilate-2023-m-chapoutier.png,02897.png
2898,https://www.vinatis.com/94913-fine_default/maison-castel-condrieu-2022-chapitre-iii-au-dela-de-la-brume-series-limitees.png,02898.png
2899,https://www.vinatis.com/94979-fine_default/sixtus-2023-les-vignobles-de-seyssuel-louis-cheze.png,02899.png
2900,https://www.vinatis.com/95209-fine_default/mip-classic-rouge-2022-domaine-des-diables.png,02900.png
2901,https://www.vinatis.com/95314-fine_default/pavillon-rouge-2020-second-vin-du-chateau-margaux.png,02901.png
2902,https://www.vinatis.com/98411-fine_default/saint-aubin-1er-cru-les-perrieres-2023-domaine-patrick-miolane.png,02902.png
2903,https://www.vinatis.com/96924-fine_default/pinot-blanc-les-princes-abbes-2022-domaine-schlumberger.png,02903.png
2904,https://www.vinatis.com/95944-fine_default/prima-2021-bodegas-mauro.png,02904.png
2905,https://www.vinatis.com/96086-fine_default/chablis-1er-cru-vaucoupin-2023-domaine-gueguen.png,02905.png
2906,https://www.vinatis.com/96453-fine_default/saint-veran-2023-chateau-de-la-greffiere.png,02906.png
2907,https://www.vinatis.com/96666-fine_default/bourgogne-pinot-noir-laforet-2022-joseph-drouhin.png,02907.png
2908,https://www.vinatis.com/97934-fine_default/cadet-de-la-begude-rouge-2022-domaine-de-la-begude.png,02908.png
2909,https://www.vinatis.com/98523-fine_default/volnay-1er-cru-santenots-2016-louis-jadot.png,02909.png
2910,https://www.vinatis.com/99056-fine_default/gevrey-chambertin-2022-louis-jadot.png,02910.png
2911,https://www.vinatis.com/97130-fine_default/cuatro-del-cuatro-2022-vina-zorzal.png,02911.png
2912,https://www.vinatis.com/97216-fine_default/condrieu-2023-christophe-pichon.png,02912.png
2913,https://www.vinatis.com/97240-fine_default/savennieres-2023-chateau-du-breuil.png,02913.png
2914,https://www.vinatis.com/98505-fine_default/les-sorcieres-blanc-2024-du-clos-des-fees-herve-bizeul-associes.png,02914.png
2915,https://www.vinatis.com/97601-fine_default/planteur-rouge-2022-sarrat-de-goundy.png,02915.png
2916,https://www.vinatis.com/97423-fine_default/kadette-cape-blend-2022-domaine-kanonkop.png,02916.png
2917,https://www.vinatis.com/97543-fine_default/beaune-1er-cru-les-vignes-franches-2023-jean-claude-boisset.png,02917.png
2918,https://www.vinatis.com/99703-fine_default/chardonnay-2022-cloudy-bay.png,02918.png
2919,https://www.vinatis.com/101146-fine_default/crozes-hermitage-blanc-nobles-rives-2024-cave-de-tain.png,02919.png
2920,https://www.vinatis.com/96241-fine_default/arbois-savagnin-authentique-2019-cellier-des-tiercelines-jerome-arnoux.png,02920.png
2921,https://www.vinatis.com/97263-fine_default/maranges-2023-chateau-de-la-charriere-yves-girardin.png,02921.png
2922,https://www.vinatis.com/100686-fine_default/estate-tannat-de-corte-2022-bodega-garzon.png,02922.png
2923,https://www.vinatis.com/99053-fine_default/up-rouge-2022-ultimate-provence.png,02923.png
2924,https://www.vinatis.com/99635-fine_default/biancu-marinu-2024-domaine-yves-leccia.png,02924.png
2925,https://www.vinatis.com/96049-fine_default/pouilly-vinzelles-zen-2023-la-soufrandiere.png,02925.png
2926,https://www.vinatis.com/95549-fine_default/chateau-haut-brion-2011-1er-cru-classe.png,02926.png
2927,https://www.vinatis.com/47330-fine_default/chateau-brane-cantenac-2014-2nd-cru-classe.png,02927.png
2928,https://www.vinatis.com/85461-fine_default/santenay-blanc-sous-la-roche-2021-vignobles-ludovic-pierrot.png,02928.png
2929,https://www.vinatis.com/85099-fine_default/julius-riesling-2023-henschke.png,02929.png
2930,https://www.vinatis.com/85343-fine_default/meursault-1er-cru-perrieres-2022-chateau-de-meursault.png,02930.png
2931,https://www.vinatis.com/85444-fine_default/sylvaner-bollenberg-2019-domaine-valentin-zusslin.png,02931.png
2932,https://www.vinatis.com/86162-fine_default/duche-d-uzes-blanc-soledre-2023-mathilde-chapoutier-selection.png,02932.png
2933,https://www.vinatis.com/87574-fine_default/touraine-blanc-trinqu-ames-2023-domaine-la-grange-tiphaine.png,02933.png
2934,https://www.vinatis.com/95420-fine_default/sancerre-blanc-la-graveliere-2023-joseph-mellot.png,02934.png
2935,https://www.vinatis.com/87937-fine_default/estate-chardonnay-2022-dona-paula.png,02935.png
2936,https://www.vinatis.com/88550-fine_default/chardonnay-fosil-2021-familia-zuccardi.png,02936.png
2937,https://www.vinatis.com/88662-fine_default/saint-romain-rouge-sous-roche-2022-domaine-henri-et-gilles-buisson.png,02937.png
2938,https://www.vinatis.com/92792-fine_default/chassagne-montrachet-1er-cru-les-chennevottes-2022-domaine-chanson.png,02938.png
2939,https://www.vinatis.com/72027-fine_default/cote-rotie-coteaux-de-tupin-2019-benjamin-et-david-duclaux.png,02939.png
2940,https://www.vinatis.com/89238-fine_default/richebourg-grand-cru-2021-domaine-a-f-gros.png,02940.png
2941,https://www.vinatis.com/89245-fine_default/beaune-2021-domaine-des-petits-champs-lins.png,02941.png
2942,https://www.vinatis.com/91757-fine_default/rose-rhodonite-2023-domaine-des-ardoisieres.png,02942.png
2943,https://www.vinatis.com/91136-fine_default/chateau-gruaud-larose-2019-2eme-cru-classe.png,02943.png
2944,https://www.vinatis.com/91253-fine_default/rouge-2021-domaine-de-la-begude.png,02944.png
2945,https://www.vinatis.com/92344-fine_default/santenay-1er-cru-gravieres-2022-vignobles-ludovic-pierrot.png,02945.png
2946,https://www.vinatis.com/97837-fine_default/chateau-du-barrailh-blanc-2024.png,02946.png
2947,https://www.vinatis.com/97873-fine_default/saumur-rose-clin-d-oeil-rose-2024-alliance-loire.png,02947.png
2948,https://www.vinatis.com/97892-fine_default/chignin-bergeron-2024-domaine-philippe-sylvain-ravier.png,02948.png
2949,https://www.vinatis.com/97963-fine_default/grande-reserve-medoc-2021-tour-prignac-cru-bourgeois.png,02949.png
2950,https://www.vinatis.com/98233-fine_default/freedom-blend-2022-chateau-purcari.png,02950.png
2951,https://www.vinatis.com/98074-fine_default/clos-blanc-2024-clos-canarelli.png,02951.png
2952,https://www.vinatis.com/98171-fine_default/vouvray-sec-2021-clos-naudin.png,02952.png
2953,https://www.vinatis.com/98253-fine_default/grand-vin-rouge-2022-chateau-l-hospitalet-gerard-bertrand.png,02953.png
2954,https://www.vinatis.com/98295-fine_default/chablis-2024-domaine-gueguen.png,02954.png
2955,https://www.vinatis.com/98426-fine_default/moscato-spumante-brilla.png,02955.png
2956,https://www.vinatis.com/98490-fine_default/isatis-blanc-sec-2024-alain-gayrel.png,02956.png
2957,https://www.vinatis.com/98565-fine_default/saint-amour-2023-jean-paul-brun-domaine-des-terres-dorees.png,02957.png
2958,https://www.vinatis.com/98894-fine_default/clarendelle-2018-inspire-par-notre-heritage.png,02958.png
2959,https://www.vinatis.com/99000-fine_default/lirac-blanc-2023-chateau-d-aqueria.png,02959.png
2960,https://www.vinatis.com/99177-fine_default/cuvee-clemence-2023-domaine-philippe-et-vincent-jaboulet.png,02960.png
2961,https://www.vinatis.com/99186-fine_default/saint-joseph-blanc-2024-domaine-courbis.png,02961.png
2962,https://www.vinatis.com/99198-fine_default/lea-2020-domaine-d-eole.png,02962.png
2963,https://www.vinatis.com/99235-fine_default/givry-teppe-de-cheneves-rouge-2023-domaine-francois-lumpp.png,02963.png
2964,https://www.vinatis.com/99326-fine_default/chateau-la-tour-blanche-2010-1er-cru-classe.png,02964.png
2965,https://www.vinatis.com/99856-fine_default/les-royes-blanc-2023-domaine-courbis.png,02965.png
2966,https://www.vinatis.com/99498-fine_default/touraine-sauvignon-blanc-2024-francois-chidaine.png,02966.png
2967,https://www.vinatis.com/99939-fine_default/rully-la-barre-rouge-2023-domaine-pm-jacqueson.png,02967.png
2968,https://www.vinatis.com/99940-fine_default/rully-1er-cru-preaux-rouge-2023-domaine-pm-jacqueson.png,02968.png
2969,https://www.vinatis.com/74952-fine_default/roc-de-cambes-2020.png,02969.png
2970,https://www.vinatis.com/91463-fine_default/rwt-bin-798-shiraz-2018-penfolds.png,02970.png
2971,https://www.vinatis.com/82807-fine_default/clos-saint-denis-grand-cru-2017-domaine-bertagna.png,02971.png
2972,https://www.vinatis.com/83272-fine_default/cote-rotie-maison-rouge-2021-domaine-georges-vernay.png,02972.png
2973,https://www.vinatis.com/83805-fine_default/gabrielle-2020-chateau-de-nouvelles.png,02973.png
2974,https://www.vinatis.com/99838-fine_default/prestige-blanc-2024-puech-haut.png,02974.png
2975,https://www.vinatis.com/99898-fine_default/chateau-pierre-de-montignac-2022-cru-bourgeois-superieur.png,02975.png
2976,https://www.vinatis.com/99909-fine_default/chateauneuf-du-pape-blanc-2024-l-oratoire-des-papes.png,02976.png
2977,https://www.vinatis.com/100052-fine_default/anjou-villages-la-seigneurie-2022-domaine-leduc-frouin.png,02977.png
2978,https://www.vinatis.com/100054-fine_default/cremant-de-loire-blanc-domaine-leduc-frouin.png,02978.png
2979,https://www.vinatis.com/100198-fine_default/poligonos-san-pablo-malbec-2023-familia-zuccardi.png,02979.png
2980,https://www.vinatis.com/100685-fine_default/fleurie-climat-poncie-zen-2023-bret-brothers.png,02980.png
2981,https://www.vinatis.com/100338-fine_default/sancerre-blanc-signature-2024-pascal-jolivet.png,02981.png
2982,https://www.vinatis.com/100493-fine_default/gevrey-chambertin-croix-des-champs-2022-domaine-roblot-marchand.png,02982.png
2983,https://www.vinatis.com/91816-fine_default/vieux-chateau-saint-andre-2021.png,02983.png
2984,https://www.vinatis.com/91902-fine_default/st-nicolas-de-bourgueil-malgagnes-amphore-2023-domaine-yannick-amirault.png,02984.png
2985,https://www.vinatis.com/94406-fine_default/chassagne-montrachet-rouge-les-champs-de-morjot-2023-chateau-de-la-charriere-yves-girardin.png,02985.png
2986,https://www.vinatis.com/92612-fine_default/saint-joseph-l-instinct-2022-domaine-bastien-jolivet.png,02986.png
2987,https://www.vinatis.com/93128-fine_default/la-torreta-2022-domaine-gardies.png,02987.png
2988,https://www.vinatis.com/101214-fine_default/chambolle-musigny-1er-cru-chatelots-2014-louis-latour.png,02988.png
2989,https://www.vinatis.com/93566-fine_default/chablis-2023-cuvee-1975-domaine-gueguen.png,02989.png
2990,https://www.vinatis.com/93026-fine_default/aloxe-corton-1er-cru-clos-du-chapitre-2022-domaine-genot-boulanger.png,02990.png
2991,https://www.vinatis.com/93115-fine_default/les-garigoles-2023-domaine-coston.png,02991.png
2992,https://www.vinatis.com/93462-fine_default/reserve-mouton-cadet-medoc-2020-baron-philippe-de-rothschild.png,02992.png
2993,https://www.vinatis.com/93466-fine_default/leah-pinot-noir-2023-seresin-estate.png,02993.png
2994,https://www.vinatis.com/93493-fine_default/wehlener-sonnenuhr-auslese-2022-joh-jos-prum.png,02994.png
2995,https://www.vinatis.com/93687-fine_default/sarget-de-gruaud-larose-2019-second-vin-du-chateau-gruaud-larose.png,02995.png
2996,https://www.vinatis.com/93691-fine_default/testamatta-2022-bibi-graetz.png,02996.png
2997,https://www.vinatis.com/95148-fine_default/musigny-grand-cru-2018-domaine-jacques-prieur.png,02997.png
2998,https://www.vinatis.com/94008-fine_default/le-grand-montmirail-2023-domaine-brusset.png,02998.png
2999,https://www.vinatis.com/94132-fine_default/chateauneuf-du-pape-2022-domaine-de-la-janasse.png,02999.png
3000,https://www.vinatis.com/94198-fine_default/chablis-1er-cru-les-vaucopins-2023-domaine-long-depaquit-maison-albert-bichot.png,03000.png
3001,https://www.vinatis.com/94210-fine_default/roussette-de-savoie-2023-domaine-carrel-senger.png,03001.png
3002,https://www.vinatis.com/94651-fine_default/empreintes-collioure-blanc-2023-clos-saint-sebastien.png,03002.png
3003,https://www.vinatis.com/94293-fine_default/morgon-cote-du-py-2023-louis-claude-desvignes.png,03003.png
3004,https://www.vinatis.com/94401-fine_default/clarendelle-saint-emilion-2021-inspire-par-notre-heritage.png,03004.png
3005,https://www.vinatis.com/94331-fine_default/simon-2022-clos-marie.png,03005.png
3006,https://www.vinatis.com/99349-fine_default/cuvee-yl-rose-2024-domaine-yves-leccia.png,03006.png
3007,https://www.vinatis.com/94687-fine_default/l-ame-soeur-2022-domaine-stephane-ogier.png,03007.png
3008,https://www.vinatis.com/101292-fine_default/marsannay-es-chezots-2022-domaine-bart.png,03008.png
3009,https://www.vinatis.com/98680-fine_default/grande-reserve-rose-2024-chateau-de-saint-martin-cru-classe.png,03009.png
3010,https://www.vinatis.com/98681-fine_default/eternelle-favorite-rose-2024-chateau-de-saint-martin-cru-classe.png,03010.png
3011,https://www.vinatis.com/99278-fine_default/chianti-classico-fontalpino-2023-fattoria-carpineta-fontalpino.png,03011.png
3012,https://www.vinatis.com/97606-fine_default/cheverny-rouge-vieilles-vignes-2023-petit-salvard.png,03012.png
3013,https://www.vinatis.com/87914-fine_default/pinot-noir-bollenberg-2020-domaine-valentin-zusslin.png,03013.png
3014,https://www.vinatis.com/97097-fine_default/clos-cibonne-cuvee-prestige-caroline-2023-cru-classe.png,03014.png
3015,https://www.vinatis.com/94746-fine_default/carra-2023-chateau-de-lascaux.png,03015.png
3016,https://www.vinatis.com/94804-fine_default/chignin-coeur-de-combe-2024-cave-de-cruet.png,03016.png
3017,https://www.vinatis.com/94825-fine_default/chateau-haut-vigneau-2020.png,03017.png
3018,https://www.vinatis.com/94951-fine_default/riesling-berg-2023-melanie-pfister.png,03018.png
3019,https://www.vinatis.com/95341-fine_default/chateau-pradeaux-rouge-2020.png,03019.png
3020,https://www.vinatis.com/95356-fine_default/la-java-des-grandes-esperances-2023.png,03020.png
3021,https://www.vinatis.com/95401-fine_default/sancerre-rouge-2023-domaine-vacheron.png,03021.png
3022,https://www.vinatis.com/95715-fine_default/les-hauts-d-eole-blanc-2023-cave-de-tain.png,03022.png
3023,https://www.vinatis.com/96027-fine_default/chignin-bergeron-les-terrasses-2024-andre-et-michel-quenard.png,03023.png
3024,https://www.vinatis.com/96205-fine_default/cent-pour-cent-syrah-2024-domaine-de-peyra.png,03024.png
3025,https://www.vinatis.com/96242-fine_default/riesling-roche-calcaire-2023-domaine-zind-humbrecht.png,03025.png
3026,https://www.vinatis.com/96443-fine_default/malbec-2022-bodega-y-vinedos-catena.png,03026.png
3027,https://www.vinatis.com/97077-fine_default/saumur-champigny-terres-chaudes-2023-domaine-roches-neuves-thierry-germain.png,03027.png
3028,https://www.vinatis.com/96745-fine_default/lacoste-borie-2021-second-vin-du-chateau-grand-puy-lacoste.png,03028.png
3029,https://www.vinatis.com/96849-fine_default/morgon-cote-du-py-2023-maison-trenel.png,03029.png
3030,https://www.vinatis.com/96903-fine_default/enira-reserva-2019-bessa-valley.png,03030.png
3031,https://www.vinatis.com/99848-fine_default/gevrey-chambertin-la-justice-2022-maison-albert-bichot.png,03031.png
3032,https://www.vinatis.com/97099-fine_default/clos-cibonne-prestige-rouge-olivier-2023-cru-classe.png,03032.png
3033,https://www.vinatis.com/97131-fine_default/chateau-langoa-barton-2014-3eme-cru-classe.png,03033.png
3034,https://www.vinatis.com/97183-fine_default/chateau-meric-2020-cru-bourgeois.png,03034.png
3035,https://www.vinatis.com/97228-fine_default/gruner-veltliner-smaragd-kellerberg-2022-domane-wachau.png,03035.png
3036,https://www.vinatis.com/97401-fine_default/chateauneuf-du-pape-2020-e-guigal.png,03036.png
3037,https://www.vinatis.com/97631-fine_default/sauvignon-blanc-estate-2023-errazuriz.png,03037.png
3038,https://www.vinatis.com/97680-fine_default/cotes-du-roussillon-rouge-2023-chateau-de-l-ou.png,03038.png
3039,https://www.vinatis.com/99348-fine_default/cuvee-yl-blanc-2024-domaine-yves-leccia.png,03039.png
3040,https://www.vinatis.com/72609-fine_default/barbe-rac-2019-les-parcellaires-m-chapoutier.png,03040.png
3041,https://www.vinatis.com/48668-fine_default/parcellaire-vit-visitare-interiore-terrae-2019-domaine-de-bila-haut.png,03041.png
3042,https://www.vinatis.com/84671-fine_default/nuits-saint-georges-1er-cru-clos-de-thorey-monopole-2022-domaine-de-la-vougeraie.png,03042.png
3043,https://www.vinatis.com/85719-fine_default/cote-rotie-maison-rouge-2022-benjamin-et-david-duclaux.png,03043.png
3044,https://www.vinatis.com/86141-fine_default/cote-rotie-les-becasses-2022-m-chapoutier.png,03044.png
3045,https://www.vinatis.com/98229-fine_default/plaisir-rose-2024-chateau-des-ferrages.png,03045.png
3046,https://www.vinatis.com/93676-fine_default/cote-roannaise-oudan-2023-domaine-serol.png,03046.png
3047,https://www.vinatis.com/87306-fine_default/nuits-saint-georges-2017-louis-latour.png,03047.png
3048,https://www.vinatis.com/87185-fine_default/dry-mandolas-2021-oremus-vega-sicilia.png,03048.png
3049,https://www.vinatis.com/87660-fine_default/langhe-rossj-bass-2022-gaja.png,03049.png
3050,https://www.vinatis.com/87705-fine_default/la-mouline-2020-caisse-bois-e-guigal.png,03050.png
3051,https://www.vinatis.com/88448-fine_default/pouilly-fuisse-le-clos-des-quarts-monopole-2022-chateau-des-quarts.png,03051.png
3052,https://www.vinatis.com/94393-fine_default/puligny-montrachet-1er-cru-les-folatieres-2022-alain-chavy.png,03052.png
3053,https://www.vinatis.com/91805-fine_default/crozes-hermitage-les-hauts-du-fief-2020-cave-de-tain.png,03053.png
3054,https://www.vinatis.com/91830-fine_default/cailloutis-2022-domaine-des-landions.png,03054.png
3055,https://www.vinatis.com/92383-fine_default/classique-vallon-des-anges-rouge-2020-domaine-de-valdition.png,03055.png
3056,https://www.vinatis.com/92195-fine_default/dolcetto-d-alba-2023-elio-altare.png,03056.png
3057,https://www.vinatis.com/92196-fine_default/barbera-d-alba-2023-elio-altare.png,03057.png
3058,https://www.vinatis.com/92526-fine_default/saumur-blanc-clos-de-midi-2023-arnaud-lambert.png,03058.png
3059,https://www.vinatis.com/92828-fine_default/les-challeys-2023-delas.png,03059.png
3060,https://www.vinatis.com/92903-fine_default/chateau-carbonnieux-2023-cru-classe-de-graves.png,03060.png
3061,https://www.vinatis.com/92934-fine_default/pinot-noir-santa-barbara-2022-au-bon-climat.png,03061.png
3062,https://www.vinatis.com/93604-fine_default/chateau-dauzac-2022-5eme-cru-classe.png,03062.png
3063,https://www.vinatis.com/93630-fine_default/st-nicolas-de-bourgueil-les-malgagnes-2023-domaine-yannick-amirault.png,03063.png
3064,https://www.vinatis.com/94921-fine_default/les-clairette-de-gabriel-2022-chateau-de-vaudieu.png,03064.png
3065,https://www.vinatis.com/93797-fine_default/le-belletan-2022-clos-saint-vincent.png,03065.png
3066,https://www.vinatis.com/95690-fine_default/schiste-2023-domaine-des-ardoisieres.png,03066.png
3067,https://www.vinatis.com/93959-fine_default/riesling-grand-cru-2021-clos-saint-landelin-veronique-thomas-mure.png,03067.png
3068,https://www.vinatis.com/90951-fine_default/chateau-les-carmes-haut-brion-2021.png,03068.png
3069,https://www.vinatis.com/81260-fine_default/le-songe-d-eocene-2017-caisse-bois-chateau-capion.png,03069.png
3070,https://www.vinatis.com/78879-fine_default/aria-di-caiarossa-2019-caiarossa.png,03070.png
3071,https://www.vinatis.com/84501-fine_default/croix-de-bois-2020-les-parcellaires-m-chapoutier.png,03071.png
3072,https://www.vinatis.com/59782-fine_default/chateau-pontet-canet-2017-5eme-cru-classe.png,03072.png
3073,https://www.vinatis.com/93125-fine_default/chateau-la-fleur-petrus-2018.png,03073.png
3074,https://www.vinatis.com/69132-fine_default/reserve-de-la-comtesse-2019-second-vin-du-chateau-pichon-longueville-comtesse-de-lalande.png,03074.png
3075,https://www.vinatis.com/89103-fine_default/sancerre-rouge-la-croix-du-roy-2019-domaine-lucien-crochet.png,03075.png
3076,https://www.vinatis.com/89835-fine_default/sancerre-blanc-les-chailloux-2022-domaine-fouassier.png,03076.png
3077,https://www.vinatis.com/89800-fine_default/alsace-grand-cru-altenberg-de-bergheim-2018-marcel-deiss.png,03077.png
3078,https://www.vinatis.com/91313-fine_default/chateau-olivier-blanc-2020.png,03078.png
3079,https://www.vinatis.com/97806-fine_default/amethyste-2022-domaine-des-ardoisieres.png,03079.png
3080,https://www.vinatis.com/97867-fine_default/chanson-2023-stephane-montez-du-monteillet.png,03080.png
3081,https://www.vinatis.com/97899-fine_default/clos-maia-rouge-2023-clos-maia.png,03081.png
3082,https://www.vinatis.com/99944-fine_default/chateau-henri-bonnaud-rouge-2020.png,03082.png
3083,https://www.vinatis.com/97971-fine_default/chateau-de-fieuzal-2019-cru-classe-de-graves.png,03083.png
3084,https://www.vinatis.com/97994-fine_default/rouge-2020-chateau-la-mascaronne.png,03084.png
3085,https://www.vinatis.com/98183-fine_default/sancerre-blanc-2023-clement-florian-berthier.png,03085.png
3086,https://www.vinatis.com/98244-fine_default/meursault-vieilles-vignes-2023-pernot-belicard.png,03086.png
3087,https://www.vinatis.com/100413-fine_default/etoile-chardonnay-en-novalet-2023-domaine-rolet.png,03087.png
3088,https://www.vinatis.com/98362-fine_default/roussette-de-savoie-2024-anne-de-lusignan-domaine-de-l-idylle.png,03088.png
3089,https://www.vinatis.com/99648-fine_default/mercurey-simplement-2023-domaine-theulot-juillot.png,03089.png
3090,https://www.vinatis.com/98634-fine_default/chateau-d-yquem-2022-1er-cru-classe-superieur.png,03090.png
3091,https://www.vinatis.com/99625-fine_default/chateauneuf-du-pape-2022-chateau-jas-de-bressy-mousset-barrot.png,03091.png
3092,https://www.vinatis.com/99753-fine_default/les-deux-anges-rose-2024-chateau-lescarelle.png,03092.png
3093,https://www.vinatis.com/99304-fine_default/couronne-de-chabot-2021-yannick-alleno-michel-chapoutier.png,03093.png
3094,https://www.vinatis.com/100121-fine_default/aigue-marine-2023-domaine-des-ardoisieres.png,03094.png
3095,https://www.vinatis.com/100125-fine_default/erythrite-2023-domaine-des-ardoisieres.png,03095.png
3096,https://www.vinatis.com/99452-fine_default/chateau-des-ormeaux-2021.png,03096.png
3097,https://www.vinatis.com/99474-fine_default/chateau-lacaussade-saint-martin-trois-moulins-blanc-2023.png,03097.png
3098,https://www.vinatis.com/99503-fine_default/limoux-blanc-2022-domaine-de-mouscaillo.png,03098.png
3099,https://www.vinatis.com/99584-fine_default/champelrose-2023-domaine-courbis.png,03099.png
3100,https://www.vinatis.com/99603-fine_default/vigne-lourac-sauvignon-prestige-2024-vignobles-alain-gayrel.png,03100.png
3101,https://www.vinatis.com/99699-fine_default/riesling-roche-volcanique-2023-domaine-zind-humbrecht.png,03101.png
3102,https://www.vinatis.com/99781-fine_default/coteaux-du-giennois-rouge-2023-clement-florian-berthier.png,03102.png
3103,https://www.vinatis.com/99932-fine_default/domaine-de-terrebrune-rouge-2020.png,03103.png
3104,https://www.vinatis.com/100181-fine_default/pauillac-de-latour-2020.png,03104.png
3105,https://www.vinatis.com/100105-fine_default/saint-veran-2023-chateau-fuisse.png,03105.png
3106,https://www.vinatis.com/101003-fine_default/cremant-de-loire-demi-sec-de-chanceny.png,03106.png
3107,https://www.vinatis.com/100237-fine_default/zede-de-labegorce-2020-second-vin-du-chateau-labegorce.png,03107.png
3108,https://www.vinatis.com/100496-fine_default/petites-merveilles-2024-chateau-lagrezette.png,03108.png
3109,https://www.vinatis.com/100497-fine_default/fleurie-2023-jean-paul-brun-domaine-des-terres-dorees.png,03109.png
3110,https://www.vinatis.com/83822-fine_default/vires-de-serine-2020-remi-niero.png,03110.png
3111,https://www.vinatis.com/94521-fine_default/crozes-hermitage-blanc-2022-e-guigal.png,03111.png
3112,https://www.vinatis.com/91118-fine_default/milia-blanc-2023-clos-de-l-ours.png,03112.png
3113,https://www.vinatis.com/100043-fine_default/l-opaline-blanc-2024-pure-provence.png,03113.png
3114,https://www.vinatis.com/98673-fine_default/domaine-des-terres-blanches-rouge-2020.png,03114.png
3115,https://www.vinatis.com/98122-fine_default/cotes-du-jura-bas-de-la-chaux-2022-domaine-jean-luc-mouillard.png,03115.png
3116,https://www.vinatis.com/94593-fine_default/saint-joseph-2023-domaine-du-tunnel.png,03116.png
3117,https://www.vinatis.com/94796-fine_default/aleofane-2023-natacha-chave.png,03117.png
3118,https://www.vinatis.com/95168-fine_default/chorey-les-beaune-les-gourmandes-2023-aegerter.png,03118.png
3119,https://www.vinatis.com/95712-fine_default/entracte-2023-domaine-tariquet.png,03119.png
3120,https://www.vinatis.com/95358-fine_default/grande-cuvee-blanc-2023-domaine-de-l-hortus.png,03120.png
3121,https://www.vinatis.com/95600-fine_default/chateau-grand-ormeau-2020.png,03121.png
3122,https://www.vinatis.com/99136-fine_default/pic-saint-loup-2021-clos-des-reboussiers.png,03122.png
3123,https://www.vinatis.com/95757-fine_default/l-esquisse-2024-domaine-des-hauts-chassis.png,03123.png
3124,https://www.vinatis.com/95975-fine_default/le-miocene-2022-domaine-grand-veneur.png,03124.png
3125,https://www.vinatis.com/96846-fine_default/saint-veran-en-combe-2023-domaine-carrette.png,03125.png
3126,https://www.vinatis.com/98032-fine_default/blanc-2023-clos-poggiale.png,03126.png
3127,https://www.vinatis.com/97681-fine_default/lampe-de-meduse-rouge-2021-cru-classe-chateau-sainte-roseline.png,03127.png
3128,https://www.vinatis.com/96565-fine_default/la-vizcaina-la-del-vivo-2023-raul-perez-bodegas-y-vinedos.png,03128.png
3129,https://www.vinatis.com/96601-fine_default/puligny-montrachet-1er-cru-les-folatieres-2023-domaine-bzikot-pere-et-fils.png,03129.png
3130,https://www.vinatis.com/96630-fine_default/miraval-blanc-2024.png,03130.png
3131,https://www.vinatis.com/97266-fine_default/maranges-2022-domaine-regnaudot.png,03131.png
3132,https://www.vinatis.com/96905-fine_default/morgon-cote-du-py-2023-laurent-perrachon-fils.png,03132.png
3133,https://www.vinatis.com/97059-fine_default/saint-joseph-la-source-blanc-2023-ferraton-pere-fils.png,03133.png
3134,https://www.vinatis.com/97279-fine_default/l-o-de-la-vie-2023-domaine-anne-gros-et-jean-paul-tollot.png,03134.png
3135,https://www.vinatis.com/97366-fine_default/classique-blanc-2024-la-bargemone.png,03135.png
3136,https://www.vinatis.com/97833-fine_default/tradition-rouge-2021-domaine-la-suffrene.png,03136.png
3137,https://www.vinatis.com/97463-fine_default/pintia-2020-vega-sicilia.png,03137.png
3138,https://www.vinatis.com/100174-fine_default/silex-2022-terres-plurielles.png,03138.png
3139,https://www.vinatis.com/100196-fine_default/bellissime-rose-2024-alain-jaume.png,03139.png
3140,https://www.vinatis.com/96377-fine_default/bouzeron-clos-de-la-fortune-monopole-2023-maison-chanzy.png,03140.png
3141,https://www.vinatis.com/99225-fine_default/chateau-graves-de-pez-2021.png,03141.png
3142,https://www.vinatis.com/96096-fine_default/bordeaux-2020-chateau-turcaud.png,03142.png
3143,https://www.vinatis.com/70801-fine_default/chateau-leoville-las-cases-2003-2eme-cru-classe.png,03143.png
3144,https://www.vinatis.com/38217-fine_default/chateau-lafite-rothschild-2005-1er-cru-classe.png,03144.png
3145,https://www.vinatis.com/30368-fine_default/chateau-latour-2005-1er-cru-classe.png,03145.png
3146,https://www.vinatis.com/25816-fine_default/rivesaltes-grande-reserve-1979-vignobles-dom-brial.png,03146.png
3147,https://www.vinatis.com/38226-fine_default/rivesaltes-grande-reserve-1969-vignobles-dom-brial.png,03147.png
3148,https://www.vinatis.com/24359-fine_default/chateau-beychevelle-2010-4eme-cru-classe.png,03148.png
3149,https://www.vinatis.com/24350-fine_default/chateau-smith-haut-lafitte-2010-cru-classe-de-graves.png,03149.png
3150,https://www.vinatis.com/38937-fine_default/chateau-clinet-2010.png,03150.png
3151,https://www.vinatis.com/95550-fine_default/chateau-lafite-rothschild-2000-1er-cru-classe.png,03151.png
3152,https://www.vinatis.com/25462-fine_default/chateau-cheval-blanc-2010-saint-emilion-grand-cru-1er-grand-cru-classe-a.png,03152.png
3153,https://www.vinatis.com/43136-fine_default/pingus-2015-dominio-de-pingus.png,03153.png
3154,https://www.vinatis.com/48830-fine_default/vina-tondonia-gran-reserva-rouge-1995-lopez-de-heredia.png,03154.png
3155,https://www.vinatis.com/72851-fine_default/ermitage-le-pavillon-2019-les-parcellaires-m-chapoutier.png,03155.png
3156,https://www.vinatis.com/72966-fine_default/les-greffieux-2019-les-parcellaires-m-chapoutier.png,03156.png
3157,https://www.vinatis.com/72600-fine_default/le-clos-2019-les-parcellaires-m-chapoutier.png,03157.png
3158,https://www.vinatis.com/72855-fine_default/croix-de-bois-2019-les-parcellaires-m-chapoutier.png,03158.png
3159,https://www.vinatis.com/72604-fine_default/le-meal-blanc-2019-les-parcellaires-m-chapoutier.png,03159.png
3160,https://www.vinatis.com/72607-fine_default/de-l-oree-blanc-2019-les-parcellaires-m-chapoutier.png,03160.png
3161,https://www.vinatis.com/50968-fine_default/chateau-pichon-baron-de-longueville-2016-second-cru-classe.png,03161.png
3162,https://www.vinatis.com/51600-fine_default/las-flors-2eme-domaine-de-la-peira-en-damaisela.png,03162.png
3163,https://www.vinatis.com/51459-fine_default/chateau-canon-2010-1er-grand-cru-classe-b.png,03163.png
3164,https://www.vinatis.com/86608-fine_default/gewurztraminer-reserve-2017-domaine-trimbach.png,03164.png
3165,https://www.vinatis.com/85097-fine_default/runrig-shiraz-viognier-2020-torbreck.png,03165.png
3166,https://www.vinatis.com/85103-fine_default/mount-edelstone-shiraz-2018-henschke.png,03166.png
3167,https://www.vinatis.com/85746-fine_default/clos-des-tourelles-2021-famille-perrin.png,03167.png
3168,https://www.vinatis.com/85886-fine_default/cuvee-emilie-2023-domaine-des-remizieres.png,03168.png
3169,https://www.vinatis.com/85998-fine_default/chambolle-musigny-2022-stephane-brocard.png,03169.png
3170,https://www.vinatis.com/86391-fine_default/meursault-clos-des-luchets-2022-domaine-christophe-diconne.png,03170.png
3171,https://www.vinatis.com/86406-fine_default/chambolle-musigny-1er-cru-les-noirots-2022-domaine-roblot-marchand-fils.png,03171.png
3172,https://www.vinatis.com/86411-fine_default/riesling-dellchen-trocken-gg-2023-donnhoff.png,03172.png
3173,https://www.vinatis.com/93065-fine_default/massetino-2021-second-vin-de-masseto.png,03173.png
3174,https://www.vinatis.com/86506-fine_default/solaia-2020-antinori.png,03174.png
3175,https://www.vinatis.com/93453-fine_default/cote-roannaise-perdriziere-2023-domaine-serol.png,03175.png
3176,https://www.vinatis.com/86561-fine_default/inspiration-marine-2021-clos-saint-sebastien.png,03176.png
3177,https://www.vinatis.com/86825-fine_default/aromes-de-pavie-2020-second-vin-du-chateau-pavie.png,03177.png
3178,https://www.vinatis.com/87138-fine_default/vina-bosconia-gran-reserva-rouge-2004-lopez-de-heredia.png,03178.png
3179,https://www.vinatis.com/100079-fine_default/sancerre-blanc-le-chene-marchand-2023-pascal-jolivet.png,03179.png
3180,https://www.vinatis.com/87263-fine_default/moulin-a-vent-tradition-2022-cave-du-chateau-de-chenas.png,03180.png
3181,https://www.vinatis.com/87502-fine_default/cotes-du-jura-chardonnay-vigne-des-voises-2022-jean-rijckaert.png,03181.png
3182,https://www.vinatis.com/87643-fine_default/corton-charlemagne-grand-cru-2022-domaine-chevalier-pere-et-fils.png,03182.png
3183,https://www.vinatis.com/87704-fine_default/la-turque-2020-caisse-bois-e-guigal.png,03183.png
3184,https://www.vinatis.com/87706-fine_default/la-landonne-2020-caisse-bois-e-guigal.png,03184.png
3185,https://www.vinatis.com/87716-fine_default/rozier-2022-christophe-pichon.png,03185.png
3186,https://www.vinatis.com/87729-fine_default/chateau-citran-2020.png,03186.png
3187,https://www.vinatis.com/87732-fine_default/chateau-la-cabanne-2020.png,03187.png
3188,https://www.vinatis.com/88643-fine_default/chateau-nenin-2020.png,03188.png
3189,https://www.vinatis.com/87813-fine_default/saint-joseph-blanc-nobles-rives-2022-cave-de-tain.png,03189.png
3190,https://www.vinatis.com/89565-fine_default/chambolle-musigny-2021-domaine-roux-pere-et-fils.png,03190.png
3191,https://www.vinatis.com/88317-fine_default/vina-tondonia-gran-reserva-rouge-2004-lopez-de-heredia.png,03191.png
3192,https://www.vinatis.com/93174-fine_default/riesling-le-clos-sand-2023-domaine-barmes-buecher.png,03192.png
3193,https://www.vinatis.com/88663-fine_default/saint-romain-blanc-sous-le-chateau-2022-domaine-henri-et-gilles-buisson.png,03193.png
3194,https://www.vinatis.com/88800-fine_default/lieu-dit-vernon-2022-yves-cuilleron.png,03194.png
3195,https://www.vinatis.com/88915-fine_default/touraine-rouge-clef-de-sol-rouge-2022-domaine-la-grange-tiphaine.png,03195.png
3196,https://www.vinatis.com/74215-fine_default/brunello-di-montalcino-2018-podere-giodo.png,03196.png
3197,https://www.vinatis.com/73347-fine_default/vinedo-chadwick-2020.png,03197.png
3198,https://www.vinatis.com/70955-fine_default/siepi-2020-mazzei.png,03198.png
3199,https://www.vinatis.com/71105-fine_default/chateau-leoville-barton-2005-second-cru-classe.png,03199.png
3200,https://www.vinatis.com/71330-fine_default/hommage-a-jacques-perrin-2020-chateau-de-beaucastel-caisse-bois.png,03200.png
3201,https://www.vinatis.com/71587-fine_default/chateau-leoville-las-cases-2021-2nd-cru-classe.png,03201.png
3202,https://www.vinatis.com/92506-fine_default/chateau-rauzan-segla-2021-2nd-cru-classe.png,03202.png
3203,https://www.vinatis.com/88543-fine_default/bourgogne-cote-d-or-tete-de-cuvee-2021-assemblage-des-grands-crus-domaine-philippe-charlopin.png,03203.png
3204,https://www.vinatis.com/94381-fine_default/chambertin-clos-de-beze-grand-cru-2020-domaine-bruno-clair.png,03204.png
3205,https://www.vinatis.com/72493-fine_default/chateau-cos-d-estournel-2019-2nd-cru-classe.png,03205.png
3206,https://www.vinatis.com/72498-fine_default/finca-piedra-infinita-supercal-malbec-2018-familia-zuccardi.png,03206.png
3207,https://www.vinatis.com/72520-fine_default/dominus-estate-2019.png,03207.png
3208,https://www.vinatis.com/72820-fine_default/chateau-smith-haut-lafitte-2014-cru-classe-de-graves.png,03208.png
3209,https://www.vinatis.com/73096-fine_default/clos-d-ora-2020-gerard-bertrand.png,03209.png
3210,https://www.vinatis.com/75142-fine_default/belles-soeurs-2019-the-beaux-freres-vineyard.png,03210.png
3211,https://www.vinatis.com/76430-fine_default/riesling-wehlener-sonnenuhr-auslese-wc-2020-markus-molitor.png,03211.png
3212,https://www.vinatis.com/74522-fine_default/alberelli-di-giodo-carricante-2021-giodo.png,03212.png
3213,https://www.vinatis.com/74542-fine_default/les-trois-marie-2016-thunevin-calvet.png,03213.png
3214,https://www.vinatis.com/75195-fine_default/corton-grand-cru-2017-joseph-drouhin.png,03214.png
3215,https://www.vinatis.com/75854-fine_default/chateau-ausone-2021-1er-grand-cru-classe-a.png,03215.png
3216,https://www.vinatis.com/77326-fine_default/corton-grand-cru-renardes-2018-bourgogne-devaux.png,03216.png
3217,https://www.vinatis.com/76231-fine_default/biserno-2019-tenuta-di-biserno.png,03217.png
3218,https://www.vinatis.com/81835-fine_default/blanc-2020-les-reboussiers.png,03218.png
3219,https://www.vinatis.com/78155-fine_default/vougeot-1er-cru-2019-closerie-des-alisiers.png,03219.png
3220,https://www.vinatis.com/77179-fine_default/finca-piedra-infinita-gravascal-malbec-2019-familia-zuccardi.png,03220.png
3221,https://www.vinatis.com/82669-fine_default/cote-rotie-les-rochins-2021-famille-garon.png,03221.png
3222,https://www.vinatis.com/77570-fine_default/sancerre-blanc-constellation-du-scorpion-2022-vincent-gaudry.png,03222.png
3223,https://www.vinatis.com/101167-fine_default/moulin-de-la-lagune-2019-second-vin-du-chateau-la-lagune.png,03223.png
3224,https://www.vinatis.com/77795-fine_default/domaine-de-l-ecrivain-2019.png,03224.png
3225,https://www.vinatis.com/78159-fine_default/le-petit-mouton-2020-second-vin-du-chateau-mouton-rothschild.png,03225.png
3226,https://www.vinatis.com/78442-fine_default/ao-yun-2019-domaine-ao-yun.png,03226.png
3227,https://www.vinatis.com/78591-fine_default/dame-honneur-2019-chateau-lagrezette.png,03227.png
3228,https://www.vinatis.com/79187-fine_default/chardonnay-santa-rita-hills-2021-brewer-clifton.png,03228.png
3229,https://www.vinatis.com/98161-fine_default/riesling-lieu-dit-berg-2022-schieferkopf-par-m-chapoutier.png,03229.png
3230,https://www.vinatis.com/98165-fine_default/saddleback-2022-domaine-terlato-et-m-chapoutier.png,03230.png
3231,https://www.vinatis.com/78972-fine_default/pinot-noir-2020-las-pizarras-errazuriz.png,03231.png
3232,https://www.vinatis.com/79069-fine_default/vieilles-vignes-rouge-2022-domaine-du-clos-des-fees.png,03232.png
3233,https://www.vinatis.com/92942-fine_default/gran-reserva-890-2005-la-rioja-alta.png,03233.png
3234,https://www.vinatis.com/79391-fine_default/branco-santa-cruz-2020-ladeiras-do-xil-telmo-rodriguez.png,03234.png
3235,https://www.vinatis.com/79554-fine_default/fleurie-les-labourons-2023-christophe-pacalet.png,03235.png
3236,https://www.vinatis.com/81164-fine_default/chateau-le-chatelet-2019.png,03236.png
3237,https://www.vinatis.com/81451-fine_default/meursault-les-clous-2021-vincent-girardin.png,03237.png
3238,https://www.vinatis.com/81489-fine_default/chinon-rouge-vieilles-vignes-2021-domaine-philippe-alliet.png,03238.png
3239,https://www.vinatis.com/81518-fine_default/les-forts-de-latour-2017-second-vin-du-chateau-latour.png,03239.png
3240,https://www.vinatis.com/81825-fine_default/echezeaux-2021-domaine-roblot-marchand.png,03240.png
3241,https://www.vinatis.com/81855-fine_default/chateau-branaire-ducru-2022-4eme-cru-classe.png,03241.png
3242,https://www.vinatis.com/99769-fine_default/chateau-chasse-spleen-2022.png,03242.png
3243,https://www.vinatis.com/81868-fine_default/chateau-montrose-2022-second-cru-classe.png,03243.png
3244,https://www.vinatis.com/99768-fine_default/chateau-rauzan-segla-2022-2eme-cru-classe.png,03244.png
3245,https://www.vinatis.com/99759-fine_default/chateau-talbot-2022-4eme-cru-classe.png,03245.png
3246,https://www.vinatis.com/81882-fine_default/chateau-duhart-milon-2022-4eme-cru-classe.png,03246.png
3247,https://www.vinatis.com/81889-fine_default/chateau-lagrange-2022-3eme-cru-classe.png,03247.png
3248,https://www.vinatis.com/89235-fine_default/gevrey-chambertin-2021-a-f-gros.png,03248.png
3249,https://www.vinatis.com/94144-fine_default/clos-de-vougeot-grand-cru-2021-a-f-gros.png,03249.png
3250,https://www.vinatis.com/89529-fine_default/le-soula-blanc-2018-domaine-le-soula.png,03250.png
3251,https://www.vinatis.com/89555-fine_default/le-soula-rouge-2021-domaine-le-soula.png,03251.png
3252,https://www.vinatis.com/89663-fine_default/chambolle-musigny-2022-jean-claude-boisset.png,03252.png
3253,https://www.vinatis.com/89780-fine_default/les-bastides-d-alquier-2021-domaine-bardi-d-alquier.png,03253.png
3254,https://www.vinatis.com/89797-fine_default/le-pinot-2023-mas-d-espanet.png,03254.png
3255,https://www.vinatis.com/89880-fine_default/altamira-nicasia-vineyard-malbec-2020-catena-zapata.png,03255.png
3256,https://www.vinatis.com/89889-fine_default/voski-2022-zorah.png,03256.png
3257,https://www.vinatis.com/89926-fine_default/volnay-1er-cru-robardelle-2022-nicolas-potel.png,03257.png
3258,https://www.vinatis.com/90122-fine_default/maranges-1er-cru-les-clos-roussots-2022-domaine-claude-nouveau.png,03258.png
3259,https://www.vinatis.com/90034-fine_default/sancerre-blanc-nuance-2023-vincent-pinard.png,03259.png
3260,https://www.vinatis.com/90138-fine_default/riesling-niederhauser-hermannshohle-spatlese-2023-donnhoff.png,03260.png
3261,https://www.vinatis.com/90273-fine_default/chateau-de-come-2020-cru-bourgeois-superieur.png,03261.png
3262,https://www.vinatis.com/92759-fine_default/closerie-saint-roc-2019.png,03262.png
3263,https://www.vinatis.com/90605-fine_default/chignin-mondeuse-voie-royale-2023-domaine-du-coteau-de-tormery-guillaume-quenard.png,03263.png
3264,https://www.vinatis.com/90691-fine_default/bourgueil-le-cerf-2023-clement-florian-berthier.png,03264.png
3265,https://www.vinatis.com/90824-fine_default/chateau-l-eglise-clinet-2021.png,03265.png
3266,https://www.vinatis.com/90841-fine_default/chateau-palmer-2021-3eme-cru-classe.png,03266.png
3267,https://www.vinatis.com/90908-fine_default/zeltinger-sonnenuhr-spatlese-2022-joh-jos-prum.png,03267.png
3268,https://www.vinatis.com/90910-fine_default/graacher-himmelreich-auslese-2022-joh-jos-prum.png,03268.png
3269,https://www.vinatis.com/90968-fine_default/bernkasteler-badstube-kabinett-2022-joh-jos-prum.png,03269.png
3270,https://www.vinatis.com/91143-fine_default/clos-de-vougeot-grand-cru-2021-denis-mortet.png,03270.png
3271,https://www.vinatis.com/91156-fine_default/chateauneuf-du-pape-blanc-boisrenard-2021-domaine-beaurenard.png,03271.png
3272,https://www.vinatis.com/91179-fine_default/chateau-pavie-2018-1er-grand-cru-classe-a.png,03272.png
3273,https://www.vinatis.com/91240-fine_default/serie-a-malbec-2023-familia-zuccardi.png,03273.png
3274,https://www.vinatis.com/91269-fine_default/chardonnay-menfi-2023-planeta.png,03274.png
3275,https://www.vinatis.com/91317-fine_default/clos-des-cistes-2014-domaine-peyre-rose.png,03275.png
3276,https://www.vinatis.com/91337-fine_default/riesling-haus-klosterberg-wc-2022-markus-molitor.png,03276.png
3277,https://www.vinatis.com/91338-fine_default/riesling-auslese-zeltinger-sonnenuhr-wc-2021-markus-molitor.png,03277.png
3278,https://www.vinatis.com/91358-fine_default/brunello-di-montalcino-tenuta-nuova-2019-casanova-di-neri.png,03278.png
3279,https://www.vinatis.com/91569-fine_default/blanc-de-noir-2022-domaine-des-diables.png,03279.png
3280,https://www.vinatis.com/92022-fine_default/contino-vina-del-olivo-2021-cvne.png,03280.png
3281,https://www.vinatis.com/91560-fine_default/bourgogne-cote-d-or-2022-domaine-pernot-belicard.png,03281.png
3282,https://www.vinatis.com/92380-fine_default/puligny-montrachet-composition-parcellaire-2022-domaine-pernot-belicard.png,03282.png
3283,https://www.vinatis.com/91563-fine_default/puligny-montrachet-1er-cru-perrieres-2022-pernot-belicard.png,03283.png
3284,https://www.vinatis.com/91564-fine_default/puligny-montrachet-1er-cru-champ-canet-2022-pernot-belicard.png,03284.png
3285,https://www.vinatis.com/98017-fine_default/love-by-leoube-rouge-2024.png,03285.png
3286,https://www.vinatis.com/97748-fine_default/barolo-via-nuova-2021-e-pira-e-figli-chiara-boschis.png,03286.png
3287,https://www.vinatis.com/97764-fine_default/marmotte-blanc-2024-cave-de-cruet.png,03287.png
3288,https://www.vinatis.com/97830-fine_default/lugana-2024-serena-1881.png,03288.png
3289,https://www.vinatis.com/98433-fine_default/fixin-crais-de-chene-2022-chateau-de-marsannay.png,03289.png
3290,https://www.vinatis.com/98435-fine_default/bourgogne-pinot-beurot-2022-chateau-de-marsannay.png,03290.png
3291,https://www.vinatis.com/98672-fine_default/santenay-rouge-les-terrons-2022-domaine-roux-pere-et-fils.png,03291.png
3292,https://www.vinatis.com/97870-fine_default/fleur-de-crussol-2023-domaine-alain-voge.png,03292.png
3293,https://www.vinatis.com/100553-fine_default/chateau-romassan-les-preludes-2022-domaines-ott.png,03293.png
3294,https://www.vinatis.com/98437-fine_default/fixin-2021-albert-bichot.png,03294.png
3295,https://www.vinatis.com/98030-fine_default/vinha-pan-2020-luis-pato.png,03295.png
3296,https://www.vinatis.com/98054-fine_default/corton-renardes-grand-cru-2020-domaine-maillard-pere-fils.png,03296.png
3297,https://www.vinatis.com/98071-fine_default/cuvee-rose-marie-2023-le-puy.png,03297.png
3298,https://www.vinatis.com/98095-fine_default/meursault-vieilles-vignes-2024-closerie-des-alisiers.png,03298.png
3299,https://www.vinatis.com/98115-fine_default/granito-2022-pegaso-telmo-rodriguez.png,03299.png
3300,https://www.vinatis.com/98246-fine_default/san-lazaro-2021-artadi.png,03300.png
3301,https://www.vinatis.com/98247-fine_default/vina-el-pison-2021-artadi.png,03301.png
3302,https://www.vinatis.com/98206-fine_default/maison-castel-cote-rotie-2022-chapitre-vi-les-sommets-de-la-patience-series-limitees.png,03302.png
3303,https://www.vinatis.com/98227-fine_default/vino-de-vinedo-los-parientes-chardonnay-2023-baettig.png,03303.png
3304,https://www.vinatis.com/98231-fine_default/bourgogne-aligote-2023-domaine-pernot-belicard.png,03304.png
3305,https://www.vinatis.com/98333-fine_default/barbera-d-alba-superiore-2023-fontanabianca.png,03305.png
3306,https://www.vinatis.com/98355-fine_default/arbois-trousseau-marnes-rouges-2023-caveau-de-bacchus.png,03306.png
3307,https://www.vinatis.com/98361-fine_default/le-loriot-2024-domaine-mirabel.png,03307.png
3308,https://www.vinatis.com/98394-fine_default/l-olivette-2023-clos-marie.png,03308.png
3309,https://www.vinatis.com/99649-fine_default/mercurey-1er-cru-blanc-la-cailloute-2023-domaine-theulot-juillot.png,03309.png
3310,https://www.vinatis.com/98472-fine_default/mercurey-1er-cru-les-combins-2022-domaine-theulot-juillot.png,03310.png
3311,https://www.vinatis.com/98473-fine_default/secateurs-red-blend-2023-aa-badenhorst-family-wines.png,03311.png
3312,https://www.vinatis.com/101002-fine_default/chinon-rouge-les-blancs-manteaux-2022-domaine-de-la-noblaie.png,03312.png
3313,https://www.vinatis.com/98637-fine_default/clos-maia-blanc-2023-clos-maia.png,03313.png
3314,https://www.vinatis.com/98638-fine_default/cote-de-brouilly-2023-christophe-pacalet.png,03314.png
3315,https://www.vinatis.com/98645-fine_default/l-estil-cuvee-des-gardians-grain-de-gris-bio-2024.png,03315.png
3316,https://www.vinatis.com/98647-fine_default/nuit-saint-georges-1er-cru-les-chaboeufs-2017-maison-patriarche.png,03316.png
3317,https://www.vinatis.com/98815-fine_default/musar-jeune-blanc-2022-chateau-musar.png,03317.png
3318,https://www.vinatis.com/99855-fine_default/chateauneuf-du-pape-blanc-2024-domaine-de-la-janasse.png,03318.png
3319,https://www.vinatis.com/99048-fine_default/riesling-wehlener-sonnenuhr-trocken-grosse-lage-alte-reben-2023-dr-loosen.png,03319.png
3320,https://www.vinatis.com/98954-fine_default/ried-steinmassl-riesling-1otw-2022-weingut-loimer.png,03320.png
3321,https://www.vinatis.com/98995-fine_default/apremont-en-altitude-2024-maison-adrien-vacher.png,03321.png
3322,https://www.vinatis.com/99001-fine_default/meursault-la-barre-dessus-clos-marguerite-2018-domaine-caillot.png,03322.png
3323,https://www.vinatis.com/99009-fine_default/puligny-montrachet-1er-cru-clavoillon-2023-alain-chavy.png,03323.png
3324,https://www.vinatis.com/99028-fine_default/beaune-1er-cru-greves-2020-domaine-jacques-prieur.png,03324.png
3325,https://www.vinatis.com/99991-fine_default/beaune-1er-cru-champs-pimont-2020-domaine-jacques-prieur.png,03325.png
3326,https://www.vinatis.com/99196-fine_default/arcane-blanc-2023-fosse-seche.png,03326.png
3327,https://www.vinatis.com/99325-fine_default/barbin-2024-adrien-berlioz.png,03327.png
3328,https://www.vinatis.com/99241-fine_default/sanguette-2024-adrien-berlioz.png,03328.png
3329,https://www.vinatis.com/100378-fine_default/argile-rouge-2024-domaine-des-ardoisieres.png,03329.png
3330,https://www.vinatis.com/99276-fine_default/chateau-haut-selve-2020.png,03330.png
3331,https://www.vinatis.com/99277-fine_default/gravis-rouge-2022-camp-del-mas.png,03331.png
3332,https://www.vinatis.com/99333-fine_default/les-tanneurs-2023-m-chapoutier.png,03332.png
3333,https://www.vinatis.com/99938-fine_default/nuits-saint-georges-1er-cru-clos-des-argilieres-2022-chateau-de-premeaux.png,03333.png
3334,https://www.vinatis.com/99644-fine_default/chant-des-dolia-blanc-2022-la-croix-gratiot.png,03334.png
3335,https://www.vinatis.com/99702-fine_default/waimaunga-single-vineyard-pinot-noir-2023-clos-henri-vineyard.png,03335.png
3336,https://www.vinatis.com/99707-fine_default/st-nicolas-de-bourgueil-les-coutures-2021-frederic-mabileau.png,03336.png
3337,https://www.vinatis.com/99863-fine_default/pouilly-fume-argiles-a-silex-2024-tracy-cie.png,03337.png
3338,https://www.vinatis.com/99745-fine_default/shay-s-flat-vineyard-2016-shiraz-domaine-tournon-by-m-chapoutier.png,03338.png
3339,https://www.vinatis.com/99780-fine_default/riesling-grand-cru-schlossberg-2021-domaine-trimbach.png,03339.png
3340,https://www.vinatis.com/100765-fine_default/chateau-clos-fontaine-2022.png,03340.png
3341,https://www.vinatis.com/64779-fine_default/le-pavillon-2018-les-parcellaires-m-chapoutier.png,03341.png
3342,https://www.vinatis.com/55030-fine_default/chateau-canon-la-gaffeliere-2018-1er-grand-cru-classe-b.png,03342.png
3343,https://www.vinatis.com/84490-fine_default/ermitage-le-pavillon-2020-les-parcellaires-m-chapoutier.png,03343.png
3344,https://www.vinatis.com/84491-fine_default/les-greffieux-2020-les-parcellaires-m-chapoutier.png,03344.png
3345,https://www.vinatis.com/84492-fine_default/la-mordoree-2020-les-parcellaires-m-chapoutier.png,03345.png
3346,https://www.vinatis.com/84493-fine_default/barbe-rac-2020-les-parcellaires-m-chapoutier.png,03346.png
3347,https://www.vinatis.com/84494-fine_default/le-meal-blanc-2020-les-parcellaires-m-chapoutier.png,03347.png
3348,https://www.vinatis.com/55647-fine_default/parcellaire-vit-visitare-interiore-terrae-2020-domaine-de-bila-haut.png,03348.png
3349,https://www.vinatis.com/95558-fine_default/collection-chateau-mouton-rothschild-1980-2015-1er-cru-classe.png,03349.png
3350,https://www.vinatis.com/58936-fine_default/chateau-tertre-roteboeuf-2020.png,03350.png
3351,https://www.vinatis.com/59765-fine_default/le-petit-mouton-2016-second-vin-du-chateau-mouton-rothschild.png,03351.png
3352,https://www.vinatis.com/59766-fine_default/chateau-haut-bailly-2017-cru-classe-de-graves.png,03352.png
3353,https://www.vinatis.com/82010-fine_default/chateau-pavie-2010-1er-grand-cru-classe-b.png,03353.png
3354,https://www.vinatis.com/61877-fine_default/chateau-figeac-2018-1er-grand-cru-classe-b.png,03354.png
3355,https://www.vinatis.com/92097-fine_default/ermitage-de-l-oree-2021-les-parcellaires-m-chapoutier.png,03355.png
3356,https://www.vinatis.com/92098-fine_default/le-clos-2021-les-parcellaires-m-chapoutier.png,03356.png
3357,https://www.vinatis.com/92100-fine_default/la-mordoree-2021-les-parcellaires-m-chapoutier.png,03357.png
3358,https://www.vinatis.com/92094-fine_default/neve-2021-les-parcellaires-m-chapoutier.png,03358.png
3359,https://www.vinatis.com/92101-fine_default/l-ermite-rouge-2021-les-parcellaires-michel-chapoutier.png,03359.png
3360,https://www.vinatis.com/68618-fine_default/chateau-la-mission-haut-brion-2017-cru-classe-de-graves.png,03360.png
3361,https://www.vinatis.com/69131-fine_default/chateau-figeac-2019-1er-grand-cru-classe-b.png,03361.png
3362,https://www.vinatis.com/69582-fine_default/chateau-montrose-2021-2nd-cru-classe.png,03362.png
3363,https://www.vinatis.com/70438-fine_default/chateau-palmer-2017-3eme-cru-classe.png,03363.png
3364,https://www.vinatis.com/98605-fine_default/domaine-de-cambes-2021.png,03364.png
3365,https://www.vinatis.com/82238-fine_default/cathiard-vineyard-rouge-2020-cathiard-family-estate.png,03365.png
3366,https://www.vinatis.com/82357-fine_default/chateau-tertre-roteboeuf-2022.png,03366.png
3367,https://www.vinatis.com/99758-fine_default/domaine-de-cambes-2022.png,03367.png
3368,https://www.vinatis.com/82378-fine_default/chateau-cantemerle-2022-5eme-cru-classe.png,03368.png
3369,https://www.vinatis.com/82384-fine_default/chateau-lynch-bages-2022-5eme-cru-classe.png,03369.png
3370,https://www.vinatis.com/82514-fine_default/corton-bressandes-grand-cru-2021-domaine-poisot.png,03370.png
3371,https://www.vinatis.com/82893-fine_default/brouilly-lieu-dit-la-chaize-monopole-2023-chateau-de-la-chaize.png,03371.png
3372,https://www.vinatis.com/82908-fine_default/cuvee-christophe-2023-domaine-des-remizieres.png,03372.png
3373,https://www.vinatis.com/83270-fine_default/le-petit-cheval-blanc-2021.png,03373.png
3374,https://www.vinatis.com/85011-fine_default/clos-vougeot-grand-cru-2016-bouchard-pere-et-fils.png,03374.png
3375,https://www.vinatis.com/83471-fine_default/cabernet-sauvignon-2021-joseph-phelps.png,03375.png
3376,https://www.vinatis.com/83563-fine_default/scharzofberger-spatlese-2021-domaine-egon-muller.png,03376.png
3377,https://www.vinatis.com/83589-fine_default/les-bessards-2019-delas.png,03377.png
3378,https://www.vinatis.com/83829-fine_default/bin-707-cabernet-sauvignon-2021-penfolds.png,03378.png
3379,https://www.vinatis.com/86994-fine_default/grange-2019-penfolds.png,03379.png
3380,https://www.vinatis.com/83887-fine_default/les-origines-2021-domaine-grand-veneur.png,03380.png
3381,https://www.vinatis.com/84213-fine_default/clos-de-vougeot-grand-cru-2020-maison-edouard-delaunay.png,03381.png
3382,https://www.vinatis.com/84574-fine_default/monte-bello-2020-ridge-vineyard.png,03382.png
3383,https://www.vinatis.com/100116-fine_default/les-hauts-de-carol-s-2022-domaine-la-terrasse-d-elise.png,03383.png
3384,https://www.vinatis.com/99879-fine_default/gros-plant-l-invincible-2024-domaine-petiteau.png,03384.png
3385,https://www.vinatis.com/100653-fine_default/domaine-de-terrebrune-blanc-2023.png,03385.png
3386,https://www.vinatis.com/99967-fine_default/pouilly-fume-les-duchesses-2024-domaine-laporte.png,03386.png
3387,https://www.vinatis.com/100683-fine_default/pouilly-fuisse-1er-cru-climat-au-vignerais-zen-2023-la-soufrandiere.png,03387.png
3388,https://www.vinatis.com/100205-fine_default/persia-blanc-2024-domaine-de-fondreche.png,03388.png
3389,https://www.vinatis.com/100664-fine_default/terre-de-safres-blanc-2023-domaine-le-novi.png,03389.png
3390,https://www.vinatis.com/100629-fine_default/terre-de-safres-rouge-2023-domaine-le-novi.png,03390.png
3391,https://www.vinatis.com/101177-fine_default/lea-rouge-2022-clos-landry.png,03391.png
3392,https://www.vinatis.com/101176-fine_default/roche-mer-blanc-2023-clos-landry.png,03392.png
3393,https://www.vinatis.com/100270-fine_default/clarendelle-medoc-2022-inspire-par-notre-heritage.png,03393.png
3394,https://www.vinatis.com/100297-fine_default/chateau-tour-sieujean-2017.png,03394.png
3395,https://www.vinatis.com/100631-fine_default/sabina-rouge-2023-clos-del-rey.png,03395.png
3396,https://www.vinatis.com/100357-fine_default/gros-manseng-petit-manseng-2024-domaine-laffitte.png,03396.png
3397,https://www.vinatis.com/100663-fine_default/pure-velvet-2022-sieur-d-arques.png,03397.png
3398,https://www.vinatis.com/100382-fine_default/brouilly-2023-chateau-cambon.png,03398.png
3399,https://www.vinatis.com/img/p/ghost-fine_default.jpg,03399.png
3400,https://www.vinatis.com/101151-fine_default/marsannay-blanc-cuvee-saint-urbain-2020-jean-fournier.png,03400.png
3401,https://www.vinatis.com/100471-fine_default/chardonnay-2023-lapis-luna.png,03401.png
3402,https://www.vinatis.com/100658-fine_default/cote-rotie-la-vialliere-2022-domaine-de-bonserine.png,03402.png
3403,https://www.vinatis.com/100633-fine_default/saint-joseph-2023-yann-chave.png,03403.png
3404,https://www.vinatis.com/100487-fine_default/marsannay-les-longeroies-2021-jean-fournier.png,03404.png
3405,https://www.vinatis.com/101007-fine_default/vezelay-blanc-2022-closerie-des-alisiers.png,03405.png
3406,https://www.vinatis.com/100539-fine_default/pouilly-fume-2024-domaine-raimbault-pineau.png,03406.png
3407,https://www.vinatis.com/100623-fine_default/chateau-galoupet-2024-cru-classe-rose.png,03407.png
3408,https://www.vinatis.com/101018-fine_default/perles-ivoire-2024-domaine-jean-esprit.png,03408.png
3409,https://www.vinatis.com/101024-fine_default/argentella-rose-2024-prince-pierre-napoleon-bonaparte.png,03409.png
3410,https://www.vinatis.com/101025-fine_default/argentella-rouge-2023-chateau-prince-pierre-napoleon-bonaparte.png,03410.png
3411,https://www.vinatis.com/91601-fine_default/real-de-asua-2020-cvne.png,03411.png
3412,https://www.vinatis.com/91712-fine_default/paresse-terrasses-du-larzac-2022-guillaume-gangloff.png,03412.png
3413,https://www.vinatis.com/91791-fine_default/chassagne-montrachet-1er-cru-morgeot-2022-jean-claude-boisset.png,03413.png
3414,https://www.vinatis.com/91964-fine_default/puligny-montrachet-1er-cru-la-garenne-2022-louis-jadot.png,03414.png
3415,https://www.vinatis.com/92010-fine_default/gevrey-chambertin-2022-maison-albert-bichot.png,03415.png
3416,https://www.vinatis.com/92014-fine_default/chablis-grand-cru-blanchots-2022-domaine-long-depaquit-maison-albert-bichot.png,03416.png
3417,https://www.vinatis.com/94397-fine_default/chambertin-clos-de-beze-grand-cru-2022-domaine-bruno-clair.png,03417.png
3418,https://www.vinatis.com/92197-fine_default/barolo-2020-elio-altare.png,03418.png
3419,https://www.vinatis.com/94147-fine_default/charmes-chambertin-grand-cru-2022-jean-claude-boisset.png,03419.png
3420,https://www.vinatis.com/92949-fine_default/chateau-belair-monange-2018.png,03420.png
3421,https://www.vinatis.com/94125-fine_default/savigny-les-beaune-1er-cru-les-peuillets-2022-jean-claude-boisset.png,03421.png
3422,https://www.vinatis.com/92322-fine_default/nuits-saint-georges-1er-cru-aux-chaignots-2022-jean-claude-boisset.png,03422.png
3423,https://www.vinatis.com/92398-fine_default/vosne-romanee-2021-joseph-drouhin.png,03423.png
3424,https://www.vinatis.com/92553-fine_default/promesse-2022-christophe-pichon.png,03424.png
3425,https://www.vinatis.com/92628-fine_default/cote-roannaise-chez-coste-2023-domaine-serol.png,03425.png
3426,https://www.vinatis.com/97931-fine_default/chateau-de-beaucastel-blanc-2023.png,03426.png
3427,https://www.vinatis.com/92696-fine_default/domaine-les-grands-bois-marc-2022.png,03427.png
3428,https://www.vinatis.com/92814-fine_default/chevalier-montrachet-grand-cru-les-demoiselles-2018-louis-latour.png,03428.png
3429,https://www.vinatis.com/92881-fine_default/grand-mere-pinot-noir-2022-domaine-nico.png,03429.png
3430,https://www.vinatis.com/92886-fine_default/grand-pere-pinot-noir-2022-domaine-nico.png,03430.png
3431,https://www.vinatis.com/92895-fine_default/caiarossa-2020.png,03431.png
3432,https://www.vinatis.com/92905-fine_default/ultreia-la-claudina-2022-raul-perez-bodegas-y-vinedos.png,03432.png
3433,https://www.vinatis.com/92957-fine_default/la-condenada-tinto-2022-bodegas-y-vinedos-artuke.png,03433.png
3434,https://www.vinatis.com/92963-fine_default/les-choregies-2020-l-oratoire-des-papes.png,03434.png
3435,https://www.vinatis.com/93334-fine_default/m-30-brut-nature-non-dose-blanquette-de-limoux-domaine-antech.png,03435.png
3436,https://www.vinatis.com/93028-fine_default/meursault-1er-cru-les-boucheres-2022-domaine-genot-boulanger.png,03436.png
3437,https://www.vinatis.com/93108-fine_default/estate-red-2021-klein-constantia.png,03437.png
3438,https://www.vinatis.com/93152-fine_default/chignin-bergeron-grand-orgue-2017-domaine-louis-magnin.png,03438.png
3439,https://www.vinatis.com/93175-fine_default/arabesque-2022-domaine-de-montvac.png,03439.png
3440,https://www.vinatis.com/93219-fine_default/syrah-saint-agathe-2023-domaine-georges-vernay.png,03440.png
3441,https://www.vinatis.com/93450-fine_default/l-ermite-2022-domaine-sant-armettu.png,03441.png
3442,https://www.vinatis.com/93458-fine_default/echo-de-lynch-bages-2019-second-vin-du-chateau-lynch-bages.png,03442.png
3443,https://www.vinatis.com/93491-fine_default/lanzaga-2020-bodega-lanzaga-telmo-rodriguez.png,03443.png
3444,https://www.vinatis.com/93525-fine_default/siepi-2022-mazzei.png,03444.png
3445,https://www.vinatis.com/93575-fine_default/la-loye-2023-jean-michel-gerin.png,03445.png
3446,https://www.vinatis.com/93582-fine_default/la-landonne-2022-jean-michel-gerin.png,03446.png
3447,https://www.vinatis.com/94900-fine_default/morey-saint-denis-1er-cru-les-chaffots-2018-parcelles-cie-nuiton-beaunoy.png,03447.png
3448,https://www.vinatis.com/93612-fine_default/mercurey-1er-cru-les-cinq-2018-chateau-de-chamirey.png,03448.png
3449,https://www.vinatis.com/93618-fine_default/nuits-saint-georges-1er-cru-les-8-ouvrees-2021-domaine-des-perdrix.png,03449.png
3450,https://www.vinatis.com/93622-fine_default/echezeaux-grand-cru-du-dessus-2021-domaine-des-perdrix.png,03450.png
3451,https://www.vinatis.com/93651-fine_default/rocas-de-sena-2022.png,03451.png
3452,https://www.vinatis.com/93694-fine_default/caiarossa-2021.png,03452.png
3453,https://www.vinatis.com/93709-fine_default/cote-a-cote-2021-l-aventure.png,03453.png
3454,https://www.vinatis.com/95152-fine_default/gevrey-chambertin-1er-cru-clos-prieur-2022-drouhin-laroze.png,03454.png
3455,https://www.vinatis.com/93761-fine_default/empreintes-2022-domaine-durand-eric-joel.png,03455.png
3456,https://www.vinatis.com/93795-fine_default/brunello-di-montalcino-2019-argiano.png,03456.png
3457,https://www.vinatis.com/96627-fine_default/chateau-coutet-2009-cuvee-madame.png,03457.png
3458,https://www.vinatis.com/93949-fine_default/sanford-benedict-chardonnay-2020-au-bon-climat.png,03458.png
3459,https://www.vinatis.com/94925-fine_default/nuits-saint-georges-blanc-les-argillats-2022-domaine-louis-fleurot.png,03459.png
3460,https://www.vinatis.com/94205-fine_default/aigle-royal-chardonnay-2023-gerard-bertrand.png,03460.png
3461,https://www.vinatis.com/94282-fine_default/riesling-grand-cru-kitterle-terre-2021-dirler-cade.png,03461.png
3462,https://www.vinatis.com/94460-fine_default/mondeuse-le-pied-de-la-barme-2022-domaine-saint-germain.png,03462.png
3463,https://www.vinatis.com/94544-fine_default/blason-de-levangile-2020-second-vin-du-chateau-levangile.png,03463.png
3464,https://www.vinatis.com/97157-fine_default/gewurztraminer-les-princes-abbes-2022-domaine-schlumberger.png,03464.png
3465,https://www.vinatis.com/93520-fine_default/yl-rouge-2023-domaine-yves-leccia.png,03465.png
3466,https://www.vinatis.com/93688-fine_default/julienas-vieilles-vignes-2023-domaine-des-chers.png,03466.png
3467,https://www.vinatis.com/97454-fine_default/garrus-2023-chateau-d-esclans.png,03467.png
3468,https://www.vinatis.com/80516-fine_default/cote-rozier-2020-christophe-billon.png,03468.png
3469,https://www.vinatis.com/101295-fine_default/chateau-cantelaudette-reserve-rouge-2022.png,03469.png
3470,https://www.vinatis.com/98457-fine_default/brouilly-cuvee-des-fous-2023-jean-claude-lapalu.png,03470.png
3471,https://www.vinatis.com/98675-fine_default/domaine-des-terres-blanches-blanc-2024.png,03471.png
3472,https://www.vinatis.com/101222-fine_default/meursault-2023-louis-latour.png,03472.png
3473,https://www.vinatis.com/89987-fine_default/pino-nero-della-sala-2020-castello-della-sala-antinori.png,03473.png
3474,https://www.vinatis.com/90316-fine_default/pinot-noir-cuvee-v-2021-clos-saint-landelin-veronique-thomas-mure.png,03474.png
3475,https://www.vinatis.com/93412-fine_default/les-premices-2023-domaine-richard.png,03475.png
3476,https://www.vinatis.com/79013-fine_default/cornas-les-eygats-2021-domaine-courbis.png,03476.png
3477,https://www.vinatis.com/86888-fine_default/chablis-grand-cru-blanchots-2022-domaine-simonnet-febvre.png,03477.png
3478,https://www.vinatis.com/99943-fine_default/chateau-henri-bonnaud-blanc-2024.png,03478.png
3479,https://www.vinatis.com/99535-fine_default/clos-culombu-blanc-2024.png,03479.png
3480,https://www.vinatis.com/100154-fine_default/culombu-storia-di-ecce-fructus-2023.png,03480.png
3481,https://www.vinatis.com/98189-fine_default/ponce-blanco-2024-bodegas-y-vinedos-ponce.png,03481.png
3482,https://www.vinatis.com/100492-fine_default/givry-1er-cru-les-combes-2022-domaine-deliance.png,03482.png
3483,https://www.vinatis.com/99054-fine_default/un-faune-avec-son-fifre-sous-ses-oliviers-2020-domaine-du-clos-des-fees.png,03483.png
3484,https://www.vinatis.com/91572-fine_default/beaujolais-eclosion-2023-vignerons-de-bel-air.png,03484.png
3485,https://www.vinatis.com/94599-fine_default/ursus-rouge-2021-clos-de-l-ours.png,03485.png
3486,https://www.vinatis.com/94629-fine_default/lytton-springs-2022-ridge-vineyard.png,03486.png
3487,https://www.vinatis.com/94634-fine_default/cornas-vin-noir-2023-domaine-du-tunnel.png,03487.png
3488,https://www.vinatis.com/94753-fine_default/spoutnik-2021-clos-des-reboussiers.png,03488.png
3489,https://www.vinatis.com/95248-fine_default/kisi-mtsvane-2022-tavankari.png,03489.png
3490,https://www.vinatis.com/95126-fine_default/chateau-franc-la-rose-2022.png,03490.png
3491,https://www.vinatis.com/95135-fine_default/sylvaner-weinbaum-2023-domaine-trimbach.png,03491.png
3492,https://www.vinatis.com/95252-fine_default/arbois-rouge-tradition-2023-domaine-rolet-et-fils.png,03492.png
3493,https://www.vinatis.com/95253-fine_default/arbois-trousseau-2022-domaine-rolet-et-fils.png,03493.png
3494,https://www.vinatis.com/95342-fine_default/chateau-la-mission-haut-brion-2014-cru-classe-de-graves.png,03494.png
3495,https://www.vinatis.com/95449-fine_default/artemia-2021-chateau-pesquie.png,03495.png
3496,https://www.vinatis.com/95457-fine_default/terre-d-origine-2023-domaine-fabien-trosset.png,03496.png
3497,https://www.vinatis.com/95458-fine_default/roc-du-piere-2021-domaine-courbissac.png,03497.png
3498,https://www.vinatis.com/95481-fine_default/rosso-di-montalcino-2023-ciacci-piccolomini-d-aragona.png,03498.png
3499,https://www.vinatis.com/96179-fine_default/saint-veran-vieilles-vignes-2023-domaine-joblot-revenu.png,03499.png
3500,https://www.vinatis.com/95897-fine_default/saint-aubin-2023-domaine-patrick-miolane.png,03500.png
3501,https://www.vinatis.com/95661-fine_default/flor-de-pingus-2022-dominio-de-pingus.png,03501.png
3502,https://www.vinatis.com/95668-fine_default/pingus-2022-dominio-de-pingus.png,03502.png
3503,https://www.vinatis.com/95743-fine_default/mercurey-clos-du-chapitre-2023-vincent-jean-pierre-charton.png,03503.png
3504,https://www.vinatis.com/95893-fine_default/cote-rotie-2022-domaine-graeme-julie-bott.png,03504.png
3505,https://www.vinatis.com/95753-fine_default/saint-peray-les-sauvageres-2023-maison-paul-jaboulet-aine.png,03505.png
3506,https://www.vinatis.com/95766-fine_default/mercurey-1er-cru-champs-martin-2022-chateau-de-chamirey.png,03506.png
3507,https://www.vinatis.com/95799-fine_default/saumur-champigny-vieilles-vignes-2022-chateau-de-villeneuve.png,03507.png
3508,https://www.vinatis.com/95802-fine_default/st-nicolas-de-bourgueil-les-quarterons-2023-clos-des-quarterons.png,03508.png
3509,https://www.vinatis.com/95833-fine_default/chateau-tauzinat-l-hermitage-2021.png,03509.png
3510,https://www.vinatis.com/95848-fine_default/le-vignoble-feodal-le-burg-2020-marcel-deiss.png,03510.png
3511,https://www.vinatis.com/95866-fine_default/coteaux-du-layon-1896-2022-domaine-baudouin.png,03511.png
3512,https://www.vinatis.com/97085-fine_default/barolo-ciabot-mentin-2020-domenico-clerico.png,03512.png
3513,https://www.vinatis.com/96848-fine_default/nuits-saint-georges-2021-doudet-naudin.png,03513.png
3514,https://www.vinatis.com/95941-fine_default/gewurztraminer-evidence-2023-gustave-lorentz.png,03514.png
3515,https://www.vinatis.com/96494-fine_default/en-garde-2020-chateau-la-roque.png,03515.png
3516,https://www.vinatis.com/96029-fine_default/nuits-saint-georges-tribourg-2022-jean-claude-boisset.png,03516.png
3517,https://www.vinatis.com/100417-fine_default/mercurey-1er-cru-croichots-blanc-2022-domaine-tremeaux.png,03517.png
3518,https://www.vinatis.com/96035-fine_default/vosne-romanee-2023-domaine-roblot-marchand.png,03518.png
3519,https://www.vinatis.com/96046-fine_default/mondeuse-sous-les-cedres-2024-domaine-du-chateau-de-la-violette.png,03519.png
3520,https://www.vinatis.com/97084-fine_default/chambolle-musigny-1er-cru-les-amoureuses-2020-domaine-bertagna.png,03520.png
3521,https://www.vinatis.com/97082-fine_default/gevrey-chambertin-1er-cru-lavaux-st-jacques-bio-2021-domaine-tortochot.png,03521.png
3522,https://www.vinatis.com/96227-fine_default/riesling-rangen-de-thann-clos-saint-urbain-2023-domaine-zind-humbrecht.png,03522.png
3523,https://www.vinatis.com/96228-fine_default/mondeuse-vieilles-vignes-2024-cuvee-gastronomie-domaine-jean-perrier-fils.png,03523.png
3524,https://www.vinatis.com/96230-fine_default/carmina-2022-pierre-jean-villa.png,03524.png
3525,https://www.vinatis.com/96239-fine_default/gevrey-chambertin-vignes-belles-2022-domaine-thierry-mortet.png,03525.png
3526,https://www.vinatis.com/96275-fine_default/chateau-la-tour-de-segur-2019.png,03526.png
3527,https://www.vinatis.com/96283-fine_default/chianti-classico-riserva-novecento-2021-dievole.png,03527.png
3528,https://www.vinatis.com/96306-fine_default/dit-de-l-hortus-l-ombree-2023-domaine-de-l-hortus.png,03528.png
3529,https://www.vinatis.com/96336-fine_default/beaune-du-chateau-blanc-1er-cru-2021-bouchard-pere-et-fils.png,03529.png
3530,https://www.vinatis.com/96620-fine_default/rosso-del-bepi-2016-giuseppe-quintarelli.png,03530.png
3531,https://www.vinatis.com/96405-fine_default/chinon-rouge-coteau-de-noire-2021-domaine-philippe-alliet.png,03531.png
3532,https://www.vinatis.com/96441-fine_default/wehlener-sonnenuhr-spatlese-2022-joh-jos-prum.png,03532.png
3533,https://www.vinatis.com/96460-fine_default/roussette-de-savoie-2024-domaine-jean-perrier-fils.png,03533.png
3534,https://www.vinatis.com/96462-fine_default/esprit-d-antan-blanc-2023-pierre-jean-villa.png,03534.png
3535,https://www.vinatis.com/96928-fine_default/adrianna-vineyard-mundus-bacillus-terrae-2020-catena-zapata.png,03535.png
3536,https://www.vinatis.com/96513-fine_default/biserno-2020-tenuta-di-biserno.png,03536.png
3537,https://www.vinatis.com/96514-fine_default/guado-al-tasso-2021-antinori.png,03537.png
3538,https://www.vinatis.com/96516-fine_default/saumur-champigny-la-marginale-2023-domaine-roches-neuves-thierry-germain.png,03538.png
3539,https://www.vinatis.com/96528-fine_default/brunello-di-montalcino-riserva-vigna-paganelli-2019-il-poggione.png,03539.png
3540,https://www.vinatis.com/98515-fine_default/zeta-2022-pegaso-telmo-rodriguez.png,03540.png
3541,https://www.vinatis.com/96574-fine_default/el-val-godello-2023-bodegas-y-vinedos-cesar-marquez.png,03541.png
3542,https://www.vinatis.com/96594-fine_default/mediterranee-blanc-2024-figuiere.png,03542.png
3543,https://www.vinatis.com/97071-fine_default/puligny-montrachet-premier-cru-les-folatieres-2023-domaine-chavy-chouet.png,03543.png
3544,https://www.vinatis.com/96650-fine_default/chateau-de-camensac-2018-5eme-cru-classe.png,03544.png
3545,https://www.vinatis.com/97936-fine_default/vial-pinot-bianco-2023-kaltern.png,03545.png
3546,https://www.vinatis.com/96706-fine_default/saffredi-2022-fattoria-le-pupille.png,03546.png
3547,https://www.vinatis.com/96740-fine_default/reserve-des-deux-freres-2020-pierre-usseglio-fils.png,03547.png
3548,https://www.vinatis.com/96771-fine_default/beaune-1er-cru-clos-de-la-mousse-2019-monopole-bouchard-pere-et-fils.png,03548.png
3549,https://www.vinatis.com/96792-fine_default/cairanne-2022-xavier-vignon.png,03549.png
3550,https://www.vinatis.com/96793-fine_default/l-accent-rose-2024-clos-de-l-ours.png,03550.png
3551,https://www.vinatis.com/96877-fine_default/chassagne-montrachet-1er-cru-la-maltroie-2021-vincent-girardin.png,03551.png
3552,https://www.vinatis.com/100114-fine_default/volnay-vieilles-vignes-2022-vincent-girardin.png,03552.png
3553,https://www.vinatis.com/96918-fine_default/le-berceau-blanc-2023-domaine-bernard-gripa.png,03553.png
3554,https://www.vinatis.com/96947-fine_default/chateau-lafon-rochet-2020-4eme-cru-classe.png,03554.png
3555,https://www.vinatis.com/97329-fine_default/louis-de-belair-brut-blanc-de-blancs.png,03555.png
3556,https://www.vinatis.com/97316-fine_default/reignac-blanc-2023.png,03556.png
3557,https://www.vinatis.com/97188-fine_default/petit-chablis-2022-domaine-moreau-naudet.png,03557.png
3558,https://www.vinatis.com/97600-fine_default/chateau-la-grolet-2022.png,03558.png
3559,https://www.vinatis.com/97595-fine_default/allegorie-roseline.png,03559.png
3560,https://www.vinatis.com/97242-fine_default/cuvee-des-cadettes-vieilles-vignes-2022-chateau-de-la-nerthe.png,03560.png
3561,https://www.vinatis.com/97243-fine_default/la-solana-2022-suertes-del-marques.png,03561.png
3562,https://www.vinatis.com/97280-fine_default/la-ciaude-2023-domaine-anne-gros-et-jean-paul-tollot.png,03562.png
3563,https://www.vinatis.com/97341-fine_default/clos-du-grand-carquelin-2021-chateau-des-jacques.png,03563.png
3564,https://www.vinatis.com/97602-fine_default/cucuniano-2022-peter-sichel.png,03564.png
3565,https://www.vinatis.com/97443-fine_default/vieilles-vignes-2022-domaine-du-cros.png,03565.png
3566,https://www.vinatis.com/97604-fine_default/la-631-2021-domaine-dupre-goujon.png,03566.png
3567,https://www.vinatis.com/97468-fine_default/valbuena-5-2020-vega-sicilia.png,03567.png
3568,https://www.vinatis.com/97470-fine_default/unico-2015-vega-sicilia.png,03568.png
3569,https://www.vinatis.com/97503-fine_default/chateau-malartic-lagraviere-2010-cru-classe-de-graves.png,03569.png
3570,https://www.vinatis.com/98509-fine_default/chateau-haut-pougnan-blanc-2023.png,03570.png
3571,https://www.vinatis.com/97571-fine_default/chignin-vers-les-alpes-2024-domaine-anne-sophie-et-jean-francois-quenard.png,03571.png
3572,https://www.vinatis.com/97812-fine_default/sito-moresco-langhe-2021-gaja.png,03572.png
3573,https://www.vinatis.com/97667-fine_default/la-reserve-blanc-2024-chateau-de-bregancon-cru-classe.png,03573.png
3574,https://www.vinatis.com/92179-fine_default/chateau-jauge-blanc-2020.png,03574.png
3575,https://www.vinatis.com/98514-fine_default/merlot-reserve-2023-barton-guestier.png,03575.png
3576,https://www.vinatis.com/95544-fine_default/chateau-lafite-rothschild-2004-1er-cru-classe.png,03576.png
3577,https://www.vinatis.com/25163-fine_default/chateau-lafite-rothschild-2003-1er-cru-classe.png,03577.png
3578,https://www.vinatis.com/75279-fine_default/chateau-la-mission-haut-brion-2011-cru-classe-de-graves.png,03578.png
3579,https://www.vinatis.com/47446-fine_default/chateau-tertre-roteboeuf-2013.png,03579.png
3580,https://www.vinatis.com/85641-fine_default/croix-de-bois-2016-les-parcellaires-m-chapoutier.png,03580.png
3581,https://www.vinatis.com/32192-fine_default/chateau-lafite-rothschild-2010-1er-cru-classe.png,03581.png
3582,https://www.vinatis.com/64482-fine_default/de-l-oree-blanc-2017-les-parcellaires-m-chapoutier.png,03582.png
3583,https://www.vinatis.com/38287-fine_default/chateau-latour-2009-premier-cru-classe.png,03583.png
3584,https://www.vinatis.com/37996-fine_default/chateau-tertre-roteboeuf-2016.png,03584.png
3585,https://www.vinatis.com/43161-fine_default/clos-de-la-roche-grand-cru-2013-louis-jadot.png,03585.png
3586,https://www.vinatis.com/41740-fine_default/la-dame-de-montrose-2016-second-vin-du-chateau-montrose.png,03586.png
3587,https://www.vinatis.com/47462-fine_default/chateau-lynch-bages-2016-5eme-cru-classe.png,03587.png
3588,https://www.vinatis.com/48585-fine_default/chateau-d-aiguilhe-2017.png,03588.png
3589,https://www.vinatis.com/51554-fine_default/la-parde-haut-bailly-2016-second-vin-du-chateau-haut-bailly.png,03589.png
3590,https://www.vinatis.com/84483-fine_default/lacoste-borie-2019-second-vin-du-chateau-grand-puy-lacoste.png,03590.png
3591,https://www.vinatis.com/84923-fine_default/domane-serrig-kabinett-2020-markus-molitor.png,03591.png
3592,https://www.vinatis.com/84800-fine_default/chateauneuf-du-pape-vieilles-vignes-2020-domaine-de-la-janasse.png,03592.png
3593,https://www.vinatis.com/85130-fine_default/keyneton-euphonium-2018-henschke.png,03593.png
3594,https://www.vinatis.com/85261-fine_default/puligny-montrachet-1er-cru-champ-canet-2022-chateau-de-meursault.png,03594.png
3595,https://www.vinatis.com/85389-fine_default/grand-vin-blanc-2022-chateau-l-hospitalet-gerard-bertrand.png,03595.png
3596,https://www.vinatis.com/85689-fine_default/roussanne-vieilles-vignes-2022-chateau-de-beaucastel.png,03596.png
3597,https://www.vinatis.com/85699-fine_default/aigle-royal-pinot-noir-2020-gerard-bertrand.png,03597.png
3598,https://www.vinatis.com/86152-fine_default/monier-de-la-sizeranne-2020-m-chapoutier.png,03598.png
3599,https://www.vinatis.com/86546-fine_default/tom-cullity-cabernet-malbec-2019-vasse-felix.png,03599.png
3600,https://www.vinatis.com/87857-fine_default/the-new-black-wine-2014-clos-triguedina-jean-luc-baldes.png,03600.png
3601,https://www.vinatis.com/86661-fine_default/bourgogne-chardonnay-les-ursulines-2023-jean-claude-boisset.png,03601.png
3602,https://www.vinatis.com/86732-fine_default/domaine-des-tourettes-2021-delas.png,03602.png
3603,https://www.vinatis.com/86807-fine_default/aromes-de-pavie-2017-second-vin-du-chateau-pavie.png,03603.png
3604,https://www.vinatis.com/87325-fine_default/chateau-les-carmes-haut-brion-2015.png,03604.png
3605,https://www.vinatis.com/86834-fine_default/chateau-montrose-2019-2nd-cru-classe.png,03605.png
3606,https://www.vinatis.com/86884-fine_default/aloxe-corton-2022-arnoux-pere-et-fils.png,03606.png
3607,https://www.vinatis.com/86890-fine_default/chablis-grand-cru-les-preuses-2021-domaine-simonnet-febvre.png,03607.png
3608,https://www.vinatis.com/87539-fine_default/pingus-2021-dominio-de-pingus.png,03608.png
3609,https://www.vinatis.com/86963-fine_default/brunello-di-montalcino-pianrosso-2019-ciacci-piccolomini-d-aragona.png,03609.png
3610,https://www.vinatis.com/87003-fine_default/chignin-bergeron-cuvee-gastronomie-2023-domaine-jean-perrier-fils.png,03610.png
3611,https://www.vinatis.com/87060-fine_default/boggina-bianco-2021-domaine-petrolo.png,03611.png
3612,https://www.vinatis.com/87139-fine_default/chateau-pichon-baron-de-longueville-2020-2nd-cru-classe.png,03612.png
3613,https://www.vinatis.com/87195-fine_default/unico-reserva-especial-edition-2024-vega-sicilia.png,03613.png
3614,https://www.vinatis.com/87272-fine_default/chablis-1er-cru-les-vaudevey-2022-domaine-laroche.png,03614.png
3615,https://www.vinatis.com/91406-fine_default/cotes-du-jura-trousseau-2022-domaine-frederic-lambert.png,03615.png
3616,https://www.vinatis.com/87718-fine_default/chateau-malescot-saint-exupery-2020-3eme-cru-classe.png,03616.png
3617,https://www.vinatis.com/87750-fine_default/jardins-de-rome-2023-syrah-de-seyssuel-famille-garon.png,03617.png
3618,https://www.vinatis.com/87806-fine_default/bons-arrets-2022-stephane-montez-du-monteillet.png,03618.png
3619,https://www.vinatis.com/87913-fine_default/riesling-clos-liebenberg-monopole-2020-domaine-valentin-zusslin.png,03619.png
3620,https://www.vinatis.com/89109-fine_default/cheverny-rouge-ouvrage-2020-domaine-des-huards.png,03620.png
3621,https://www.vinatis.com/88319-fine_default/tentation-2023-jean-claude-lapalu.png,03621.png
3622,https://www.vinatis.com/88370-fine_default/riesling-wehlener-sonnenuhr-auslese-wc-2021-markus-molitor.png,03622.png
3623,https://www.vinatis.com/88372-fine_default/riesling-zeltinger-sonnenuhr-auslese-goc-2021-markus-molitor.png,03623.png
3624,https://www.vinatis.com/88401-fine_default/paroxysme-2022-cellier-de-la-baraterie.png,03624.png
3625,https://www.vinatis.com/92783-fine_default/beaune-1er-cru-le-clos-des-mouches-blanc-2022-domaine-chanson.png,03625.png
3626,https://www.vinatis.com/88552-fine_default/gewurztraminer-grand-cru-hengst-2023-domaine-barmes-buecher.png,03626.png
3627,https://www.vinatis.com/88554-fine_default/saint-agnes-2022-ermitage-du-pic-saint-loup.png,03627.png
3628,https://www.vinatis.com/88665-fine_default/corton-grand-cru-le-rognet-2022-domaine-chevalier-pere-et-fils.png,03628.png
3629,https://www.vinatis.com/88718-fine_default/bannockburn-chardonnay-2022-felton-road.png,03629.png
3630,https://www.vinatis.com/88898-fine_default/mercurey-1er-cru-champ-martin-2022-domaine-adelie-albert-bichot.png,03630.png
3631,https://www.vinatis.com/91441-fine_default/vouvray-sec-clos-du-bourg-2023-domaine-huet.png,03631.png
3632,https://www.vinatis.com/91445-fine_default/chassagne-montrachet-blanc-les-champs-de-morjot-2023-chateau-de-la-charriere-yves-girardin.png,03632.png
3633,https://www.vinatis.com/95819-fine_default/vosne-romanee-1er-cru-les-rouges-2022-domaine-roblot-marchand.png,03633.png
3634,https://www.vinatis.com/91481-fine_default/les-grandes-places-2022-domaine-stephane-pichat.png,03634.png
3635,https://www.vinatis.com/91577-fine_default/syrah-cailloux-vineyard-2021-cayuse.png,03635.png
3636,https://www.vinatis.com/91934-fine_default/saint-aubin-2022-domaine-roux-pere-et-fils.png,03636.png
3637,https://www.vinatis.com/92345-fine_default/santenay-clos-genet-2022-vignobles-ludovic-pierrot.png,03637.png
3638,https://www.vinatis.com/91558-fine_default/santenay-1er-cru-clos-de-tavannes-2022-vignobles-ludovic-pierrot.png,03638.png
3639,https://www.vinatis.com/91618-fine_default/fixin-2023-domaine-sirugue.png,03639.png
3640,https://www.vinatis.com/92400-fine_default/moulin-a-vent-le-moulin-2021-chateau-des-jacques.png,03640.png
3641,https://www.vinatis.com/91906-fine_default/chateau-ferran-blanc-2021.png,03641.png
3642,https://www.vinatis.com/91948-fine_default/fantastique-blanc-2023-chateau-sainte-marguerite-cru-classe.png,03642.png
3643,https://www.vinatis.com/91955-fine_default/vouvray-demi-sec-les-petites-parcelles-2023-barton-guestier.png,03643.png
3644,https://www.vinatis.com/92013-fine_default/chablis-grand-cru-les-vaudesirs-2022-domaine-long-depaquit-maison-albert-bichot.png,03644.png
3645,https://www.vinatis.com/94018-fine_default/chignin-bergeron-le-grand-blanc-2023-chateau-de-merande.png,03645.png
3646,https://www.vinatis.com/92263-fine_default/terres-brulees-2022-domaine-lionnet.png,03646.png
3647,https://www.vinatis.com/92268-fine_default/heritage-2023-remi-niero.png,03647.png
3648,https://www.vinatis.com/93570-fine_default/beaune-1er-cru-les-vignes-franches-2021-bouzereau-michel.png,03648.png
3649,https://www.vinatis.com/98493-fine_default/bourgogne-cote-dor-clos-du-moulin-blanc-2021-bouzereau-michel.png,03649.png
3650,https://www.vinatis.com/92283-fine_default/chablis-villages-2023-louis-michel-et-fils.png,03650.png
3651,https://www.vinatis.com/92304-fine_default/chateau-trotanoy-2016.png,03651.png
3652,https://www.vinatis.com/92318-fine_default/pommard-2022-jean-claude-boisset.png,03652.png
3653,https://www.vinatis.com/101172-fine_default/gevrey-chambertin-2023-domaine-pansiot.png,03653.png
3654,https://www.vinatis.com/92552-fine_default/tess-2022-christophe-pichon.png,03654.png
3655,https://www.vinatis.com/92562-fine_default/clos-de-vougeot-grand-cru-2019-joseph-drouhin.png,03655.png
3656,https://www.vinatis.com/92596-fine_default/clos-du-marquis-2014.png,03656.png
3657,https://www.vinatis.com/92739-fine_default/hors-pistes-2023-domaine-des-pothiers.png,03657.png
3658,https://www.vinatis.com/92812-fine_default/gevrey-chambertin-2021-louis-latour.png,03658.png
3659,https://www.vinatis.com/92883-fine_default/la-savante-pinot-noir-2022-domaine-nico.png,03659.png
3660,https://www.vinatis.com/92884-fine_default/histoire-d-a-pinot-noir-2022-domaine-nico.png,03660.png
3661,https://www.vinatis.com/92904-fine_default/ultreia-valtuille-2022-raul-perez-bodegas-y-vinedos.png,03661.png
3662,https://www.vinatis.com/92923-fine_default/vieilles-vignes-2022-domaine-gauby.png,03662.png
3663,https://www.vinatis.com/92988-fine_default/esprit-de-font-caude-2019-domaine-chabanon.png,03663.png
3664,https://www.vinatis.com/93023-fine_default/syrah-2021-mullineux-leeu.png,03664.png
3665,https://www.vinatis.com/93027-fine_default/meursault-clos-du-cromin-2022-domaine-genot-boulanger.png,03665.png
3666,https://www.vinatis.com/93148-fine_default/romanee-saint-vivant-grand-cru-2022-domaine-de-l-arlot.png,03666.png
3667,https://www.vinatis.com/93153-fine_default/saint-veran-le-grand-buissiere-2022-olivier-merlin.png,03667.png
3668,https://www.vinatis.com/93222-fine_default/dame-brune-2021-domaine-georges-vernay.png,03668.png
3669,https://www.vinatis.com/93224-fine_default/saint-joseph-terre-d-encre-2023-domaine-georges-vernay.png,03669.png
3670,https://www.vinatis.com/100077-fine_default/sancerre-blanc-les-caillottes-2023-pascal-jolivet.png,03670.png
3671,https://www.vinatis.com/93386-fine_default/corton-charlemagne-grand-cru-2022-jean-claude-boisset.png,03671.png
3672,https://www.vinatis.com/93413-fine_default/l-amaraze-2023-domaine-richard.png,03672.png
3673,https://www.vinatis.com/93454-fine_default/arbois-savagnin-ouille-2023-domaine-rolet.png,03673.png
3674,https://www.vinatis.com/93465-fine_default/gamay-vieilles-vignes-2023-domaine-carrel-senger.png,03674.png
3675,https://www.vinatis.com/93483-fine_default/opus-one-2021-mondavi-rothschild.png,03675.png
3676,https://www.vinatis.com/93492-fine_default/pinot-noir-sanford-benedict-vineyard-2019-au-bon-climat.png,03676.png
3677,https://www.vinatis.com/93499-fine_default/grange-2020-penfolds.png,03677.png
3678,https://www.vinatis.com/93523-fine_default/yattarna-chardonnay-2022-penfolds.png,03678.png
3679,https://www.vinatis.com/93524-fine_default/st-henri-shiraz-2021-penfolds.png,03679.png
3680,https://www.vinatis.com/93526-fine_default/concerto-2022-mazzei.png,03680.png
3681,https://www.vinatis.com/93568-fine_default/y-d-yquem-2021-chateau-d-yquem.png,03681.png
3682,https://www.vinatis.com/93548-fine_default/marestel-tradition-2022-domaine-carrel-senger.png,03682.png
3683,https://www.vinatis.com/93859-fine_default/coteaux-champenois-la-boulangere-2022-champagne-devaux.png,03683.png
3684,https://www.vinatis.com/94081-fine_default/burghese-rouge-2019-domaine-sant-armettu.png,03684.png
3685,https://www.vinatis.com/93606-fine_default/mercurey-blanc-2022-chateau-de-chamirey.png,03685.png
3686,https://www.vinatis.com/93621-fine_default/nuits-saint-georges-1er-cru-aux-perdrix-2022-domaine-des-perdrix.png,03686.png
3687,https://www.vinatis.com/93641-fine_default/epu-2022-vina-almaviva.png,03687.png
3688,https://www.vinatis.com/96181-fine_default/nicolas-catena-zapata-2021-catena-zapata.png,03688.png
3689,https://www.vinatis.com/93692-fine_default/colore-2022-bibi-graetz.png,03689.png
3690,https://www.vinatis.com/93695-fine_default/vivaltus-2019-vivaltus.png,03690.png
3691,https://www.vinatis.com/93864-fine_default/matallana-2021-telmo-rodriguez.png,03691.png
3692,https://www.vinatis.com/93707-fine_default/oreno-2022-tenuta-sette-ponti.png,03692.png
3693,https://www.vinatis.com/94392-fine_default/bourgogne-aligote-2022-les-terres-de-phileandres.png,03693.png
3694,https://www.vinatis.com/94733-fine_default/hautes-cotes-de-nuits-sans-souffre-celenie-2021-les-terres-de-phileandre.png,03694.png
3695,https://www.vinatis.com/98272-fine_default/cornas-les-arenes-2022-m-chapoutier.png,03695.png
3696,https://www.vinatis.com/94441-fine_default/macon-aze-blanc-2022-domaine-de-la-garenne.png,03696.png
3697,https://www.vinatis.com/94011-fine_default/les-hauts-de-montmirail-2023-domaine-brusset.png,03697.png
3698,https://www.vinatis.com/94014-fine_default/terre-di-san-leonardo-2021-tenuta-san-leonardo.png,03698.png
3699,https://www.vinatis.com/69976-fine_default/le-pin-2019.png,03699.png
3700,https://www.vinatis.com/96038-fine_default/massetino-2017-second-vin-de-masseto.png,03700.png
3701,https://www.vinatis.com/73744-fine_default/chateau-pape-clement-blanc-2019.png,03701.png
3702,https://www.vinatis.com/70439-fine_default/chateau-la-mission-haut-brion-2016-cru-classe-de-graves.png,03702.png
3703,https://www.vinatis.com/70448-fine_default/chateau-tertre-roteboeuf-2021.png,03703.png
3704,https://www.vinatis.com/74216-fine_default/giodo-la-quinta-2021-podere-giodo.png,03704.png
3705,https://www.vinatis.com/73348-fine_default/rocas-de-sena-2020.png,03705.png
3706,https://www.vinatis.com/70905-fine_default/odyssee-2019.png,03706.png
3707,https://www.vinatis.com/70920-fine_default/bin-169-cabernet-sauvignon-2019-penfolds.png,03707.png
3708,https://www.vinatis.com/71406-fine_default/domaine-de-chevalier-blanc-2017-cru-classe-des-graves.png,03708.png
3709,https://www.vinatis.com/71586-fine_default/chateau-canon-2021-1er-grand-cru-classe-b.png,03709.png
3710,https://www.vinatis.com/71781-fine_default/l-avenue-2018-chateau-de-vaudieu.png,03710.png
3711,https://www.vinatis.com/74626-fine_default/st-henri-shiraz-2019-penfolds.png,03711.png
3712,https://www.vinatis.com/75848-fine_default/bin-707-cabernet-sauvignon-2019-penfolds.png,03712.png
3713,https://www.vinatis.com/73467-fine_default/georges-de-latour-private-reserve-2019-beaulieu-vineyard.png,03713.png
3714,https://www.vinatis.com/78642-fine_default/corton-marechaudes-grand-cru-2021-chateau-de-meursault.png,03714.png
3715,https://www.vinatis.com/76828-fine_default/chablis-grand-cru-valmur-2018-domaine-william-fevre.png,03715.png
3716,https://www.vinatis.com/76249-fine_default/brunello-di-montalcino-riserva-2015-poggio-antico.png,03716.png
3717,https://www.vinatis.com/76398-fine_default/corton-pougets-2018-domaine-des-heritiers-louis-jadot.png,03717.png
3718,https://www.vinatis.com/76942-fine_default/solengo-2020-argiano.png,03718.png
3719,https://www.vinatis.com/76992-fine_default/motor-blanc-2022-4kilos-vinicola.png,03719.png
3720,https://www.vinatis.com/77892-fine_default/morey-saint-denis-1er-cru-les-sorbets-2020-maison-albert-bichot.png,03720.png
3721,https://www.vinatis.com/77178-fine_default/finca-piedra-infinita-supercal-malbec-2019-familia-zuccardi.png,03721.png
3722,https://www.vinatis.com/77564-fine_default/crac-boum-bu-2022-domaine-saint-germain.png,03722.png
3723,https://www.vinatis.com/82125-fine_default/barolo-brunate-2019-ceretto.png,03723.png
3724,https://www.vinatis.com/78079-fine_default/barolo-cerequio-2019-michele-chiarlo.png,03724.png
3725,https://www.vinatis.com/78029-fine_default/collioure-magenca-2021-madeloc.png,03725.png
3726,https://www.vinatis.com/78207-fine_default/beaune-1er-cru-le-clos-des-mouches-2021-domaine-chanson.png,03726.png
3727,https://www.vinatis.com/80451-fine_default/finca-el-otero-2019-aster-la-rioja-alta.png,03727.png
3728,https://www.vinatis.com/78922-fine_default/barthelemy-2020-le-puy.png,03728.png
3729,https://www.vinatis.com/78942-fine_default/chrysopee-blanc-2022-domaine-de-bila-haut.png,03729.png
3730,https://www.vinatis.com/79012-fine_default/la-sabarotte-2022-domaine-courbis.png,03730.png
3731,https://www.vinatis.com/79093-fine_default/chateau-palmer-2019-3eme-cru-classe.png,03731.png
3732,https://www.vinatis.com/79242-fine_default/beaune-1er-cru-les-reversees-2020-nicolas-rossignol.png,03732.png
3733,https://www.vinatis.com/81681-fine_default/les-choregies-blanc-2021-l-oratoire-des-papes.png,03733.png
3734,https://www.vinatis.com/92109-fine_default/trigone-rouge-2022-domaine-le-soula.png,03734.png
3735,https://www.vinatis.com/80773-fine_default/la-reine-des-bois-2021-domaine-de-la-mordoree.png,03735.png
3736,https://www.vinatis.com/81143-fine_default/la-crau-ouest-2020-domaine-santa-duc.png,03736.png
3737,https://www.vinatis.com/81314-fine_default/la-brulade-2018-domaine-de-la-begude.png,03737.png
3738,https://www.vinatis.com/81436-fine_default/secret-des-sabon-2021-roger-sabon.png,03738.png
3739,https://www.vinatis.com/81457-fine_default/amarone-della-valpolicella-2017-dal-forno-romano.png,03739.png
3740,https://www.vinatis.com/55859-fine_default/chateau-haut-brion-2015-1er-cru-classe.png,03740.png
3741,https://www.vinatis.com/64774-fine_default/de-l-oree-blanc-2018-les-parcellaires-m-chapoutier.png,03741.png
3742,https://www.vinatis.com/84499-fine_default/le-clos-2020-les-parcellaires-m-chapoutier.png,03742.png
3743,https://www.vinatis.com/84503-fine_default/de-l-oree-blanc-2020-les-parcellaires-m-chapoutier.png,03743.png
3744,https://www.vinatis.com/55883-fine_default/chateau-figeac-2016-1er-grand-cru-classe-b.png,03744.png
3745,https://www.vinatis.com/74951-fine_default/domaine-de-cambes-2020.png,03745.png
3746,https://www.vinatis.com/59455-fine_default/riesling-addict-123-2010-gustave-lorentz.png,03746.png
3747,https://www.vinatis.com/81608-fine_default/chateau-les-carmes-haut-brion-2020.png,03747.png
3748,https://www.vinatis.com/60283-fine_default/almaviva-2019-vina-almaviva.png,03748.png
3749,https://www.vinatis.com/61069-fine_default/pinot-noir-2019-the-beaux-freres-vineyard.png,03749.png
3750,https://www.vinatis.com/61070-fine_default/the-upper-terrace-2019-the-beaux-freres-vineyard.png,03750.png
3751,https://www.vinatis.com/85668-fine_default/hommage-a-jacques-perrin-2019-chateau-de-beaucastel.png,03751.png
3752,https://www.vinatis.com/62379-fine_default/pilou-2021-domaine-olivier-pithon.png,03752.png
3753,https://www.vinatis.com/62383-fine_default/la-gravette-de-certan-2018-second-vin-du-vieux-chateau-certan.png,03753.png
3754,https://www.vinatis.com/62768-fine_default/beaune-greves-1er-cru-2019-chateau-de-meursault.png,03754.png
3755,https://www.vinatis.com/82009-fine_default/chateau-pavie-2019-1er-grand-cru-classe-a.png,03755.png
3756,https://www.vinatis.com/98271-fine_default/lieu-dit-hongrie-2019-m-chapoutier.png,03756.png
3757,https://www.vinatis.com/64131-fine_default/chateau-malartic-lagraviere-2018-cru-classe-de-graves.png,03757.png
3758,https://www.vinatis.com/65693-fine_default/la-reserve-de-malartic-2018-second-vin-du-chateau-malartic-lagraviere.png,03758.png
3759,https://www.vinatis.com/71182-fine_default/pommard-1er-cru-les-bertins-2019-domaine-henri-delagrange.png,03759.png
3760,https://www.vinatis.com/92095-fine_default/ermitage-le-meal-blanc-2021-les-parcellaires-michel-chapoutier.png,03760.png
3761,https://www.vinatis.com/92093-fine_default/barbe-rac-2021-les-parcellaires-m-chapoutier.png,03761.png
3762,https://www.vinatis.com/92099-fine_default/ermitage-les-greffieux-2021-les-parcellaires-m-chapoutier.png,03762.png
3763,https://www.vinatis.com/68697-fine_default/scharzhofberger-auslese-2021-domaine-egon-muller.png,03763.png
3764,https://www.vinatis.com/92505-fine_default/chateau-rauzan-segla-2019-2nd-cru-classe.png,03764.png
3765,https://www.vinatis.com/69385-fine_default/chambertin-grand-cru-cuvee-heritiers-latour-2017-louis-latour.png,03765.png
3766,https://www.vinatis.com/69525-fine_default/carruades-de-lafite-2014-second-vin-du-chateau-lafite-rothschild.png,03766.png
3767,https://www.vinatis.com/89034-fine_default/les-forts-de-latour-2018-second-vin-du-chateau-latour.png,03767.png
3768,https://www.vinatis.com/89046-fine_default/te-wahi-pinot-noir-2019-cloudy-bay.png,03768.png
3769,https://www.vinatis.com/89227-fine_default/condrieu-deponcins-2022-domaine-francois-villard.png,03769.png
3770,https://www.vinatis.com/89234-fine_default/echezeaux-grand-cru-2021-domaine-a-f-gros.png,03770.png
3771,https://www.vinatis.com/94094-fine_default/charmes-chambertin-grand-cru-2021-a-f-gros.png,03771.png
3772,https://www.vinatis.com/89315-fine_default/alsace-grand-cru-schoenenbourg-2018-marcel-deiss.png,03772.png
3773,https://www.vinatis.com/89448-fine_default/sancerre-rouge-empreinte-2020-domaine-fouassier.png,03773.png
3774,https://www.vinatis.com/89461-fine_default/chablis-grand-cru-les-blanchots-2022-domaine-laroche.png,03774.png
3775,https://www.vinatis.com/89523-fine_default/moulin-a-vent-les-thorins-2021-jean-paul-brun-domaine-des-terres-dorees.png,03775.png
3776,https://www.vinatis.com/89543-fine_default/cervaro-della-sala-2022-castello-della-sala-antinori.png,03776.png
3777,https://www.vinatis.com/89760-fine_default/amethyste-2021-domaine-des-ardoisieres.png,03777.png
3778,https://www.vinatis.com/94454-fine_default/adrianna-vineyard-river-malbec-2020-catena-zapata.png,03778.png
3779,https://www.vinatis.com/89887-fine_default/adrianna-vineyard-white-bones-chardonnay-2021-catena-zapata.png,03779.png
3780,https://www.vinatis.com/89980-fine_default/gevrey-chambertin-1er-cru-clos-prieur-2022-domaine-thierry-mortet.png,03780.png
3781,https://www.vinatis.com/90014-fine_default/galatrona-2021-domaine-petrolo.png,03781.png
3782,https://www.vinatis.com/90035-fine_default/sancerre-rouge-vendanges-entieres-2022-vincent-pinard.png,03782.png
3783,https://www.vinatis.com/90067-fine_default/gran-enemigo-2020-el-enemigo.png,03783.png
3784,https://www.vinatis.com/90068-fine_default/gran-enemigo-gualtallary-2020-el-enemigo.png,03784.png
3785,https://www.vinatis.com/95714-fine_default/riesling-hollenpfad-im-muhlenberg-trocken-gg-2023-donnhoff.png,03785.png
3786,https://www.vinatis.com/90141-fine_default/riesling-trocken-2023-donnhoff.png,03786.png
3787,https://www.vinatis.com/90142-fine_default/riesling-schlossbockelheimer-felsenberg-trocken-gg-2023-donnhoff.png,03787.png
3788,https://www.vinatis.com/93130-fine_default/monte-bianco-2022-domaine-comte-abbatucci.png,03788.png
3789,https://www.vinatis.com/90994-fine_default/chateau-la-rose-perriere-bordeaux-blanc-sec-2023.png,03789.png
3790,https://www.vinatis.com/91034-fine_default/riesling-grand-cru-brand-2020-domaine-trimbach.png,03790.png
3791,https://www.vinatis.com/91089-fine_default/condrieu-2023-domaine-francois-et-fils.png,03791.png
3792,https://www.vinatis.com/91767-fine_default/charmes-chambertin-grand-cru-2021-arnaud-mortet.png,03792.png
3793,https://www.vinatis.com/91158-fine_default/boisrenard-2021-domaine-beaurenard.png,03793.png
3794,https://www.vinatis.com/91183-fine_default/chateau-lagrange-2018-3eme-cru-classe.png,03794.png
3795,https://www.vinatis.com/98303-fine_default/st-nicolas-de-bourgueil-le-fondis-2021-clos-des-quarterons.png,03795.png
3796,https://www.vinatis.com/97570-fine_default/mondeuse-elisa-2023-domaine-anne-sophie-et-jf-quenard.png,03796.png
3797,https://www.vinatis.com/97633-fine_default/vougeot-1er-cru-les-petits-vougeots-2021-domaine-roux-pere-et-fils.png,03797.png
3798,https://www.vinatis.com/97648-fine_default/chassagne-montrachet-blanc-2023-domaine-bertrand-bachelet.png,03798.png
3799,https://www.vinatis.com/100679-fine_default/saint-joseph-2023-maison-les-alexandrins.png,03799.png
3800,https://www.vinatis.com/97814-fine_default/les-jolies-filles-classique-blanc-2024-by-paul-aegerter.png,03800.png
3801,https://www.vinatis.com/97679-fine_default/grenache-rhapsody-2020-domaine-de-l-ou.png,03801.png
3802,https://www.vinatis.com/98670-fine_default/el-espino-2021-aster-la-rioja-alta.png,03802.png
3803,https://www.vinatis.com/97750-fine_default/barolo-cannubi-2021-e-pira-e-figli-chiara-boschis.png,03803.png
3804,https://www.vinatis.com/98434-fine_default/marsannay-blanc-2023-chateau-de-marsannay.png,03804.png
3805,https://www.vinatis.com/98013-fine_default/le-chalet-2022-lucien-aime-fils.png,03805.png
3806,https://www.vinatis.com/97894-fine_default/cantaluz-blanc-2022-camp-del-mas.png,03806.png
3807,https://www.vinatis.com/97970-fine_default/chateau-gazin-2019.png,03807.png
3808,https://www.vinatis.com/97995-fine_default/rose-2024-chateau-la-mascaronne.png,03808.png
3809,https://www.vinatis.com/97996-fine_default/blanc-2024-chateau-la-mascaronne.png,03809.png
3810,https://www.vinatis.com/98185-fine_default/silice-blanc-2024-domaine-coursodon.png,03810.png
3811,https://www.vinatis.com/98217-fine_default/sauvignon-blanc-2023-yarden-golan-heights-winery.png,03811.png
3812,https://www.vinatis.com/98248-fine_default/meursault-1er-cru-perrieres-les-dessous-2023-pernot-belicard.png,03812.png
3813,https://www.vinatis.com/98276-fine_default/macon-cruzille-les-perrieres-2022-domaine-guillot-broux.png,03813.png
3814,https://www.vinatis.com/101281-fine_default/macon-cruzille-rouge-beaumont-2023-domaine-guillot-broux.png,03814.png
3815,https://www.vinatis.com/98334-fine_default/langhe-nebbiolo-2024-fontanabianca.png,03815.png
3816,https://www.vinatis.com/98354-fine_default/arbois-savagnin-reserve-2017-caveau-de-bacchus.png,03816.png
3817,https://www.vinatis.com/98364-fine_default/arbois-ploussard-2022-caveau-de-bacchus.png,03817.png
3818,https://www.vinatis.com/98619-fine_default/bannockburn-pinot-noir-2023-felton-road.png,03818.png
3819,https://www.vinatis.com/98650-fine_default/lucidus-2023-m-chapoutier.png,03819.png
3820,https://www.vinatis.com/98694-fine_default/le-rouvre-2023-yann-chave.png,03820.png
3821,https://www.vinatis.com/98803-fine_default/clos-saint-denis-grand-cru-2017-louis-jadot.png,03821.png
3822,https://www.vinatis.com/98828-fine_default/tradition-rose-2024-domaine-du-bagnol.png,03822.png
3823,https://www.vinatis.com/98951-fine_default/in-pithos-zibibbo-2023-cos.png,03823.png
3824,https://www.vinatis.com/99011-fine_default/puligny-montrachet-1er-cru-les-pucelles-2023-alain-chavy.png,03824.png
3825,https://www.vinatis.com/99012-fine_default/puligny-montrachet-village-les-8-climats-2023-domaine-alain-chavy.png,03825.png
3826,https://www.vinatis.com/99076-fine_default/julienas-beauvernay-2022-chateau-de-pougelon-famille-descombe.png,03826.png
3827,https://www.vinatis.com/99143-fine_default/pinot-gris-furd-2023-melanie-pfister.png,03827.png
3828,https://www.vinatis.com/99144-fine_default/cuvee-mel-quatre-cepages-nobles-2023-melanie-pfister.png,03828.png
3829,https://www.vinatis.com/99178-fine_default/ermitage-blanc-2020-domaine-philippe-et-vincent-jaboulet.png,03829.png
3830,https://www.vinatis.com/99190-fine_default/imperial-gran-reserva-2018-cvne.png,03830.png
3831,https://www.vinatis.com/99652-fine_default/chablis-grand-cru-valmur-bio-2023-domaine-des-malandes.png,03831.png
3832,https://www.vinatis.com/100691-fine_default/pouilly-fuisse-1er-cru-art-mineral-2023-jm-aujoux.png,03832.png
3833,https://www.vinatis.com/99209-fine_default/riesling-reserve-2024-joseph-cattin.png,03833.png
3834,https://www.vinatis.com/99327-fine_default/riesling-wehlener-sonnenuhr-spatlese-2023-dr-loosen.png,03834.png
3835,https://www.vinatis.com/99248-fine_default/chateau-ausone-2015-1er-grand-cru-classe-a.png,03835.png
3836,https://www.vinatis.com/99636-fine_default/sciaccaremu-2024-domaine-yves-leccia.png,03836.png
3837,https://www.vinatis.com/99472-fine_default/vieux-chateau-certan-2022.png,03837.png
3838,https://www.vinatis.com/100180-fine_default/nuits-saint-georges-1er-cru-aux-champs-perdrix-2023-chateau-de-premeaux.png,03838.png
3839,https://www.vinatis.com/99937-fine_default/morey-saint-denis-2020-chateau-de-premeaux.png,03839.png
3840,https://www.vinatis.com/99502-fine_default/chateau-beauregard-2019.png,03840.png
3841,https://www.vinatis.com/99505-fine_default/chateau-grand-puy-lacoste-2018-5eme-cru-classe.png,03841.png
3842,https://www.vinatis.com/99538-fine_default/de-battre-mon-coeur-s-est-arrete-2023-domaine-du-clos-des-fees.png,03842.png
3843,https://www.vinatis.com/99541-fine_default/rouge-cerise-2024-la-croix-gratiot.png,03843.png
3844,https://www.vinatis.com/99942-fine_default/bourgogne-selection-chardonnay-2023-domaine-pm-jacqueson.png,03844.png
3845,https://www.vinatis.com/99679-fine_default/touraine-sauvignon-blanc-chapitre-i-2023-domaine-les-quatre-piliers.png,03845.png
3846,https://www.vinatis.com/99700-fine_default/pouilly-fume-en-travertin-2024-domaine-henri-bourgeois.png,03846.png
3847,https://www.vinatis.com/100304-fine_default/pinot-noir-reserve-2022-gustave-lorentz.png,03847.png
3848,https://www.vinatis.com/99814-fine_default/pradelou-2023-domaine-la-terrasse-d-elise.png,03848.png
3849,https://www.vinatis.com/100684-fine_default/pouilly-fuisse-1er-cru-le-clos-monopole-2023-chateau-fuisse.png,03849.png
3850,https://www.vinatis.com/100145-fine_default/pouilly-fuisse-climat-en-carementrant-2023-bret-brothers.png,03850.png
3851,https://www.vinatis.com/100646-fine_default/la-carbonnode-2023-la-soufrandiere.png,03851.png
3852,https://www.vinatis.com/100148-fine_default/pouilly-vinzelles-climat-les-quarts-zen-2023-la-soufrandiere.png,03852.png
3853,https://www.vinatis.com/100348-fine_default/morgon-corcelette-2023-domaine-des-marrans.png,03853.png
3854,https://www.vinatis.com/100221-fine_default/rarissime-blanc-2020-mas-gabinele.png,03854.png
3855,https://www.vinatis.com/100763-fine_default/morgon-les-charmes-2023-domaine-striffling.png,03855.png
3856,https://www.vinatis.com/100698-fine_default/saint-amour-climat-cote-de-besset-zen-2023-bret-brothers.png,03856.png
3857,https://www.vinatis.com/100240-fine_default/saumur-champigny-2024-le-prieure-d-aunis.png,03857.png
3858,https://www.vinatis.com/101175-fine_default/traditionnel-rouge-2020-clos-landry.png,03858.png
3859,https://www.vinatis.com/100286-fine_default/clos-derriere-vieille-2021-domaine-santa-duc.png,03859.png
3860,https://www.vinatis.com/100693-fine_default/tu-las-vu-le-loup-2023-chateau-de-valflaunes.png,03860.png
3861,https://www.vinatis.com/101011-fine_default/beaujolais-villages-2022-chateau-cambon.png,03861.png
3862,https://www.vinatis.com/101158-fine_default/rully-la-chaume-blanc-2022-domaine-claudie-jobard.png,03862.png
3863,https://www.vinatis.com/100495-fine_default/santenay-1er-cru-blanc-beauregard-2022-domaine-roux-pere-et-fils.png,03863.png
3864,https://www.vinatis.com/100585-fine_default/chimeres-2022-chateau-saint-roch-by-jean-marc-lafage.png,03864.png
3865,https://www.vinatis.com/100818-fine_default/sainte-cecile-bio-2024-les-jarlotiers.png,03865.png
3866,https://www.vinatis.com/100940-fine_default/la-syrare-2021-domaine-gallety.png,03866.png
3867,https://www.vinatis.com/101026-fine_default/argentella-blanc-2023-chateau-prince-pierre-napoleon-bonaparte.png,03867.png
3868,https://www.vinatis.com/99764-fine_default/roc-de-cambes-2022.png,03868.png
3869,https://www.vinatis.com/82381-fine_default/chateau-pavie-macquin-2022-1er-grand-cru-classe-b.png,03869.png
3870,https://www.vinatis.com/99765-fine_default/chateau-pontet-canet-2022-5eme-cru-classe.png,03870.png
3871,https://www.vinatis.com/82387-fine_default/chateau-smith-haut-lafitte-2022-cru-classe-de-graves.png,03871.png
3872,https://www.vinatis.com/99760-fine_default/chateau-la-lagune-2022-3eme-cru-classe.png,03872.png
3873,https://www.vinatis.com/82482-fine_default/headlands-cuvee-elizabeth-pinot-noir-2020-occidental.png,03873.png
3874,https://www.vinatis.com/82515-fine_default/romanee-saint-vivant-grand-cru-2021-domaine-poisot.png,03874.png
3875,https://www.vinatis.com/82952-fine_default/la-landonne-2020-delas.png,03875.png
3876,https://www.vinatis.com/83083-fine_default/arboussas-blanc-2022-domaine-coston.png,03876.png
3877,https://www.vinatis.com/83205-fine_default/the-armagh-2019-jim-barry.png,03877.png
3878,https://www.vinatis.com/94453-fine_default/chapelle-chambertin-grand-cru-2017-bouchard-pere-et-fils-domaine.png,03878.png
3879,https://www.vinatis.com/83641-fine_default/volnay-1er-cru-les-mitans-2017-olivier-leflaive.png,03879.png
3880,https://www.vinatis.com/83835-fine_default/bin-407-cabernet-sauvignon-2021-penfolds.png,03880.png
3881,https://www.vinatis.com/83914-fine_default/ex-voto-rouge-2017-e-guigal.png,03881.png
3882,https://www.vinatis.com/84093-fine_default/chateau-leoville-las-cases-2019-2nd-cru-classe.png,03882.png
3883,https://www.vinatis.com/84214-fine_default/corton-charlemagne-grand-cru-2020-maison-edouard-delaunay.png,03883.png
3884,https://www.vinatis.com/94787-fine_default/pernand-vergelesses-1er-cru-les-fichots-2022-domaine-isabelle-doudet.png,03884.png
3885,https://www.vinatis.com/94291-fine_default/morgon-javernieres-2023-louis-claude-desvignes.png,03885.png
3886,https://www.vinatis.com/98495-fine_default/puligny-montrachet-vieilles-vignes-2022-vincent-girardin.png,03886.png
3887,https://www.vinatis.com/94459-fine_default/chignin-bergeron-2023-domaine-saint-germain.png,03887.png
3888,https://www.vinatis.com/94484-fine_default/riesling-wehlener-sonnenuhr-auslese-goc-2021-markus-molitor.png,03888.png
3889,https://www.vinatis.com/94579-fine_default/mirmanda-blanc-2023-francois-xavier-demaison-dominique-laporte.png,03889.png
3890,https://www.vinatis.com/81850-fine_default/chateau-beau-sejour-becot-2022-1er-grand-cru-classe-b.png,03890.png
3891,https://www.vinatis.com/81853-fine_default/chateau-cheval-blanc-2022-saint-emilion-grand-cru.png,03891.png
3892,https://www.vinatis.com/99767-fine_default/chateau-beychevelle-2022-4eme-cru-classe.png,03892.png
3893,https://www.vinatis.com/81859-fine_default/clos-rene-2022.png,03893.png
3894,https://www.vinatis.com/99757-fine_default/chateau-giscours-2022-3eme-cru-classe.png,03894.png
3895,https://www.vinatis.com/81865-fine_default/chateau-leoville-barton-2022-second-cru-classe.png,03895.png
3896,https://www.vinatis.com/81866-fine_default/chateau-leoville-poyferre-2022-second-cru-classe.png,03896.png
3897,https://www.vinatis.com/81870-fine_default/chateau-pichon-longueville-comtesse-de-lalande-2022-2eme-cru-classe.png,03897.png
3898,https://www.vinatis.com/101017-fine_default/chateau-berliquet-2022.png,03898.png
3899,https://www.vinatis.com/81999-fine_default/chaupin-2021-domaine-de-la-janasse.png,03899.png
3900,https://www.vinatis.com/83807-fine_default/moulin-a-vent-2021-chateau-du-moulin-a-vent.png,03900.png
3901,https://www.vinatis.com/97457-fine_default/cotes-du-jura-poulsard-2023-domaine-frederic-lambert.png,03901.png
3902,https://www.vinatis.com/98086-fine_default/art-2021-les-centenaires-stephanie-luc-baudet.png,03902.png
3903,https://www.vinatis.com/98096-fine_default/les-bancels-pic-saint-loup-2023-domaine-mirabel.png,03903.png
3904,https://www.vinatis.com/98113-fine_default/corriente-2022-bodega-lanzaga-telmo-rodriguez.png,03904.png
3905,https://www.vinatis.com/98241-fine_default/vinas-de-gain-2021-artadi.png,03905.png
3906,https://www.vinatis.com/98243-fine_default/valdegines-2021-artadi.png,03906.png
3907,https://www.vinatis.com/98129-fine_default/l-olivaie-2023-domaine-coursodon.png,03907.png
3908,https://www.vinatis.com/98160-fine_default/corail-2024-chateau-de-roquefort.png,03908.png
3909,https://www.vinatis.com/100696-fine_default/coteaux-du-giennois-blanc-silex-2024-domaine-chauveau.png,03909.png
3910,https://www.vinatis.com/94624-fine_default/estate-chardonnay-2022-ridge-vineyard.png,03910.png
3911,https://www.vinatis.com/94625-fine_default/le-meal-2021-ferraton-pere-fils.png,03911.png
3912,https://www.vinatis.com/94627-fine_default/lytton-estate-petite-syrah-2021-ridge-vineyard.png,03912.png
3913,https://www.vinatis.com/94633-fine_default/cornas-2023-domaine-du-tunnel.png,03913.png
3914,https://www.vinatis.com/94670-fine_default/scharzhof-riesling-2023-domaine-egon-muller.png,03914.png
3915,https://www.vinatis.com/94754-fine_default/georges-de-latour-private-reserve-2021-beaulieu-vineyard.png,03915.png
3916,https://www.vinatis.com/95716-fine_default/le-jardin-2020-domaine-milan.png,03916.png
3917,https://www.vinatis.com/94782-fine_default/clos-triguedina-blanc-sec-2023-jean-luc-baldes.png,03917.png
3918,https://www.vinatis.com/94829-fine_default/muscat-doux-2023-mas-amiel.png,03918.png
3919,https://www.vinatis.com/94928-fine_default/heytesbury-chardonnay-2022-vasse-felix.png,03919.png
3920,https://www.vinatis.com/94945-fine_default/rosso-di-montalcino-2022-argiano.png,03920.png
3921,https://www.vinatis.com/94948-fine_default/le-clos-2022-delas.png,03921.png
3922,https://www.vinatis.com/97823-fine_default/aster-reserva-2021-la-rioja-alta.png,03922.png
3923,https://www.vinatis.com/95056-fine_default/fleurie-2022-domaine-des-nugues.png,03923.png
3924,https://www.vinatis.com/96435-fine_default/chablis-1er-cru-mont-de-milieu-2021-domaine-besson.png,03924.png
3925,https://www.vinatis.com/95223-fine_default/chablis-1er-cru-vaillons-2022-domaine-moreau-naudet.png,03925.png
3926,https://www.vinatis.com/95315-fine_default/les-forts-de-latour-2012-second-vin-du-chateau-latour.png,03926.png
3927,https://www.vinatis.com/95552-fine_default/aromes-de-pavie-2015-second-vin-du-chateau-pavie.png,03927.png
3928,https://www.vinatis.com/95340-fine_default/persan-saint-gilbert-2023-g-g-bouvet.png,03928.png
3929,https://www.vinatis.com/95355-fine_default/termes-2021-bodegas-numanthia.png,03929.png
3930,https://www.vinatis.com/95443-fine_default/etna-rosso-2022-planeta.png,03930.png
3931,https://www.vinatis.com/95483-fine_default/brunello-di-montalcino-pianrosso-2020-ciacci-piccolomini-d-aragona.png,03931.png
3932,https://www.vinatis.com/95484-fine_default/vigne-di-pianrosso-riserva-santa-caterina-d-oro-2019-ciacci-piccolomini-d-aragona.png,03932.png
3933,https://www.vinatis.com/95686-fine_default/zind-2022-domaine-zind-humbrecht.png,03933.png
3934,https://www.vinatis.com/95553-fine_default/sancerre-blanc-le-grand-rochoy-2023-domaine-laporte.png,03934.png
3935,https://www.vinatis.com/95562-fine_default/barolo-del-comune-di-monforte-d-alba-2020-domenico-clerico.png,03935.png
3936,https://www.vinatis.com/95652-fine_default/francois-de-tournon-2022-delas.png,03936.png
3937,https://www.vinatis.com/95657-fine_default/fongeant-2022-pierre-jean-villa.png,03937.png
3938,https://www.vinatis.com/95889-fine_default/saperavi-2023-shumi-winery.png,03938.png
3939,https://www.vinatis.com/95867-fine_default/savennieres-bellevue-2022-domaine-baudouin.png,03939.png
3940,https://www.vinatis.com/95945-fine_default/mauro-godello-2023-bodegas-mauro.png,03940.png
3941,https://www.vinatis.com/96017-fine_default/chateau-la-grande-clotte-blanc-2023.png,03941.png
3942,https://www.vinatis.com/96697-fine_default/gevrey-chambertin-jeunes-rois-bio-2021-domaine-tortochot.png,03942.png
3943,https://www.vinatis.com/96112-fine_default/le-gallet-blanc-2023-francois-villard.png,03943.png
3944,https://www.vinatis.com/96194-fine_default/barolo-2021-vietti.png,03944.png
3945,https://www.vinatis.com/96200-fine_default/barolo-rocche-di-castiglione-2021-vietti.png,03945.png
3946,https://www.vinatis.com/96430-fine_default/petit-pas-rouge-2023-mas-janeil-francois-lurton.png,03946.png
3947,https://www.vinatis.com/96287-fine_default/fleurie-grille-midi-2022-jean-paul-brun-domaine-des-terres-dorees.png,03947.png
3948,https://www.vinatis.com/96934-fine_default/barolo-le-vigne-2020-sandrone.png,03948.png
3949,https://www.vinatis.com/96343-fine_default/jardin-suspendu-2023-pierre-jean-villa.png,03949.png
3950,https://www.vinatis.com/96344-fine_default/barolo-aleste-2020-sandrone.png,03950.png
3951,https://www.vinatis.com/96622-fine_default/alzero-cabernet-2016-giuseppe-quintarelli.png,03951.png
3952,https://www.vinatis.com/96438-fine_default/chateau-d-armailhac-2018-5eme-cru-classe.png,03952.png
3953,https://www.vinatis.com/98300-fine_default/berceau-des-fees-2023-domaine-aux-moines.png,03953.png
3954,https://www.vinatis.com/96468-fine_default/classique-vallon-des-anges-rose-2024-domaine-de-valdition.png,03954.png
3955,https://www.vinatis.com/97264-fine_default/saumur-blanc-l-echelier-2023-domaine-roches-neuves-thierry-germain.png,03955.png
3956,https://www.vinatis.com/97267-fine_default/sancerre-blanc-cuvee-silex-2023-domaine-fournier-pere-et-fils.png,03956.png
3957,https://www.vinatis.com/96573-fine_default/sufreiral-2023-bodegas-y-vinedos-cesar-marquez.png,03957.png
3958,https://www.vinatis.com/96586-fine_default/old-vines-white-2023-mullineux-leeu.png,03958.png
3959,https://www.vinatis.com/97070-fine_default/meursault-premier-cru-les-charmes-2023-domaine-chavy-chouet.png,03959.png
3960,https://www.vinatis.com/96644-fine_default/meursault-les-narvaux-2023-domaine-chavy-chouet.png,03960.png
3961,https://www.vinatis.com/100628-fine_default/puligny-montrachet-2023-louis-latour.png,03961.png
3962,https://www.vinatis.com/96711-fine_default/meursault-1er-cru-genevrieres-2022-bouchard-pere-et-fils.png,03962.png
3963,https://www.vinatis.com/96778-fine_default/sainte-epine-2022-delas.png,03963.png
3964,https://www.vinatis.com/96799-fine_default/carminat-2023-romain-duvernay.png,03964.png
3965,https://www.vinatis.com/96908-fine_default/la-salvacion-godello-2023-bodega-y-vinedos-cesar-marquez.png,03965.png
3966,https://www.vinatis.com/96917-fine_default/saint-joseph-parady-2022-domaine-bernard-gripa.png,03966.png
3967,https://www.vinatis.com/97698-fine_default/cremant-de-bourgogne-rose-maison-patriarche.png,03967.png
3968,https://www.vinatis.com/96991-fine_default/rouge-et-or-2023-chateau-minuty.png,03968.png
3969,https://www.vinatis.com/97259-fine_default/grand-malbec-high-altitude-vineyards-2021-terrazas-de-los-andes.png,03969.png
3970,https://www.vinatis.com/97098-fine_default/clos-cibonne-cuvee-des-vignettes-2023-cru-classe.png,03970.png
3971,https://www.vinatis.com/97122-fine_default/clos-saint-denis-grand-cru-2017-domaine-gagey-louis-jadot.png,03971.png
3972,https://www.vinatis.com/97695-fine_default/chateau-de-reignac-bordeaux-superieur-2021.png,03972.png
3973,https://www.vinatis.com/97186-fine_default/vacqueyras-2023-reserve-saint-dominique.png,03973.png
3974,https://www.vinatis.com/98147-fine_default/sublinae-2022-maison-anthony-paret.png,03974.png
3975,https://www.vinatis.com/97227-fine_default/la-cinso-2023-anne-gros-et-jean-paul-tollot.png,03975.png
3976,https://www.vinatis.com/97247-fine_default/solus-2023-chateau-de-caraguilhes.png,03976.png
3977,https://www.vinatis.com/97303-fine_default/corton-grand-cru-le-rognet-2022-arnoux-pere-et-fils.png,03977.png
3978,https://www.vinatis.com/97307-fine_default/pinot-noir-2018-resonance-vineyard.png,03978.png
3979,https://www.vinatis.com/97603-fine_default/petite-france-2022-cuvee-parcellaire-peter-sichel.png,03979.png
3980,https://www.vinatis.com/97458-fine_default/cotes-du-jura-blanc-tradition-2022-domaine-frederic-lambert.png,03980.png
3981,https://www.vinatis.com/97472-fine_default/macan-clasico-2021-benjamin-de-rothschild-vega-sicilia.png,03981.png
3982,https://www.vinatis.com/97474-fine_default/macan-2020-benjamin-de-rothschild-vega-sicilia.png,03982.png
3983,https://www.vinatis.com/97506-fine_default/gevrey-chambertin-ma-cuvee-2022-arnaud-mortet.png,03983.png
3984,https://www.vinatis.com/97548-fine_default/probus-2021-clos-triguedina-jean-luc-baldes.png,03984.png
3985,https://www.vinatis.com/99166-fine_default/palacio-del-burgo-reserva-2020-bodegas-burgo-viejo.png,03985.png
3986,https://www.vinatis.com/66768-fine_default/crozes-hermitage-les-varonniers-2021-m-chapoutier.png,03986.png
3987,https://www.vinatis.com/91336-fine_default/mapu-cabernet-sauvignon-2023-baron-philippe-de-rothschild.png,03987.png
3988,https://www.vinatis.com/95708-fine_default/pinot-noir-reserve-cuve-7-2020-domaine-trimbach.png,03988.png
3989,https://www.vinatis.com/44572-fine_default/barolo-rocche-dell-annunziata-2014-roberto-voerzio.png,03989.png
3990,https://www.vinatis.com/88996-fine_default/volnay-1er-cru-clos-des-chenes-2018-jean-michel-gaunoux-fils.png,03990.png
3991,https://www.vinatis.com/96495-fine_default/saint-joseph-les-coteaux-2023-domaine-durand-eric-joel.png,03991.png
3992,https://www.vinatis.com/101290-fine_default/rully-rouge-2023-domaine-champion-thierry.png,03992.png
3993,https://www.vinatis.com/101293-fine_default/marsannay-rouge-cuvee-saint-urbain-2020-jean-fournier.png,03993.png
3994,https://www.vinatis.com/101294-fine_default/puligny-montrachet-1er-cru-la-garenne-blanc-2023-domaine-bouton.png,03994.png
3995,https://www.vinatis.com/101288-fine_default/diplomate-d-empire-blanc-2022-domaine-abbatucci.png,03995.png
3996,https://www.vinatis.com/92266-fine_default/cote-rotie-eminence-2023-remi-niero.png,03996.png
3997,https://www.vinatis.com/88295-fine_default/saint-joseph-vignes-de-l-hospice-2021-e-guigal.png,03997.png
3998,https://www.vinatis.com/91280-fine_default/combarels-blanc-2023-cassagne-et-vitailles.png,03998.png
3999,https://www.vinatis.com/91589-fine_default/pouilly-fume-leon-2023-domaine-jonathan-didier-pabiot.png,03999.png
4000,https://www.vinatis.com/81252-fine_default/mondeuse-les-taillis-2022-domaine-saint-germain.png,04000.png
4001,https://www.vinatis.com/97697-fine_default/domaine-melody-rouge-2023.png,04001.png
4002,https://www.vinatis.com/97128-fine_default/la-grande-cuvee-rose-2023-chateau-de-berne.png,04002.png
4003,https://www.vinatis.com/99627-fine_default/sainte-catherine-rose-2019-domaine-la-suffrene.png,04003.png
4004,https://www.vinatis.com/94615-fine_default/petit-figeac-2021-second-vin-de-chateau-figeac.png,04004.png
4005,https://www.vinatis.com/85720-fine_default/cote-rotie-la-germine-2022-benjamin-et-david-duclaux.png,04005.png
4006,https://www.vinatis.com/98824-fine_default/terrasse-du-diable-2022-les-pallieres-famille-brunier.png,04006.png
4007,https://www.vinatis.com/97975-fine_default/syrah-2024-les-jamelles.png,04007.png
4008,https://www.vinatis.com/img/p/ghost-fine_default.jpg,04008.png
4009,https://www.vinatis.com/100168-fine_default/carillon-de-rouget-2019-second-vin-du-chateau-rouget.png,04009.png
4010,https://www.vinatis.com/img/p/ghost-fine_default.jpg,04010.png
4011,https://www.vinatis.com/img/p/ghost-fine_default.jpg,04011.png
4012,https://www.vinatis.com/96705-fine_default/primitivo-wrap-organic-2024-uccellini.png,04012.png
4013,https://www.vinatis.com/84038-fine_default/santenay-2017-maison-patriarche.png,04013.png
4014,https://www.vinatis.com/94197-fine_default/rioja-crianza-2020-bodegas-burgo-viejo.png,04014.png
4015,https://www.vinatis.com/84236-fine_default/reserve-mouton-cadet-pessac-leognan-2021-baron-philippe-de-rothschild.png,04015.png
4016,https://www.vinatis.com/87877-fine_default/cote-mas-blanc-2023-domaines-paul-mas.png,04016.png
4017,https://www.vinatis.com/95554-fine_default/vire-clesse-tradition-2023-domaine-des-deux-roches.png,04017.png
4018,https://www.vinatis.com/86309-fine_default/saint-bris-2022-jean-marc-brocard.png,04018.png
4019,https://www.vinatis.com/91029-fine_default/l-artisan-le-pinot-noir-2023-domaines-paul-mas.png,04019.png
4020,https://www.vinatis.com/93439-fine_default/la-champine-syrah-2023-jean-michel-gerin.png,04020.png
4021,https://www.vinatis.com/87754-fine_default/moulin-a-vent-vieilles-vignes-2022-domaine-des-chers.png,04021.png
4022,https://www.vinatis.com/93888-fine_default/morgon-2022-chateau-des-jacques.png,04022.png
4023,https://www.vinatis.com/99153-fine_default/rose-2024-domaine-tempier.png,04023.png
4024,https://www.vinatis.com/87898-fine_default/monthelie-2020-bouchard-pere-et-fils.png,04024.png
4025,https://www.vinatis.com/89138-fine_default/rose-2023-clos-canarelli.png,04025.png
4026,https://www.vinatis.com/81497-fine_default/chateau-brane-cantenac-2017-2nd-cru-classe.png,04026.png
4027,https://www.vinatis.com/64473-fine_default/chateau-haut-brion-2019-1er-cru-classe.png,04027.png
4028,https://www.vinatis.com/84197-fine_default/pinot-gris-bollenberg-moelleux-2019-domaine-valentin-zusslin.png,04028.png
4029,https://www.vinatis.com/98035-fine_default/niellucciu-rouge-2023-domaine-terra-vecchia.png,04029.png
4030,https://www.vinatis.com/90058-fine_default/cerasuolo-di-vittoria-classico-2021-cos.png,04030.png
4031,https://www.vinatis.com/80865-fine_default/piedlong-2021-domaine-du-vieux-telegraphe.png,04031.png
4032,https://www.vinatis.com/88910-fine_default/morgon-dynamite-2022-les-bertrand.png,04032.png
4033,https://www.vinatis.com/80844-fine_default/vouvray-demi-sec-le-haut-lieu-2022-domaine-huet.png,04033.png
4034,https://www.vinatis.com/71615-fine_default/chateau-pape-clement-2014-cru-classe-de-graves.png,04034.png
4035,https://www.vinatis.com/94251-fine_default/chateau-balestard-la-tonnelle-2014.png,04035.png
4036,https://www.vinatis.com/94005-fine_default/cote-de-brouilly-les-sept-vignes-2023-chateau-thivin.png,04036.png
4037,https://www.vinatis.com/85102-fine_default/peggy-s-hill-riesling-2023-henschke.png,04037.png
4038,https://www.vinatis.com/94113-fine_default/montlouis-sur-loire-clef-de-sol-blanc-2023-domaine-la-grange-tiphaine.png,04038.png
4039,https://www.vinatis.com/93376-fine_default/chateau-ferriere-2020-3eme-cru-classe.png,04039.png
4040,https://www.vinatis.com/97274-fine_default/la-vr-2023-vermentino-roussanne-anne-gros-et-jean-paul-tollot.png,04040.png
4041,https://www.vinatis.com/89924-fine_default/gevrey-chambertin-clos-village-2022-domaine-philippe-livera.png,04041.png
4042,https://www.vinatis.com/60842-fine_default/cuvee-de-mon-aieul-2022-pierre-usseglio-fils.png,04042.png
4043,https://www.vinatis.com/87523-fine_default/poggio-argentato-2023-fattoria-le-pupille.png,04043.png
4044,https://www.vinatis.com/83802-fine_default/chateau-la-tour-carnet-2020-4eme-cru-classe.png,04044.png
4045,https://www.vinatis.com/97696-fine_default/gamine-2023-pierre-jean-villa.png,04045.png
4046,https://www.vinatis.com/75768-fine_default/the-contours-riesling-museum-release-2016-pewsey-vale.png,04046.png
4047,https://www.vinatis.com/93179-fine_default/french-malbec-2022-domaine-triguedina-jean-luc-baldes.png,04047.png
4048,https://www.vinatis.com/88373-fine_default/le-vieux-clocher-2020-maison-arnoux-fils.png,04048.png
4049,https://www.vinatis.com/91395-fine_default/chinon-rouge-les-picasses-2020-chateau-de-coulaine.png,04049.png
4050,https://www.vinatis.com/63407-fine_default/l-autan-minervois-bio-2020-chateau-maris.png,04050.png
4051,https://www.vinatis.com/89525-fine_default/mala-coste-2021-la-dourbie.png,04051.png
4052,https://www.vinatis.com/89941-fine_default/valencay-rouge-signature-2023-domaine-jean-francois-roy.png,04052.png
4053,https://www.vinatis.com/85341-fine_default/gevrey-chambertin-2022-chateau-de-marsannay.png,04053.png
4054,https://www.vinatis.com/92156-fine_default/moulin-des-dames-2022-chateau-tour-des-gendres.png,04054.png
4055,https://www.vinatis.com/47327-fine_default/chateau-angelus-2015-1er-grand-cru-classe-a.png,04055.png
4056,https://www.vinatis.com/98590-fine_default/touraine-amboise-rouge-mont-luma-2020-bonnigal-bodet.png,04056.png
4057,https://www.vinatis.com/94984-fine_default/rasteau-les-valats-2023-alain-jaume.png,04057.png
4058,https://www.vinatis.com/90806-fine_default/chateau-romassan-rouge-2019-domaines-ott.png,04058.png
4059,https://www.vinatis.com/98879-fine_default/clos-du-marquis-2000.png,04059.png
4060,https://www.vinatis.com/88426-fine_default/chateau-talbot-2017-4eme-cru-classe.png,04060.png
4061,https://www.vinatis.com/98034-fine_default/sunset-rose-domaine-terra-vecchia.png,04061.png
4062,https://www.vinatis.com/88398-fine_default/garrus-2022-chateau-d-esclans.png,04062.png
4063,https://www.vinatis.com/92991-fine_default/chateau-de-fieuzal-2015-cru-classe-de-graves.png,04063.png
4064,https://www.vinatis.com/96925-fine_default/estate-cuvee-2021-l-aventure.png,04064.png
4065,https://www.vinatis.com/93377-fine_default/morei-2023-foradori.png,04065.png
4066,https://www.vinatis.com/51868-fine_default/chateau-d-yquem-2007-1er-cru-classe-superieur.png,04066.png
4067,https://www.vinatis.com/92394-fine_default/chateau-haut-brion-2020-1er-cru-classe.png,04067.png
4068,https://www.vinatis.com/97649-fine_default/sancerre-pinot-noir-2023-vincent-pinard.png,04068.png
4069,https://www.vinatis.com/94828-fine_default/vintage-blanc-2023-mas-amiel.png,04069.png
4070,https://www.vinatis.com/71011-fine_default/la-muse-2008-verite.png,04070.png
4071,https://www.vinatis.com/85336-fine_default/bourgogne-du-chateau-2022-chateau-de-marsannay.png,04071.png
4072,https://www.vinatis.com/87247-fine_default/riesling-grand-cru-kaefferkopf-2021-domaine-meyer-fonne.png,04072.png
4073,https://www.vinatis.com/97068-fine_default/gally-assemblage-2022-domaine-jean-rene-germanier.png,04073.png
4074,https://www.vinatis.com/82742-fine_default/en-passant-2022-domaine-gayda.png,04074.png
4075,https://www.vinatis.com/99128-fine_default/rose-amphore-2024-terre-des-dames.png,04075.png
4076,https://www.vinatis.com/90938-fine_default/equis-2022-domaine-des-lises.png,04076.png
4077,https://www.vinatis.com/91966-fine_default/la-bergerie-des-centenaires-rouge-2022-clos-des-centenaires.png,04077.png
4078,https://www.vinatis.com/93900-fine_default/chianti-classico-bramosia-2022-donna-laura.png,04078.png
4079,https://www.vinatis.com/87273-fine_default/valpolicella-classico-2023-speri.png,04079.png
4080,https://www.vinatis.com/89646-fine_default/very-limoux-blanc-2023-anne-de-joyeuse.png,04080.png
4081,https://www.vinatis.com/98299-fine_default/la-clape-rouge-2022-chateau-d-angles.png,04081.png
4082,https://www.vinatis.com/91613-fine_default/up-blanc-2023-ultimate-provence.png,04082.png
4083,https://www.vinatis.com/80948-fine_default/noctambule-2022-caraguilhes.png,04083.png
4084,https://www.vinatis.com/93021-fine_default/marsanne-2023-louis-cheze.png,04084.png
4085,https://www.vinatis.com/87071-fine_default/saumur-champigny-les-memoires-2022-domaine-roches-neuves-thierry-germain.png,04085.png
4086,https://www.vinatis.com/93558-fine_default/chateau-independance-2018.png,04086.png
4087,https://www.vinatis.com/83735-fine_default/chateau-guiraud-2010-1er-cru-classe.png,04087.png
4088,https://www.vinatis.com/84746-fine_default/vat-1-semillon-2017-tyrrell-s-wines.png,04088.png
4089,https://www.vinatis.com/91930-fine_default/riesling-grand-cru-kastelberg-schiste-2023-domaine-julien-schaal.png,04089.png
4090,https://www.vinatis.com/94452-fine_default/langhe-nebbiolo-2023-carlo-revello-figli.png,04090.png
4091,https://www.vinatis.com/88801-fine_default/saint-joseph-les-pierres-seches-2022-yves-cuilleron.png,04091.png
4092,https://www.vinatis.com/88361-fine_default/sauvignon-blanc-2023-shaw-smith.png,04092.png
4093,https://www.vinatis.com/91301-fine_default/les-premieres-2020-domaine-bardi-d-alquier.png,04093.png
4094,https://www.vinatis.com/93202-fine_default/koonunga-hill-shiraz-cabernet-2020-penfolds.png,04094.png
4095,https://www.vinatis.com/97745-fine_default/pigeoulet-2023-famile-brunier.png,04095.png
4096,https://www.vinatis.com/85475-fine_default/las-suertes-2021-suertes-del-marques.png,04096.png
4097,https://www.vinatis.com/88806-fine_default/marsanne-2023-les-vignes-da-cote-yves-cuilleron.png,04097.png
4098,https://www.vinatis.com/92052-fine_default/koonunga-hill-chardonnay-2023-penfolds.png,04098.png
4099,https://www.vinatis.com/89896-fine_default/cedre-heritage-2021-chateau-du-cedre.png,04099.png
4100,https://www.vinatis.com/90491-fine_default/vintner-s-reserve-chardonnay-2021-kendall-jackson.png,04100.png
4101,https://www.vinatis.com/82119-fine_default/cochon-de-dieu-2022-domaine-mas-del-perie.png,04101.png
4102,https://www.vinatis.com/89381-fine_default/petit-clos-2022-clos-canarelli.png,04102.png
4103,https://www.vinatis.com/69918-fine_default/chateau-cos-labory-2017-5eme-cru-classe.png,04103.png
4104,https://www.vinatis.com/80927-fine_default/muscadet-sevre-et-maine-cru-goulaine-2018-chateau-guipiere.png,04104.png
4105,https://www.vinatis.com/87341-fine_default/santenay-1er-cru-blanc-beauregard-2022-chateau-de-la-charriere-yves-girardin.png,04105.png
4106,https://www.vinatis.com/88802-fine_default/la-petite-cote-2023-yves-cuilleron.png,04106.png
4107,https://www.vinatis.com/89787-fine_default/collioure-l-oriental-2022-domaine-de-la-rectorie.png,04107.png
4108,https://www.vinatis.com/91758-fine_default/rose-d-anjou-les-jardins-de-la-reine-2023-barton-guestier.png,04108.png
4109,https://www.vinatis.com/97656-fine_default/maranges-1er-cru-la-fuissiere-2023-domaine-bertrand-bachelet.png,04109.png
4110,https://www.vinatis.com/89805-fine_default/woodcutter-s-shiraz-2021-torbreck.png,04110.png
4111,https://www.vinatis.com/93076-fine_default/chateau-fombrauge-2019.png,04111.png
4112,https://www.vinatis.com/91631-fine_default/riesling-grand-cru-rangen-volcanique-2023-domaine-julien-schaal.png,04112.png
4113,https://www.vinatis.com/87324-fine_default/chambolle-musigny-1er-cru-les-noirots-2014-louis-jadot.png,04113.png
4114,https://www.vinatis.com/78355-fine_default/coteaux-bourguignons-2022-natura-mater-collin-bourisset.png,04114.png
4115,https://www.vinatis.com/79326-fine_default/chateau-tour-de-marbuzet-2018.png,04115.png
4116,https://www.vinatis.com/90477-fine_default/cap-nord-2022-domaine-laurent-combier.png,04116.png
4117,https://www.vinatis.com/87418-fine_default/blanc-et-or-2023-chateau-minuty.png,04117.png
4118,https://www.vinatis.com/93261-fine_default/chinon-blanc-2023-bernard-baudry.png,04118.png
4119,https://www.vinatis.com/78053-fine_default/santenay-1er-cru-blanc-beauregard-2020-domaine-roux-pere-et-fils.png,04119.png
4120,https://www.vinatis.com/54025-fine_default/chateau-malescot-saint-exupery-2018-3eme-cru-classe.png,04120.png
4121,https://www.vinatis.com/82139-fine_default/les-rosiers-2021-domaine-de-belliviere.png,04121.png
4122,https://www.vinatis.com/80365-fine_default/chateau-clauzet-2015.png,04122.png
4123,https://www.vinatis.com/85096-fine_default/the-factor-shiraz-2020-torbreck.png,04123.png
4124,https://www.vinatis.com/85836-fine_default/coulee-de-serrant-2022-vignobles-de-la-coulee-de-serrant.png,04124.png
4125,https://www.vinatis.com/86249-fine_default/chateau-jean-faure-2020-grand-cru-classe.png,04125.png
4126,https://www.vinatis.com/87364-fine_default/le-clos-peyrassol-rose-2023.png,04126.png
4127,https://www.vinatis.com/88728-fine_default/block-3-pinot-noir-2022-felton-road.png,04127.png
4128,https://www.vinatis.com/75805-fine_default/les-clans-2022-chateau-d-esclans.png,04128.png
4129,https://www.vinatis.com/76923-fine_default/cote-de-brouilly-2022-jean-claude-lapalu.png,04129.png
4130,https://www.vinatis.com/81274-fine_default/vina-tondonia-reserva-blanc-2012-lopez-de-heredia.png,04130.png
4131,https://www.vinatis.com/91157-fine_default/chateauneuf-du-pape-2021-domaine-beaurenard.png,04131.png
4132,https://www.vinatis.com/85002-fine_default/la-croix-de-beaucaillou-2018-second-vin-de-chateau-ducru-beaucaillou.png,04132.png
4133,https://www.vinatis.com/94400-fine_default/marsannay-rouge-2022-domaine-bruno-clair.png,04133.png
4134,https://www.vinatis.com/94419-fine_default/nuits-saint-georges-1er-cru-clos-des-forets-saint-georges-monopole-2022-domaine-de-l-arlot.png,04134.png
4135,https://www.vinatis.com/93257-fine_default/chinon-rouge-clos-guillot-2022-bernard-baudry.png,04135.png
4136,https://www.vinatis.com/94506-fine_default/finca-pombeiras-2022-guimaro.png,04136.png
4137,https://www.vinatis.com/28116-fine_default/chateau-malescot-saint-exupery-2010-3eme-cru-classe.png,04137.png
4138,https://www.vinatis.com/87742-fine_default/la-geynale-2022-domaine-vincent-paris.png,04138.png
4139,https://www.vinatis.com/88446-fine_default/chablis-grand-cru-les-clos-2022-louis-michel-et-fils.png,04139.png
4140,https://www.vinatis.com/94127-fine_default/chambolle-musigny-1er-cru-les-lavrottes-2022-domaine-felettig.png,04140.png
4141,https://www.vinatis.com/88729-fine_default/block-5-pinot-noir-2022-felton-road.png,04141.png
4142,https://www.vinatis.com/93059-fine_default/cornish-pinot-noir-2022-felton-road.png,04142.png
4143,https://www.vinatis.com/91651-fine_default/guilhem-gaucelm-2021-ermitage-du-pic-saint-loup.png,04143.png
4144,https://www.vinatis.com/91839-fine_default/la-guiraude-2022-domaine-alain-graillot.png,04144.png
4145,https://www.vinatis.com/93124-fine_default/chateau-latour-a-pomerol-2016.png,04145.png
4146,https://www.vinatis.com/93792-fine_default/chateau-senejac-2019.png,04146.png
4147,https://www.vinatis.com/95156-fine_default/macon-milly-lamartine-clos-du-four-2022-les-heritiers-comte-lafon.png,04147.png
4148,https://www.vinatis.com/75335-fine_default/cote-rotie-les-rochins-2021-domaine-bonnefond.png,04148.png
4149,https://www.vinatis.com/77494-fine_default/mas-de-daumas-gassac-blanc-2022.png,04149.png
4150,https://www.vinatis.com/89793-fine_default/terre-de-jonquieres-2022-mas-cal-demoura.png,04150.png
4151,https://www.vinatis.com/91638-fine_default/pouilly-fuisse-1er-cru-les-perrieres-2022-domaine-ja-ferret.png,04151.png
4152,https://www.vinatis.com/82481-fine_default/freestone-pinot-noir-2021-occidental.png,04152.png
4153,https://www.vinatis.com/92104-fine_default/pouilly-fuisse-1er-cru-cuvee-prestige-2022-domaine-nadine-ferrand.png,04153.png
4154,https://www.vinatis.com/93581-fine_default/les-grandes-places-2022-jean-michel-gerin.png,04154.png
4155,https://www.vinatis.com/48100-fine_default/beaune-greves-vignes-de-l-enfant-jesus-2017-bouchard-pere-et-fils.png,04155.png
4156,https://www.vinatis.com/86615-fine_default/chateau-smith-haut-lafitte-2020-cru-classe-de-graves.png,04156.png
4157,https://www.vinatis.com/85106-fine_default/pinot-noir-2022-tolpuddle-vineyard.png,04157.png
4158,https://www.vinatis.com/88390-fine_default/riesling-roche-roulee-2021-domaine-zind-humbrecht.png,04158.png
4159,https://www.vinatis.com/91989-fine_default/aimer-rever-prier-se-taire-2023-domaine-du-clos-des-fees.png,04159.png
4160,https://www.vinatis.com/90465-fine_default/chignin-bergeron-au-pied-des-tours-2023-domaine-anne-sophie-et-jean-francois-quenard.png,04160.png
4161,https://www.vinatis.com/89882-fine_default/adrianna-vineyard-fortuna-terrae-2020-catena-zapata.png,04161.png
4162,https://www.vinatis.com/90100-fine_default/camille-2023-marcel-lapierre.png,04162.png
4163,https://www.vinatis.com/90940-fine_default/crozes-hermitage-2022-alain-graillot.png,04163.png
4164,https://www.vinatis.com/91093-fine_default/pf-2023-bodegas-y-vinedos-ponce.png,04164.png
4165,https://www.vinatis.com/55900-fine_default/chateau-smith-haut-lafitte-2017-cru-classe-de-graves.png,04165.png
4166,https://www.vinatis.com/83392-fine_default/chablis-1er-cru-montee-de-tonnerre-2021-louis-michel-et-fils.png,04166.png
4167,https://www.vinatis.com/94029-fine_default/puligny-montrachet-1er-cru-les-pucelles-2022-henri-boillot.png,04167.png
4168,https://www.vinatis.com/94420-fine_default/clos-du-chapeau-2022-domaine-de-l-arlot.png,04168.png
4169,https://www.vinatis.com/93191-fine_default/beaujolais-nouveau-2024-domaine-des-marrans.png,04169.png
4170,https://www.vinatis.com/93422-fine_default/beaujolais-nouveau-2024-jean-foillard.png,04170.png
4171,https://www.vinatis.com/94384-fine_default/savigny-les-beaune-1er-cru-aux-serpentieres-2019-les-terres-de-phileandre.png,04171.png
4172,https://www.vinatis.com/94006-fine_default/cote-de-brouilly-la-chapelle-2023-chateau-thivin.png,04172.png
4173,https://www.vinatis.com/93573-fine_default/champin-le-seigneur-2022-jean-michel-gerin.png,04173.png
4174,https://www.vinatis.com/96173-fine_default/macon-chardonnay-2023-bret-brothers.png,04174.png
4175,https://www.vinatis.com/84580-fine_default/geyserville-2021-ridge-vineyard.png,04175.png
4176,https://www.vinatis.com/87293-fine_default/rully-rouge-bio-chaponniere-2022-domaine-ninot.png,04176.png
4177,https://www.vinatis.com/88730-fine_default/cheverny-rouge-envol-2021-domaine-des-huards.png,04177.png
4178,https://www.vinatis.com/88620-fine_default/wild-sauvignon-2021-greywacke.png,04178.png
4179,https://www.vinatis.com/88726-fine_default/block-2-chardonnay-2022-felton-road.png,04179.png
4180,https://www.vinatis.com/88911-fine_default/cuvee-du-chaos-2022-les-bertrand.png,04180.png
4181,https://www.vinatis.com/91435-fine_default/saint-peray-marsanne-2023-domaine-du-tunnel.png,04181.png
4182,https://www.vinatis.com/94399-fine_default/marsannay-les-grasses-tetes-2022-domaine-bruno-clair.png,04182.png
4183,https://www.vinatis.com/94443-fine_default/bourgogne-aligote-2022-domaine-bruno-clair.png,04183.png
4184,https://www.vinatis.com/92508-fine_default/les-figuiers-2023-domaine-bernard-gripa.png,04184.png
4185,https://www.vinatis.com/89446-fine_default/gevrey-chambertin-vieilles-vignes-2022-closerie-des-alisiers.png,04185.png
4186,https://www.vinatis.com/90481-fine_default/clos-des-grives-2022-rouge-domaine-laurent-combier.png,04186.png
4187,https://www.vinatis.com/90873-fine_default/mercurey-1er-cru-les-combins-2022-domaine-michel-juillot.png,04187.png
4188,https://www.vinatis.com/94858-fine_default/wild-boar-chardonnay-2023-tussock-jumper.png,04188.png
4189,https://www.vinatis.com/96935-fine_default/pic-saint-loup-vieilles-vignes-2022-chateau-de-lancyre.png,04189.png
4190,https://www.vinatis.com/87761-fine_default/cuvee-du-papy-2022-stephane-montez-du-monteillet.png,04190.png
4191,https://www.vinatis.com/89243-fine_default/morgon-cote-du-py-2022-jean-foillard.png,04191.png
4192,https://www.vinatis.com/85014-fine_default/fleurie-roche-guillon-2021-domaine-de-fa.png,04192.png
4193,https://www.vinatis.com/87789-fine_default/rully-1er-cru-les-cloux-rouge-2021-domaine-a-et-p-de-villaine.png,04193.png
4194,https://www.vinatis.com/88810-fine_default/roussanne-les-vignes-da-cote-2023-yves-cuilleron.png,04194.png
4195,https://www.vinatis.com/98273-fine_default/monier-de-la-sizeranne-2018-m-chapoutier.png,04195.png
4196,https://www.vinatis.com/75764-fine_default/riesling-2022-pewsey-vale.png,04196.png
4197,https://www.vinatis.com/81962-fine_default/santenay-vieilles-vignes-blanc-2021-chateau-de-la-charriere-yves-girardin.png,04197.png
4198,https://www.vinatis.com/89904-fine_default/chateau-gaillard-2022-domaine-anita.png,04198.png
4199,https://www.vinatis.com/90313-fine_default/autour-du-cinsault-2023-les-vignes-oubliees.png,04199.png
4200,https://www.vinatis.com/90531-fine_default/la-source-2022-ferraton-pere-fils.png,04200.png
4201,https://www.vinatis.com/91288-fine_default/chinon-blanc-les-pieds-rotis-2023-chateau-de-coulaine.png,04201.png
4202,https://www.vinatis.com/91485-fine_default/proxima-2023-domaine-stephane-pichat.png,04202.png
4203,https://www.vinatis.com/62503-fine_default/chateau-haut-musset-2018.png,04203.png
4204,https://www.vinatis.com/91972-fine_default/les-hauts-de-smith-2022-blanc-second-vin-du-chateau-smith-haut-lafitte.png,04204.png
4205,https://www.vinatis.com/92514-fine_default/equinoxe-2023-domaine-des-lises.png,04205.png
4206,https://www.vinatis.com/93516-fine_default/savennieres-clos-des-perrieres-2022-chateau-soucherie.png,04206.png
4207,https://www.vinatis.com/94091-fine_default/beaujolais-nouveau-2024-domaine-de-la-madone.png,04207.png
4208,https://www.vinatis.com/93627-fine_default/beaujolais-nouveau-2024-laurent-perrachon-fils.png,04208.png
4209,https://www.vinatis.com/93384-fine_default/pernand-vergelesses-1er-cru-les-vergelesses-2018-chanson-pere-et-fils.png,04209.png
4210,https://www.vinatis.com/84747-fine_default/the-struie-shiraz-2021-torbreck.png,04210.png
4211,https://www.vinatis.com/85013-fine_default/beaujolais-en-besset-2021-domaine-de-fa.png,04211.png
4212,https://www.vinatis.com/92789-fine_default/chambolle-musigny-clos-le-village-2022-domaine-felettig.png,04212.png
4213,https://www.vinatis.com/88869-fine_default/cote-rotie-2022-domaine-gallet.png,04213.png
4214,https://www.vinatis.com/71853-fine_default/croix-de-bebian-2021-prieure-saint-jean-de-bebian.png,04214.png
4215,https://www.vinatis.com/81653-fine_default/domaine-des-tourettes-blanc-2022-delas.png,04215.png
4216,https://www.vinatis.com/52488-fine_default/chateau-prieure-lichine-2016-4eme-cru-classe.png,04216.png
4217,https://www.vinatis.com/89623-fine_default/les-potiers-2023-yves-cuilleron.png,04217.png
4218,https://www.vinatis.com/90144-fine_default/macon-villages-les-sardines-2022-domaine-robert-denogent.png,04218.png
4219,https://www.vinatis.com/94017-fine_default/faustine-rouge-2023-comte-abbatucci.png,04219.png
4220,https://www.vinatis.com/83401-fine_default/cote-rotie-colline-de-couzou-2022-domaine-bonnefond.png,04220.png
4221,https://www.vinatis.com/51032-fine_default/barolo-rg-2015-carlo-revello-figli.png,04221.png
4222,https://www.vinatis.com/72426-fine_default/chateau-laville-2018.png,04222.png
4223,https://www.vinatis.com/94093-fine_default/beaujolais-nouveau-terra-iconia-2024-vignerons-des-pierres-dorees.png,04223.png
4224,https://www.vinatis.com/42698-fine_default/chateau-peyron-bouche-2015.png,04224.png
4225,https://www.vinatis.com/86242-fine_default/bandol-rouge-2019-domaine-de-fregate.png,04225.png
4226,https://www.vinatis.com/88733-fine_default/les-genets-2023-chateau-de-roquefort.png,04226.png
4227,https://www.vinatis.com/88734-fine_default/mac-muir-pinot-noir-2022-felton-road.png,04227.png
4228,https://www.vinatis.com/73254-fine_default/les-4-chemins-2020-domaine-le-sollier.png,04228.png
4229,https://www.vinatis.com/82058-fine_default/combarels-a-la-lumiere-2021-cassagne-et-vitailles.png,04229.png
4230,https://www.vinatis.com/92741-fine_default/givry-1er-cru-crausot-2022-domaine-francois-lumpp.png,04230.png
4231,https://www.vinatis.com/68128-fine_default/hecula-2020-bodegas-castano.png,04231.png
4232,https://www.vinatis.com/83109-fine_default/mas-de-daumas-gassac-rouge-2021.png,04232.png
4233,https://www.vinatis.com/92246-fine_default/sauvignon-2022-pete-s-pure.png,04233.png
4234,https://www.vinatis.com/93375-fine_default/chateau-brane-cantenac-2020-second-cru-classe.png,04234.png
4235,https://www.vinatis.com/58496-fine_default/chateau-fleur-la-mothe-2018-cru-bourgeois-superieur.png,04235.png
4236,https://www.vinatis.com/89278-fine_default/hautes-cotes-de-nuits-2022-maison-patriarche.png,04236.png
4237,https://www.vinatis.com/91860-fine_default/pouilly-fume-le-coteau-2023-domaine-roger-pabiot.png,04237.png
4238,https://www.vinatis.com/88450-fine_default/hautes-cotes-de-nuits-2022-domaine-felettig.png,04238.png
4239,https://www.vinatis.com/93617-fine_default/beaujolais-nouveau-les-griottes-2024-domaines-chermette-vissoux.png,04239.png
4240,https://www.vinatis.com/78196-fine_default/beaune-1er-cru-les-teurons-2017-domaine-chanson.png,04240.png
4241,https://www.vinatis.com/81690-fine_default/petit-chablis-2022-domaine-laroche.png,04241.png
4242,https://www.vinatis.com/71424-fine_default/bachi-bouzouc-2020-la-reserve-d-o.png,04242.png
4243,https://www.vinatis.com/89790-fine_default/domaine-de-montcalmes-2021.png,04243.png
4244,https://www.vinatis.com/92805-fine_default/arbois-trousseau-nonceau-cuvee-des-geologues-2019-caveau-de-bacchus.png,04244.png
4245,https://www.vinatis.com/90371-fine_default/champon-s-2022-domaine-stephane-pichat.png,04245.png
4246,https://www.vinatis.com/94256-fine_default/casa-velha-tinto-2022-adega-de-favaios.png,04246.png
4247,https://www.vinatis.com/84173-fine_default/macon-pierreclos-2023-domaine-coteaux-des-margots.png,04247.png
4248,https://www.vinatis.com/88196-fine_default/crozes-hermitage-2021-maison-les-alexandrins.png,04248.png
4249,https://www.vinatis.com/93671-fine_default/l-origine-beauvois-2023-chateau-chardonnay.png,04249.png
4250,https://www.vinatis.com/86408-fine_default/volnay-2022-domaine-vaudoisey.png,04250.png
4251,https://www.vinatis.com/76062-fine_default/la-xara-2022-bodegas-y-vinedos-ponce.png,04251.png
4252,https://www.vinatis.com/67478-fine_default/romo-2019-domaine-des-huards.png,04252.png
4253,https://www.vinatis.com/93629-fine_default/beaujolais-nouveau-sans-soufre-2024-domaine-des-nugues.png,04253.png
4254,https://www.vinatis.com/92164-fine_default/artuke-2023-bodegas-y-vinedos-artuke.png,04254.png
4255,https://www.vinatis.com/93628-fine_default/beaujolais-villages-nouveau-2024-domaine-des-chers.png,04255.png
4256,https://www.vinatis.com/79165-fine_default/gaba-do-xil-mencia-2020-ladeiras-do-xil-telmo-rodriguez.png,04256.png
4257,https://www.vinatis.com/71031-fine_default/chablis-1er-cru-beauroy-2018-domaine-william-fevre.png,04257.png
4258,https://www.vinatis.com/90032-fine_default/riesling-clos-sainte-hune-2018-domaine-trimbach.png,04258.png
4259,https://www.vinatis.com/97323-fine_default/patrimonio-2023-domaine-ligenda.png,04259.png
4260,https://www.vinatis.com/94530-fine_default/condrieu-les-cassines-2021-maison-paul-jaboulet-aine.png,04260.png
4261,https://www.vinatis.com/90143-fine_default/pouilly-fuisse-la-croix-2022-domaine-robert-denogent.png,04261.png
4262,https://www.vinatis.com/93799-fine_default/quartz-2023-domaine-des-ardoisieres.png,04262.png
4263,https://www.vinatis.com/96465-fine_default/chassagne-montrachet-1er-cru-blanc-chenevottes-2022-domaine-genot-boulanger.png,04263.png
4264,https://www.vinatis.com/47259-fine_default/les-amandiers-2017-chateau-maris.png,04264.png
4265,https://www.vinatis.com/53979-fine_default/marlene-n3-2010-peyre-rose.png,04265.png
4266,https://www.vinatis.com/50665-fine_default/gevrey-chambertin-1er-cru-champeaux-2018-denis-mortet.png,04266.png
4267,https://www.vinatis.com/84674-fine_default/vougeot-1er-cru-le-clos-blanc-de-vougeot-2022-domaine-de-la-vougeraie.png,04267.png
4268,https://www.vinatis.com/84882-fine_default/pur-sang-2020-domaine-didier-dagueneau.png,04268.png
4269,https://www.vinatis.com/85101-fine_default/hill-of-grace-2018-henschke.png,04269.png
4270,https://www.vinatis.com/85718-fine_default/cote-rotie-la-chana-2022-benjamin-et-david-duclaux.png,04270.png
4271,https://www.vinatis.com/85835-fine_default/clos-de-la-bergerie-2022-vignobles-de-la-coulee-de-serrant.png,04271.png
4272,https://www.vinatis.com/85837-fine_default/les-vieux-clos-2022-vignobles-de-la-coulee-de-serrant.png,04272.png
4273,https://www.vinatis.com/86245-fine_default/bandol-blanc-2023-domaine-de-fregate.png,04273.png
4274,https://www.vinatis.com/86626-fine_default/meursault-1er-cru-les-charmes-2022-louis-jadot.png,04274.png
4275,https://www.vinatis.com/94137-fine_default/condrieu-les-chaillees-de-l-enfer-2022-domaine-georges-vernay.png,04275.png
4276,https://www.vinatis.com/87712-fine_default/la-chapelle-de-la-mission-haut-brion-2020-second-vin-de-la-mission-haut-brion.png,04276.png
4277,https://www.vinatis.com/92790-fine_default/chambolle-musigny-1er-cru-les-carrieres-2022-domaine-felettig.png,04277.png
4278,https://www.vinatis.com/88459-fine_default/pernand-vergelesses-blanc-2022-domaine-poisot.png,04278.png
4279,https://www.vinatis.com/88461-fine_default/corton-bressandes-grand-cru-2022-domaine-poisot.png,04279.png
4280,https://www.vinatis.com/88523-fine_default/pernand-vergelesses-1er-cru-blanc-en-caradeux-2022-rapet-pere-fils.png,04280.png
4281,https://www.vinatis.com/94128-fine_default/corton-vergennes-grand-cru-2022-domaine-chanson.png,04281.png
4282,https://www.vinatis.com/88805-fine_default/ripa-sinistra-2022-yves-cuilleron.png,04282.png
4283,https://www.vinatis.com/88809-fine_default/la-madiniere-2022-yves-cuilleron.png,04283.png
4284,https://www.vinatis.com/88815-fine_default/lieu-dit-bonnivieres-2022-yves-cuilleron.png,04284.png
4285,https://www.vinatis.com/70922-fine_default/adrianna-vineyard-mundus-bacillus-terrae-2019-catena-zapata.png,04285.png
4286,https://www.vinatis.com/70995-fine_default/masseto-2020-masseto.png,04286.png
4287,https://www.vinatis.com/71444-fine_default/blanc-la-crau-2021-domaine-du-vieux-telegraphe.png,04287.png
4288,https://www.vinatis.com/72107-fine_default/chambertin-grand-cru-2020-domaine-philippe-charlopin.png,04288.png
4289,https://www.vinatis.com/75354-fine_default/lytton-estate-petite-syrah-2019-ridge-vineyard.png,04289.png
4290,https://www.vinatis.com/85597-fine_default/la-muntada-2021-domaine-gauby.png,04290.png
4291,https://www.vinatis.com/76779-fine_default/chardonnay-les-noisetiers-2020-kistler.png,04291.png
4292,https://www.vinatis.com/92452-fine_default/corton-marechaudes-grand-cru-2015-louis-jadot.png,04292.png
4293,https://www.vinatis.com/84183-fine_default/clos-de-la-bergerie-2013-coulee-de-serrant.png,04293.png
4294,https://www.vinatis.com/78514-fine_default/general-de-la-revolution-2021-comte-abbatucci.png,04294.png
4295,https://www.vinatis.com/79365-fine_default/pouilly-fume-utopia-2021-domaine-jonathan-didier-pabiot.png,04295.png
4296,https://www.vinatis.com/81168-fine_default/artorius-2017-clos-de-la-cure.png,04296.png
4297,https://www.vinatis.com/82068-fine_default/le-coup-de-calcaire-2022-domaine-saint-sylvestre.png,04297.png
4298,https://www.vinatis.com/82071-fine_default/le-sang-du-papete-rouge-2021-domaine-saint-sylvestre.png,04298.png
4299,https://www.vinatis.com/93067-fine_default/pommard-1er-cru-les-arvelets-2021-domaine-a-f-gros.png,04299.png
4300,https://www.vinatis.com/94019-fine_default/hautes-cotes-de-nuits-blanc-2021-domaine-a-f-gros.png,04300.png
4301,https://www.vinatis.com/89256-fine_default/cayas-syrah-reserve-2021-domaine-jean-rene-germanier.png,04301.png
4302,https://www.vinatis.com/89345-fine_default/ornellaia-2021-ornellaia.png,04302.png
4303,https://www.vinatis.com/89346-fine_default/le-serre-nuove-2021-ornellaia.png,04303.png
4304,https://www.vinatis.com/89789-fine_default/blanc-2021-domaine-de-montcalmes.png,04304.png
4305,https://www.vinatis.com/89852-fine_default/coche-blanc-2022-niepoort.png,04305.png
4306,https://www.vinatis.com/89962-fine_default/prestige-2023-domaine-du-tunnel.png,04306.png
4307,https://www.vinatis.com/90328-fine_default/givry-1er-cru-a-vigne-rouge-2022-domaine-francois-lumpp.png,04307.png
4308,https://www.vinatis.com/90879-fine_default/dimanche-a-lima-2023-julien-pilon.png,04308.png
4309,https://www.vinatis.com/91008-fine_default/chianti-classico-san-giusto-a-rentennano-2022-san-giusto-a-rentennano.png,04309.png
4310,https://www.vinatis.com/91116-fine_default/blonde-du-seigneur-2021-domaine-georges-vernay.png,04310.png
4311,https://www.vinatis.com/91765-fine_default/charmes-chambertin-grand-cru-2019-arnaud-mortet.png,04311.png
4312,https://www.vinatis.com/91322-fine_default/marlene-n3-2014-domaine-peyre-rose.png,04312.png
4313,https://www.vinatis.com/91328-fine_default/roc-d-anglade-2022.png,04313.png
4314,https://www.vinatis.com/91331-fine_default/l-etincelle-2023-mas-cal-demoura.png,04314.png
4315,https://www.vinatis.com/91482-fine_default/cote-rotie-loss-2022-domaine-stephane-pichat.png,04315.png
4316,https://www.vinatis.com/91484-fine_default/condrieu-la-caille-2023-domaine-stephane-pichat.png,04316.png
4317,https://www.vinatis.com/54139-fine_default/buisson-renard-2018-domaine-didier-dagueneau.png,04317.png
4318,https://www.vinatis.com/61038-fine_default/grenache-pajarito-del-amor-2016-sine-qua-non.png,04318.png
4319,https://www.vinatis.com/63093-fine_default/m-autrement-2020-la-baronne.png,04319.png
4320,https://www.vinatis.com/65640-fine_default/chat-du-marquis-2019-herve-bizeul-associes.png,04320.png
4321,https://www.vinatis.com/65292-fine_default/mazoyeres-chambertin-grand-cru-2019-domaine-taupenot-merme.png,04321.png
4322,https://www.vinatis.com/65378-fine_default/gigondas-tradition-2021-domaine-du-gour-de-chaule.png,04322.png
4323,https://www.vinatis.com/71426-fine_default/la-reserve-d-o-rouge-2019-domaine-de-la-reserve-d-o.png,04323.png
4324,https://www.vinatis.com/69805-fine_default/blanc-2021-domaine-saint-sylvestre.png,04324.png
4325,https://www.vinatis.com/86305-fine_default/distenta-ii-syrah-2020-sine-qua-non.png,04325.png
4326,https://www.vinatis.com/86304-fine_default/distenta-ii-grenache-2020-sine-qua-non.png,04326.png
4327,https://www.vinatis.com/92990-fine_default/clos-des-grives-2021-blanc-domaine-laurent-combier.png,04327.png
4328,https://www.vinatis.com/83643-fine_default/chambolle-musigny-la-combe-d-orveau-2021-anne-gros.png,04328.png
4329,https://www.vinatis.com/83782-fine_default/chateau-haut-brion-2016-1er-cru-classe.png,04329.png
4330,https://www.vinatis.com/84667-fine_default/cote-de-beaune-blanc-les-pierres-blanches-2022-domaine-de-la-vougeraie.png,04330.png
4331,https://www.vinatis.com/91866-fine_default/les-landions-2022-domaine-des-landions.png,04331.png
4332,https://www.vinatis.com/91874-fine_default/volnay-1er-cru-les-fremiets-2022-henri-boillot.png,04332.png
4333,https://www.vinatis.com/91892-fine_default/meursault-1er-cru-les-genevrieres-2022-henri-boillot.png,04333.png
4334,https://www.vinatis.com/91893-fine_default/meursault-village-2022-henri-boillot.png,04334.png
4335,https://www.vinatis.com/91894-fine_default/clos-vougeot-grand-cru-2022-henri-boillot.png,04335.png
4336,https://www.vinatis.com/91895-fine_default/volnay-1er-cru-les-chevrets-2022-henri-boillot.png,04336.png
4337,https://www.vinatis.com/91896-fine_default/volnay-1er-cru-les-caillerets-2022-henri-boillot.png,04337.png
4338,https://www.vinatis.com/91897-fine_default/volnay-2022-henri-boillot.png,04338.png
4339,https://www.vinatis.com/91965-fine_default/meursault-1er-cru-genevrieres-2022-louis-jadot.png,04339.png
4340,https://www.vinatis.com/94382-fine_default/bonnes-mares-grand-cru-2022-domaine-bruno-clair.png,04340.png
4341,https://www.vinatis.com/97688-fine_default/domaine-blanc-2023-domaine-melody.png,04341.png
4342,https://www.vinatis.com/92437-fine_default/amphora-rouge-2023-sans-sulfites-ajoutes-clos-canarelli.png,04342.png
4343,https://www.vinatis.com/92642-fine_default/coudoulet-de-beaucastel-blanc-2023-famille-perrin.png,04343.png
4344,https://www.vinatis.com/94564-fine_default/nuits-saint-georges-1er-cru-rouge-clos-de-l-arlot-monopole-2022-domaine-de-l-arlot.png,04344.png
4345,https://www.vinatis.com/93518-fine_default/trelans-2020-domaine-chabanon.png,04345.png
4346,https://www.vinatis.com/93737-fine_default/chapelle-chambertin-grand-cru-2022-drouhin-laroze.png,04346.png
4347,https://www.vinatis.com/95681-fine_default/chablis-1er-cru-forets-2022-domaine-moreau-naudet.png,04347.png
4348,https://www.vinatis.com/32251-fine_default/les-vieux-clos-2015-coulee-de-serrant.png,04348.png
4349,https://www.vinatis.com/83981-fine_default/cote-rotie-bertholon-2015-domaine-stephane-ogier.png,04349.png
4350,https://www.vinatis.com/86303-fine_default/the-hated-hunter-2017-sine-qua-non.png,04350.png
4351,https://www.vinatis.com/84500-fine_default/gevrey-chambertin-1er-cru-les-champeaux-2021-denis-mortet.png,04351.png
4352,https://www.vinatis.com/84665-fine_default/pinot-noir-terres-de-famille-2022-domaine-de-la-vougeraie.png,04352.png
4353,https://www.vinatis.com/84666-fine_default/gevrey-chambertin-2022-domaine-de-la-vougeraie.png,04353.png
4354,https://www.vinatis.com/84880-fine_default/silex-blanc-2020-didier-dagueneau.png,04354.png
4355,https://www.vinatis.com/93068-fine_default/blanc-etc-2020-didier-dagueneau.png,04355.png
4356,https://www.vinatis.com/85696-fine_default/vosne-romanee-aux-reas-2021-domaine-a-f-gros.png,04356.png
4357,https://www.vinatis.com/88971-fine_default/langhe-gaia-rey-2021-gaja.png,04357.png
4358,https://www.vinatis.com/88745-fine_default/rully-1er-cru-blanc-2021-domaine-a-et-p-de-villaine.png,04358.png
4359,https://www.vinatis.com/87992-fine_default/el-val-godello-2022-bodegas-y-vinedos-cesar-marquez.png,04359.png
4360,https://www.vinatis.com/88241-fine_default/ballade-pur-chenin-2023-vignobles-aguilem.png,04360.png
4361,https://www.vinatis.com/88447-fine_default/chablis-grand-cru-vaudesir-2022-louis-michel-et-fils.png,04361.png
4362,https://www.vinatis.com/88458-fine_default/pernand-vergelesses-1er-cru-en-caradeux-2022-domaine-poisot.png,04362.png
4363,https://www.vinatis.com/88520-fine_default/corton-charlemagne-grand-cru-2022-rapet-pere-fils.png,04363.png
4364,https://www.vinatis.com/88522-fine_default/pernand-vergelesses-1er-cru-les-vergelesses-2022-rapet-pere-fils.png,04364.png
4365,https://www.vinatis.com/88731-fine_default/calvert-pinot-noir-2022-felton-road.png,04365.png
4366,https://www.vinatis.com/88906-fine_default/saint-amour-les-bambins-2023-les-bertrand.png,04366.png
4367,https://www.vinatis.com/91684-fine_default/maison-castel-terrasses-du-larzac-2021-chapitre-vii-l-equilibriste-series-limitees.png,04367.png
4368,https://www.vinatis.com/91687-fine_default/maison-castel-collioure-2020-chapitre-iv-sculpteurs-de-schistes-series-limitees.png,04368.png
4369,https://www.vinatis.com/91688-fine_default/maison-castel-chablis-1er-cru-vaillons-2022-chapitre-v-l-eveil-de-la-vallee-series-limitees.png,04369.png
4370,https://www.vinatis.com/91505-fine_default/pinot-noir-russian-river-valley-2022-kistler-vineyards.png,04370.png
4371,https://www.vinatis.com/91578-fine_default/pinot-noir-sonoma-coast-2022-kistler-vineyards.png,04371.png
4372,https://www.vinatis.com/91891-fine_default/puligny-montrachet-1er-cru-clos-de-la-mouchere-monopole-2022-henri-boillot.png,04372.png
4373,https://www.vinatis.com/91899-fine_default/bourgogne-pinot-noir-2022-henri-boillot.png,04373.png
4374,https://www.vinatis.com/91903-fine_default/calligramme-2022-domaine-de-belliviere.png,04374.png
4375,https://www.vinatis.com/91913-fine_default/savigny-les-beaune-1er-cru-aux-guettes-2022-doudet-naudin-domaine.png,04375.png
4376,https://www.vinatis.com/91927-fine_default/manon-2023-clos-marie.png,04376.png
4377,https://www.vinatis.com/94398-fine_default/marsannay-blanc-2022-domaine-bruno-clair.png,04377.png
4378,https://www.vinatis.com/94396-fine_default/vosne-romanee-les-champs-perdrix-2022-domaine-bruno-clair.png,04378.png
4379,https://www.vinatis.com/92165-fine_default/paso-las-manas-tinto-2022-bodegas-y-vinedos-artuke.png,04379.png
4380,https://www.vinatis.com/92198-fine_default/barolo-cannubi-2020-elio-altare.png,04380.png
4381,https://www.vinatis.com/94422-fine_default/nuits-saint-georges-1er-cru-blanc-clos-de-l-arlot-monopole-2022-domaine-de-l-arlot.png,04381.png
4382,https://www.vinatis.com/94424-fine_default/vosne-romanee-1er-cru-les-suchots-2022-domaine-de-l-arlot.png,04382.png
4383,https://www.vinatis.com/93373-fine_default/chateau-sainte-marguerite-fantastique-rouge-2022-cru-classe.png,04383.png
4384,https://www.vinatis.com/93611-fine_default/mercurey-1er-cru-la-mission-2022-chateau-de-chamirey.png,04384.png
4385,https://www.vinatis.com/93706-fine_default/quintessa-2021-quintessa.png,04385.png
4386,https://www.vinatis.com/95145-fine_default/corton-charlemagne-grand-cru-2019-domaine-jacques-prieur.png,04386.png
4387,https://www.vinatis.com/93736-fine_default/bonnes-mares-grand-cru-2022-drouhin-laroze.png,04387.png
4388,https://www.vinatis.com/95154-fine_default/gevrey-chambertin-les-dix-climats-2022-drouhin-laroze.png,04388.png
4389,https://www.vinatis.com/93945-fine_default/pouilly-fuisse-en-chatenay-2022-heritiers-du-comte-lafon.png,04389.png
4390,https://www.vinatis.com/69859-fine_default/deusyls-blanc-2019-domaine-de-la-peira-en-damaisela.png,04390.png
4391,https://www.vinatis.com/70820-fine_default/cuvee-reservee-2020-domaine-du-pegau.png,04391.png
4392,https://www.vinatis.com/72106-fine_default/clos-saint-denis-grand-cru-2020-domaine-philippe-charlopin.png,04392.png
4393,https://www.vinatis.com/72108-fine_default/bonnes-mares-grand-cru-2020-domaine-philippe-charlopin.png,04393.png
4394,https://www.vinatis.com/74947-fine_default/belle-leone-2012-peyre-rose.png,04394.png
4395,https://www.vinatis.com/76537-fine_default/fleurs-de-mai-2021-georges-vernay.png,04395.png
4396,https://www.vinatis.com/84278-fine_default/xxl-2019-domaine-de-la-janasse.png,04396.png
4397,https://www.vinatis.com/78257-fine_default/coulee-de-serrant-2021-vignobles-de-la-coulee-de-serrant.png,04397.png
4398,https://www.vinatis.com/98311-fine_default/la-muntada-2018-domaine-gauby.png,04398.png
4399,https://www.vinatis.com/78581-fine_default/cuvee-marcel-2022-marcel-lapierre.png,04399.png
4400,https://www.vinatis.com/78617-fine_default/saint-peray-ongrie-2022-domaine-alain-voge.png,04400.png
4401,https://www.vinatis.com/79139-fine_default/hermitage-2022-domaine-du-colombier.png,04401.png
4402,https://www.vinatis.com/79140-fine_default/hermitage-blanc-2022-domaine-du-colombier.png,04402.png
4403,https://www.vinatis.com/94129-fine_default/la-porte-du-ciel-2021-chateau-de-la-negly.png,04403.png
4404,https://www.vinatis.com/81382-fine_default/chateau-suduiraut-grand-vin-blanc-sec-vieilles-vignes-2020.png,04404.png
4405,https://www.vinatis.com/80214-fine_default/le-paradis-saint-pierre-blanc-2022-domaine-coursodon.png,04405.png
4406,https://www.vinatis.com/52509-fine_default/les-cotes-2017-domaine-julien-barge.png,04406.png
4407,https://www.vinatis.com/51496-fine_default/le-combard-2017-domaine-julien-barge.png,04407.png
4408,https://www.vinatis.com/61051-fine_default/eleven-confession-syrah-subir-2016-sine-qua-non.png,04408.png
4409,https://www.vinatis.com/60710-fine_default/vieux-chateau-certan-2020.png,04409.png
4410,https://www.vinatis.com/61860-fine_default/chambertin-grand-cru-2019-denis-mortet.png,04410.png
4411,https://www.vinatis.com/62282-fine_default/marsannay-les-longeroies-2019-denis-mortet.png,04411.png
4412,https://www.vinatis.com/62117-fine_default/l-heritiere-des-pierres-blanc-2019-domaine-saint-sylvestre.png,04412.png
4413,https://www.vinatis.com/84265-fine_default/chateau-ausone-2016-1er-grand-cru-classe-a.png,04413.png
4414,https://www.vinatis.com/67730-fine_default/foradori-2021-foradori.png,04414.png
4415,https://www.vinatis.com/89984-fine_default/chateau-grenouilles-2021-la-chablisienne.png,04415.png
4416,https://www.vinatis.com/89886-fine_default/adrianna-vineyard-white-stones-chardonnay-2021-catena-zapata.png,04416.png
4417,https://www.vinatis.com/90278-fine_default/karasi-2021-zorah.png,04417.png
4418,https://www.vinatis.com/90743-fine_default/faustine-blanc-2023-comte-abbatucci.png,04418.png
4419,https://www.vinatis.com/91766-fine_default/gevrey-chambertin-1er-cru-lavaux-saint-jacques-2021-arnaud-mortet.png,04419.png
4420,https://www.vinatis.com/94138-fine_default/gevrey-chambertin-cuvee-de-tres-vieilles-vignes-2021-arnaud-mortet.png,04420.png
4421,https://www.vinatis.com/91198-fine_default/volnay-reserve-personnelle-2022-aegerter.png,04421.png
4422,https://www.vinatis.com/91252-fine_default/percarlo-2020-san-giusto-a-rentennano.png,04422.png
4423,https://www.vinatis.com/93678-fine_default/belle-leone-2013-domaine-peyre-rose.png,04423.png
4424,https://www.vinatis.com/91326-fine_default/oro-2009-domaine-peyre-rose.png,04424.png
4425,https://www.vinatis.com/86206-fine_default/eleven-confession-grenache-subir-2018-sine-qua-non.png,04425.png
4426,https://www.vinatis.com/86205-fine_default/cuvee-catherine-pinot-noir-2020-occidental.png,04426.png
4427,https://www.vinatis.com/82540-fine_default/bodega-ridge-vineyard-pinot-noir-2020-occidental.png,04427.png
4428,https://www.vinatis.com/83644-fine_default/richebourg-grand-cru-2021-anne-gros.png,04428.png
4429,https://www.vinatis.com/83654-fine_default/barbaresco-2019-gaja.png,04429.png
4430,https://www.vinatis.com/84375-fine_default/croix-boissee-2020-bernard-baudry.png,04430.png
4431,https://www.vinatis.com/94924-fine_default/vosne-romanee-2022-domaine-louis-fleurot.png,04431.png
4432,https://www.vinatis.com/94895-fine_default/petrus-2015.png,04432.png
4433,https://www.vinatis.com/81874-fine_default/chateau-troplong-mondot-2022-1er-cru-classe-b.png,04433.png
4434,https://www.vinatis.com/82069-fine_default/rouge-2021-domaine-saint-sylvestre.png,04434.png
4435,https://www.vinatis.com/93456-fine_default/l-heritiere-des-pierres-2021-domaine-saint-sylvestre.png,04435.png
4436,https://www.vinatis.com/95711-fine_default/le-vallon-2022-domaine-milan.png,04436.png
4437,https://www.vinatis.com/97164-fine_default/montlouis-sur-loire-les-bournais-2023-francois-chidaine.png,04437.png
4438,https://www.vinatis.com/97277-fine_default/la-50-50-2023-anne-gros-et-jean-paul-tollot.png,04438.png
4439,https://www.vinatis.com/93578-fine_default/la-vialliere-2022-jean-michel-gerin.png,04439.png
